UserPreferencesId,UserId,NotificationsEnabled,Language,LocEnabled,Timezone,PreferredPaymentMethod,CreatedAt,UpdatedAt
a7ae3f00-1ab3-4c0c-b86c-a8f44c09f8bf,34f1c5c2-2fd0-498f-82ee-2d7de9307f68,0,el,0,Asia/Nicosia,,2025-11-17 16:41:20.312479+00:00,
30c60a66-d2fc-4573-947e-9fbaa25a37c2,c71ee15e-d683-449d-9813-6c09e70eed60,1,el,1,Asia/Nicosia,,2025-11-17 16:41:20.312479+00:00,
15581d31-1140-42dd-8ccf-42f88b541951,fc86b733-dce6-42ff-9b6c-2027490db2cb,1,el,0,Asia/Nicosia,,2025-11-17 16:41:20.312479+00:00,
b6d1c846-2339-47b7-ad8b-facb4236c919,77f1a5b5-6c83-4c71-af03-cb6bdcb1279d,1,el,0,Asia/Nicosia,,2025-11-17 16:41:20.312479+00:00,
29bd01cf-09a7-4004-9796-1221a269cdda,8e5f2594-1d39-4985-ba4a-d9c8ce9e6cd3,1,el,1,Asia/Nicosia,,2025-11-17 16:41:20.312479+00:00,
466c9470-00b8-437e-af15-0cac618341cd,5d2c4934-60cc-4596-9d03-f3e53bf39b9c,1,el,0,Asia/Nicosia,,2025-11-17 16:41:20.312479+00:00,
721fbb49-4bf5-4201-8e71-ea4a854fb136,3e8a5e47-e941-4615-895c-6cf6a5c373de,1,el,0,Asia/Nicosia,,2025-11-17 16:41:20.312479+00:00,
35b417ba-5e32-4da2-9e67-4dfb7ec0a1c1,3f3c47a5-bf37-4bf9-a9a3-6d24e5ebe4dc,1,el,0,Asia/Nicosia,,2025-11-17 16:41:20.312479+00:00,
aae178ba-208d-49be-863e-5c5a41c0f15a,79314e33-364f-4e4d-8aa2-c1f63580d307,1,el,0,Asia/Nicosia,,2025-11-17 16:41:20.312479+00:00,
5ec95996-7b6a-483b-ba31-8cb10b576fb2,006f359b-c76b-44d9-b83a-c6f72df61a7a,1,el,1,Asia/Nicosia,,2025-11-17 16:41:20.312479+00:00,
cda0370f-8d88-492a-af20-6c7001276438,7b11a04a-9e2a-49d8-9e36-2db746e4d842,1,el,1,Asia/Nicosia,,2025-11-17 16:41:20.312479+00:00,
191f60e1-8af4-41cb-afd3-b3ab2288b478,0a2130f6-e568-4d39-b4d3-5a37bfee0505,0,el,1,Asia/Nicosia,,2025-11-17 16:41:20.312479+00:00,
dbbff4ed-67b7-4584-a2cd-d1eb9117f85c,b451d7fb-afee-46b2-ba30-cf3f69a51bb9,0,el,0,Asia/Nicosia,,2025-11-17 16:41:20.312479+00:00,
93da4a8c-ef3a-4e5d-a5fc-28affdc96c0d,1eb75ab9-0272-4f7f-9d21-146aaeb3f1e8,1,el,0,Asia/Nicosia,,2025-11-17 16:41:20.312479+00:00,
3757faa9-56cb-479d-8bbc-0b7b8921b709,e19bccbb-2cb1-4dc5-bda6-c06d36911ef5,0,el,1,Asia/Nicosia,,2025-11-17 16:41:20.312479+00:00,
f98bd42b-8e6a-47de-910c-f2dab1b769d9,77b39fea-e3a2-4f33-875f-f2a0b6f7eea9,0,el,1,Asia/Nicosia,,2025-11-17 16:41:20.312479+00:00,
a9578a53-36ef-42d4-9460-5e62d0019d85,d79a3cbb-6ab8-4188-9f53-5cd81c10fac7,0,el,1,Asia/Nicosia,,2025-11-17 16:41:20.312479+00:00,
59d2ce87-cf2b-4b98-b77e-2b7247ed3d3c,8ec16c3a-7362-4e9a-a77c-8cff1b62f99c,1,el,0,Asia/Nicosia,,2025-11-17 16:41:20.312479+00:00,
124f8ed2-a15c-4c0e-a054-4d1eb9bd7b76,8c1c1614-d0fc-4d8e-8954-2ffe0b82dba4,1,el,1,Asia/Nicosia,,2025-11-17 16:41:20.312479+00:00,
77cfbc03-1d92-46ae-bcc0-9e8ad91e5e83,26d44670-7773-4964-9106-2a537e63690b,1,el,0,Asia/Nicosia,,2025-11-17 16:41:20.312479+00:00,
460c422d-e6b1-4798-af7f-5337e1474378,40ac66a4-3aa2-46b3-953c-b4ec73047a35,0,el,1,Asia/Nicosia,,2025-11-17 16:41:20.312479+00:00,
f043963e-f669-43a2-9159-551a1f5aa699,b55cc7a7-0e18-46de-8790-119b7e81f7b0,1,el,0,Asia/Nicosia,,2025-11-17 16:41:20.312479+00:00,
33eaf27b-58fd-4f6f-b32c-006729b9673d,767f092e-4e7f-4825-9907-a4a5f6861d19,0,el,0,Asia/Nicosia,,2025-11-17 16:41:20.312479+00:00,
7c4ecbe7-480e-44d5-8f65-722f7abea005,1f1f700a-9f67-4307-ae0b-5052a2019ec4,0,el,0,Asia/Nicosia,,2025-11-17 16:41:20.312479+00:00,
be03f9ea-f45e-4d51-b117-d3a9e5ea52f8,cecc65d6-01e5-4660-b3d9-f0442c646de8,1,el,0,Asia/Nicosia,,2025-11-17 16:41:20.312479+00:00,
b091f908-1111-4f1c-8932-315eeb583107,35f6e2f7-c8e0-4b94-8f95-788586654a9d,0,el,1,Asia/Nicosia,,2025-11-17 16:41:20.312479+00:00,
779c23ba-f7be-41e1-9246-09e493417787,36d68ae5-1404-4c95-abcf-3e82c353f361,1,el,1,Asia/Nicosia,,2025-11-17 16:41:20.312479+00:00,
3c8e0adf-3ee5-4390-8f0f-d1c36ad041f0,8cbd1320-c82e-458d-9541-b9d457383b45,0,el,0,Asia/Nicosia,,2025-11-17 16:41:20.312479+00:00,
67c26302-5a19-4319-a5da-b96d699d2b9d,7424e2a7-7068-4ac5-8d1d-85211cf7ab3c,0,el,1,Asia/Nicosia,,2025-11-17 16:41:20.312479+00:00,
5516ec62-066d-475b-beb3-531612c8e1eb,4f5bd634-9bdd-498d-b12a-2a7b3b8ef74a,1,el,1,Asia/Nicosia,,2025-11-17 16:41:20.312479+00:00,
f558a42c-594b-47a6-b8c8-8c4c523e9cd7,08c71b21-9815-49c1-a9c3-3096b610c6f8,0,el,1,Asia/Nicosia,,2025-11-17 16:41:20.312479+00:00,
ae838518-d78d-46e8-b94a-b7f7d0bc48fe,27c6e5c0-7f3c-44b0-b89a-61bb0b2b8a6a,0,el,0,Asia/Nicosia,,2025-11-17 16:41:20.312479+00:00,
45e9d6f5-2a51-40fb-828a-d170446672a8,e7778643-8ef8-4f83-8853-4a7237110bd9,1,el,1,Asia/Nicosia,,2025-11-17 16:41:20.312479+00:00,
e5ac7067-7e08-43a6-b09f-8977488cee40,2d4e196c-e319-462a-87a1-03dd6a976010,0,el,1,Asia/Nicosia,,2025-11-17 16:41:20.312479+00:00,
f9f477fb-1594-46e2-98f1-e0e0e040378e,ece2b1bd-f2fc-47b2-b3c9-205a7b1617e7,1,el,0,Asia/Nicosia,,2025-11-17 16:41:20.312479+00:00,
ffd67975-90a2-406b-9fd8-e884ba6563dc,2aa5a33e-2964-4d55-a704-165efb437278,1,el,1,Asia/Nicosia,,2025-11-17 16:41:20.312479+00:00,
7212141d-cf2e-432b-9965-1289e9c8f781,5b7d1d2d-6daa-4b22-9c62-bc51a6d3b8cb,1,el,1,Asia/Nicosia,,2025-11-17 16:41:20.312479+00:00,
38febb34-4afe-4b2d-bd6d-d513a7a8d3c4,22c23f47-298d-4a98-9dd3-7cea43f75639,1,el,0,Asia/Nicosia,,2025-11-17 16:41:20.312479+00:00,
ffcebd7a-ddde-4449-871b-47e776bf5184,604554aa-55df-4bc0-8fe8-e17807729a56,0,el,1,Asia/Nicosia,,2025-11-17 16:41:20.312479+00:00,
a6eecc6b-34b3-43c2-b651-7cc93b9334d0,d7b7d4fe-de4c-4dc2-a1fd-a9734d966b3e,1,el,0,Asia/Nicosia,,2025-11-17 16:41:20.312479+00:00,
01419da7-53d3-4eea-9c79-8ce604a489ea,89081dc5-bf4d-4f2b-b764-1e3946a8400f,0,el,0,Asia/Nicosia,,2025-11-17 16:41:20.312479+00:00,
3823c20f-e87d-48f8-8d7d-d85d8cfe2eb9,494849ad-0839-4fc8-972c-24bc345068ae,0,el,0,Asia/Nicosia,,2025-11-17 16:41:20.312479+00:00,
183e9714-bbbd-4f78-9c4e-92f7bf4ee590,fd39ce6d-e9f9-4dbd-b732-a9cabdf4d246,1,el,1,Asia/Nicosia,,2025-11-17 16:41:20.312479+00:00,
358be6c6-f248-4f86-87cf-07aae84f4167,ae548351-f982-4db8-9b40-fe7bc2820116,0,el,0,Asia/Nicosia,,2025-11-17 16:41:20.312479+00:00,
5ec152e6-0bfc-4197-a193-8c23bd0082ed,cf061f10-23e9-4d9c-a9a4-7e1a978b4a08,1,el,1,Asia/Nicosia,,2025-11-17 16:41:20.312479+00:00,
df0ff5c1-93cc-4cc7-bb6e-15e5890a41b5,083b506c-52f3-4c6c-bfcd-e1252037483e,0,el,0,Asia/Nicosia,,2025-11-17 16:41:20.312479+00:00,
7490e10a-ddaa-4274-b796-b3c6b5c57cc6,0a43c438-bdf0-4fd3-8b2f-a9fe6408671a,0,el,1,Asia/Nicosia,,2025-11-17 16:41:20.312479+00:00,
ddec1aa6-42ac-4b46-8533-9595d162eb8d,cf8ca6b8-b7d1-4864-931a-8a7eb3ac5c19,1,el,1,Asia/Nicosia,,2025-11-17 16:41:20.312479+00:00,
b6c34b01-785e-4ecc-9963-f21410d00b96,ad6db4e3-416e-4694-bb9b-5e55a52e6e3f,0,el,0,Asia/Nicosia,,2025-11-17 16:41:20.312479+00:00,
92d9c9af-642a-458a-a342-73f94dd47a43,10668438-e1fb-4773-9164-23ba526f21e9,0,el,0,Asia/Nicosia,,2025-11-17 16:41:20.312479+00:00,
4c72ab98-b06b-4b5c-8857-23ea446c4fb5,88d98a5b-3fe8-4d44-9262-e8081393a7c5,0,el,0,Asia/Nicosia,,2025-11-17 16:41:20.312479+00:00,
c367ab43-ccdd-4862-bfb2-c726539aa1ea,08e86aae-a4a6-49e4-8ef2-f0b91703e800,1,el,1,Asia/Nicosia,,2025-11-17 16:41:20.312479+00:00,
95983e52-b186-45f5-ab26-77464b117472,f3ba4c74-e21a-4f07-9f26-d672b3795616,1,el,1,Asia/Nicosia,,2025-11-17 16:41:20.312479+00:00,
1e981daf-f217-49ba-acf5-3d47f682b3ab,c6851f26-8de8-4026-a65e-96d1ea44efab,0,el,0,Asia/Nicosia,,2025-11-17 16:41:20.312479+00:00,
ed18050e-6b40-4897-9995-f4ced4dc82aa,75ca8dda-8fdf-4a06-993c-51e1711fdedd,0,el,0,Asia/Nicosia,,2025-11-17 16:41:20.312479+00:00,
5c263b48-56e2-4a5f-87e1-127c069180d5,3ba3dc54-cf19-4ba7-894f-4ca22f196eac,0,el,0,Asia/Nicosia,,2025-11-17 16:41:20.312479+00:00,
fc26286f-c9b0-4328-af6a-72126ab93388,a2a574bd-03e3-423d-a3a5-9d6a951657cf,0,el,1,Asia/Nicosia,,2025-11-17 16:41:20.312479+00:00,
88e07443-6e34-43de-993a-7463714143ea,cd73386d-c372-4565-a361-b8d1b7111d5c,1,el,1,Asia/Nicosia,,2025-11-17 16:41:20.312479+00:00,
256ce155-1712-4638-ae49-807f23b58386,b0577c46-0a5e-4a49-a237-d0b21d159845,0,el,0,Asia/Nicosia,,2025-11-17 16:41:20.312479+00:00,
52cc936c-eb34-490b-9f4d-5e93c58840ae,defb1475-16ed-4256-82ee-8219a17fb57e,1,el,0,Asia/Nicosia,,2025-11-17 16:41:20.312479+00:00,
7b804549-e5b8-4678-b747-3cec4093c0ad,4e87f801-d07f-431e-9636-9d93148854de,1,el,0,Asia/Nicosia,,2025-11-17 16:41:20.312479+00:00,
940cd164-dda0-4b58-8d8f-1f69beaa300d,ed451c6b-52e1-4cae-a0ae-0b72adc6a99c,0,el,1,Asia/Nicosia,,2025-11-17 16:41:20.312479+00:00,
3e349029-9dc5-40db-8efe-7e1aac1c129f,d1835e01-0711-4852-afa7-f225b0f8ba23,1,el,1,Asia/Nicosia,,2025-11-17 16:41:20.312479+00:00,
865f3fe7-d623-4484-a7e6-6c6e67c103f9,57bf44ad-93c7-4da9-919c-d34c1ad51399,1,el,1,Asia/Nicosia,,2025-11-17 16:41:20.312479+00:00,
38e02b21-7605-4cf2-aa28-dc3b6dbb0bee,fa8bc81a-b9cc-41dc-a1ad-921bf62cd6a4,1,el,0,Asia/Nicosia,,2025-11-17 16:41:20.312479+00:00,
7d800a33-18db-41b5-bb27-2e67920be97e,97a51194-4c6c-44de-9b49-307a7de81b22,0,el,1,Asia/Nicosia,,2025-11-17 16:41:20.312479+00:00,
3debf8fa-e903-4e91-8f07-340027aae4e6,c4a7a26c-6f5a-4ba9-b162-d93ee9e49df0,0,el,0,Asia/Nicosia,,2025-11-17 16:41:20.312479+00:00,
16a1dfe1-af40-4497-8372-0773511f5e44,d3cb6797-2f7a-494f-be18-17cd7d70b31a,0,el,0,Asia/Nicosia,,2025-11-17 16:41:20.312479+00:00,
4cc1c91f-aede-4297-ab90-0c6a007649e7,3f3c9986-3a4a-4e14-9b47-8886b582f4e1,1,el,1,Asia/Nicosia,,2025-11-17 16:41:20.312479+00:00,
cd548b1e-a30d-4a6f-8f39-751291b454da,c4d95b1a-dc68-41b3-a036-13d7dbb64d95,0,el,0,Asia/Nicosia,,2025-11-17 16:41:20.312479+00:00,
134b94be-5945-4828-97ed-f36a128994ed,bf52d3d7-04fa-4d3a-a1e2-6a60d3318bca,1,el,1,Asia/Nicosia,,2025-11-17 16:41:20.312479+00:00,
a4406b24-dfcb-4dac-a03d-b9f225e3c012,1b0588ef-1287-45c5-8f35-7f6163c76834,1,el,0,Asia/Nicosia,,2025-11-17 16:41:20.312479+00:00,
94a86372-a466-4fe5-b202-b5a629d187c0,35c1dd0a-91e0-4b1f-bf5b-52307fbe0ef6,1,el,0,Asia/Nicosia,,2025-11-17 16:41:20.312479+00:00,
d83e7168-3bb9-4ffe-bdda-0022bfdb9a0b,f5e0b3a3-17ec-4ec1-ad52-a77d82489e40,0,el,0,Asia/Nicosia,,2025-11-17 16:41:20.312479+00:00,
5aaabbfd-51c2-4338-ab1a-1e6163da1908,59c480c0-ffc0-4496-b19a-151bb549bce7,1,el,0,Asia/Nicosia,,2025-11-17 16:41:20.312479+00:00,
15f21615-a890-4b85-a632-ba776207c752,5f35b574-98d2-4e30-904b-6c002b6bb81e,1,el,0,Asia/Nicosia,,2025-11-17 16:41:20.312479+00:00,
1b9c95a9-0761-41bb-87a7-6c6fe68fea67,2524582e-3940-45c9-a6b0-7a89c19673bb,1,el,1,Asia/Nicosia,,2025-11-17 16:41:20.312479+00:00,
dcb4cec9-0cec-4707-945e-7bafc970662d,c91062c8-4fcc-4791-9668-15cd198ca6f3,0,el,0,Asia/Nicosia,,2025-11-17 16:41:20.312479+00:00,
38f08866-ab2a-4a6c-be57-5c2ce8d9918b,5cd9e999-9360-4aab-96b4-74c69eaa11ec,0,el,1,Asia/Nicosia,,2025-11-17 16:41:20.312479+00:00,
821bab29-82ff-4a60-91c7-4588e6c31813,ecac87a4-b350-4d21-a89c-2b73deebffb5,1,el,0,Asia/Nicosia,,2025-11-17 16:41:20.312479+00:00,
1f188989-fa7c-4e0a-ae0a-ec74959558a7,354d8f5a-87a6-480b-bed9-497b0836f1f9,0,el,1,Asia/Nicosia,,2025-11-17 16:41:20.312479+00:00,
9b8eb632-b39b-48f1-a19c-af0716a836bb,e7ff1639-1cb7-4c6b-9ff5-78cb64576819,1,el,0,Asia/Nicosia,,2025-11-17 16:41:20.312479+00:00,
c60c3124-06c9-4785-9208-fad73bda3a22,ab499f77-ae29-4ee8-92de-94334c62ee4f,1,el,1,Asia/Nicosia,,2025-11-17 16:41:20.312479+00:00,
d47273ac-e33d-4b0a-a50d-997f300aa643,19a4b2f4-de67-484f-9865-0b8d3eb79d6f,0,el,0,Asia/Nicosia,,2025-11-17 16:41:20.312479+00:00,
12158ce1-0f7c-4b9d-b91e-c33f87318b2f,95af1693-c238-4d0e-b6fc-9fc5e2631fff,1,el,1,Asia/Nicosia,,2025-11-17 16:41:20.312479+00:00,
6c9bc347-ae7b-44eb-b644-372252c2c0de,dd189399-f3c3-473c-b93e-db8daa069a02,0,el,1,Asia/Nicosia,,2025-11-17 16:41:20.312479+00:00,
db9851fd-c132-48c2-b36e-3189959b035b,e18c87fe-cddf-43e5-996f-33d6d56e3e29,1,el,1,Asia/Nicosia,,2025-11-17 16:41:20.312479+00:00,
0520093b-bf52-46b6-a047-7dcd80e824cd,edfa8b43-7b87-498f-a523-c1d12594da49,0,el,0,Asia/Nicosia,,2025-11-17 16:41:20.312479+00:00,
4d4383bb-a9a4-45cc-ad5d-08a225c22697,4c046bd5-3567-4af0-80a0-7ce3ccb44cb8,1,el,0,Asia/Nicosia,,2025-11-17 16:41:20.312479+00:00,
5fc3ff2f-bb69-4da4-892c-3294b4475a3c,0e5760f0-6df7-40dd-96e9-494520c54883,1,el,1,Asia/Nicosia,,2025-11-17 16:41:20.312479+00:00,
7b912d21-5f7d-41c6-bce3-443fb6f4f54a,dfb6121e-584f-4d08-8f21-0e8ed2bbb1c1,0,el,0,Asia/Nicosia,,2025-11-17 16:41:20.312479+00:00,
72536f4a-4c6c-48a6-89b0-b645ddedf99c,339c039c-e469-4cd2-be63-d0fa22d34f90,1,el,1,Asia/Nicosia,,2025-11-17 16:41:20.312479+00:00,
8eb2242f-9694-4c3d-958d-0a88b069a1bc,71ed5937-d149-4324-9910-1b1dca0073cc,0,el,0,Asia/Nicosia,,2025-11-17 16:41:20.312479+00:00,
835eb255-570e-4ede-b4f6-aa94d5a62316,feda5c19-97df-4057-828e-e5c873a143d0,1,el,1,Asia/Nicosia,,2025-11-17 16:41:20.312479+00:00,
bcf3cc6e-237a-4d2d-a3a9-1cbaffd261f8,9356d56c-4bc2-4a73-b369-be7843823090,1,el,1,Asia/Nicosia,,2025-11-17 16:41:20.312479+00:00,
8d20688e-3b2c-4259-8c38-b05dead9169a,cd062250-75dc-4fce-a400-abc1d961ff4a,0,el,1,Asia/Nicosia,,2025-11-17 16:41:20.312479+00:00,
15856e9a-ce05-437f-b339-33b7b58690b7,af7e89b2-c015-441f-8ffb-e5edb3a868f4,0,el,0,Asia/Nicosia,,2025-11-17 16:41:20.312479+00:00,
b842015a-8790-465d-b95d-7a1cad7995b9,9c790307-ee51-446a-a26b-50926d3fdeeb,0,el,1,Asia/Nicosia,,2025-11-17 16:41:20.312479+00:00,
38b3b83f-0da3-4ca0-b11c-7b94a0f8c28c,1cecd1ca-125d-4021-a0d5-f13ce55c16d1,1,el,0,Asia/Nicosia,,2025-11-17 16:41:20.312479+00:00,
21130308-d8d7-497e-8868-d3bcdbd558bc,571fb507-c4cc-46d1-bcb0-2e8bb3f259ba,1,el,1,Asia/Nicosia,,2025-11-17 16:41:20.312479+00:00,
55c6438d-3703-4212-bc8f-707362254d80,cf33a292-9acb-4d55-909d-2570c82a5582,0,el,0,Asia/Nicosia,,2025-11-17 16:41:20.312479+00:00,
10b965be-1dd0-4faa-b9a1-26808183c941,e787b342-a7b9-491f-bdbf-5da91a420c9d,0,el,1,Asia/Nicosia,,2025-11-17 16:41:20.312479+00:00,
bff52aa8-de54-4242-ad1a-b0bfee606871,225e93a9-dbac-4f97-bd8a-7ca992401716,0,el,0,Asia/Nicosia,,2025-11-17 16:41:20.312479+00:00,
505ff84f-381b-40a6-93d7-737b1f16cf7b,e39c4ee9-0535-41a6-8d1e-0ce954a96744,0,el,1,Asia/Nicosia,,2025-11-17 16:41:20.312479+00:00,
1bdd84d3-e9cb-41da-b418-f66f18d024ee,9682235f-702e-44b8-9fe4-b1549897a227,1,el,1,Asia/Nicosia,,2025-11-17 16:41:20.312479+00:00,
70ead839-21e5-4a6c-91d7-c03706c7e862,534ddc5e-1614-4a50-aff4-cb66536e818d,1,el,0,Asia/Nicosia,,2025-11-17 16:41:20.312479+00:00,
c27f01a9-fbbb-4c8c-96cd-cf6cfd206e7d,f619c86e-334f-4a65-bb4a-daddf69813b8,1,el,1,Asia/Nicosia,,2025-11-17 16:41:20.312479+00:00,
7768a6ee-caf4-41af-8aee-c1fdc2c09e7d,abcb0242-f11f-462e-b06e-20b4b23ddb81,1,el,0,Asia/Nicosia,,2025-11-17 16:41:20.312479+00:00,
271f1f9a-d6d8-47c2-b01c-d69cea5f77c5,3699862a-8890-4775-836b-e78ecc05be19,0,el,1,Asia/Nicosia,,2025-11-17 16:41:20.312479+00:00,
b9fe3285-6000-47b8-870c-5bb65b5ff9c1,089b77d0-c318-4cbb-abe5-ca9bc90ec207,1,el,0,Asia/Nicosia,,2025-11-17 16:41:20.312479+00:00,
365f013a-5ee3-4185-9ff8-a0042847a5d7,5259ee93-b7a0-451f-9d91-40d397b208ab,1,el,0,Asia/Nicosia,,2025-11-17 16:41:20.312479+00:00,
ef41e741-7896-4af8-b424-c995acb194e0,4830d64c-c211-4df8-a00e-1aea0b62357b,1,el,0,Asia/Nicosia,,2025-11-17 16:41:20.312479+00:00,
bbd5c32e-dda8-40a3-8d8c-72b8d6293e49,45b52b9a-3911-465c-b305-436759679a33,0,el,0,Asia/Nicosia,,2025-11-17 16:41:20.312479+00:00,
29b625a3-4156-4550-8e6d-cbe4d42d25d6,0840c161-60bb-4729-8ac4-6dce1497d9b4,0,el,1,Asia/Nicosia,,2025-11-17 16:41:20.312479+00:00,
70e45ead-35da-4d22-9156-e66966e650f9,58611945-740c-4a91-bacb-b8b571951ad0,1,el,0,Asia/Nicosia,,2025-11-17 16:41:20.312479+00:00,
8a816e32-ae69-42d7-9a8b-0043b1466255,7cfcf814-27d2-4055-98ea-b6d77d970a61,0,el,1,Asia/Nicosia,,2025-11-17 16:41:20.312479+00:00,
45d86ef4-5354-4569-8730-e3a03dbb8080,653cfc79-5640-4758-87f3-e1bde76edb63,1,el,0,Asia/Nicosia,,2025-11-17 16:41:20.312479+00:00,
ee9ccc21-de4d-4499-a91b-7e05b05ed26a,beff10f0-b6b3-48fa-a5bf-d2d2ec35c068,0,el,1,Asia/Nicosia,,2025-11-17 16:41:20.312479+00:00,
b59dd9f9-549d-4a6b-95e3-36f24c7bd0a6,1f73740a-5af2-43e7-ad09-d6249ed04129,0,el,1,Asia/Nicosia,,2025-11-17 16:41:20.312479+00:00,
6018ea20-d408-4966-8e49-4f09a473315a,a04cf561-0d4e-48bf-bfd8-27884b98ef18,0,el,0,Asia/Nicosia,,2025-11-17 16:41:20.312479+00:00,
05afa1ad-6891-4bd4-a380-7970a503fd16,ada94599-70fd-40aa-a031-57569b87f5fc,1,el,1,Asia/Nicosia,,2025-11-17 16:41:20.312479+00:00,
8cb3a40a-9ce8-45f8-8094-e92354b4acd6,2fc4d3a6-268e-4117-85f2-2d81865c2765,1,el,0,Asia/Nicosia,,2025-11-17 16:41:20.312479+00:00,
7b561de5-2a5c-4780-8151-9b25ce584d74,06d244ec-3aa9-4d81-bff3-0eb8723c923f,0,el,1,Asia/Nicosia,,2025-11-17 16:41:20.312479+00:00,
6f3e3868-b6f1-42af-8529-116552f8465b,eeb3fe64-9734-43bf-a9c5-82a37bd70fdf,0,el,0,Asia/Nicosia,,2025-11-17 16:41:20.312479+00:00,
7fb3549f-33e8-4596-8593-938ebc1df924,e74a49e3-cbba-4cee-93f3-55f4cb101d90,0,el,0,Asia/Nicosia,,2025-11-17 16:41:20.312479+00:00,
f76c26f6-3172-4067-bad8-880cbeaa18d2,f775919c-d424-44f6-a40c-b4c38b3af2f4,0,el,0,Asia/Nicosia,,2025-11-17 16:41:20.312479+00:00,
5e7cecef-3793-4198-9b51-21c303b9a4a4,05599b7a-ffe6-4b8e-bfaf-daf9b30ab554,1,el,1,Asia/Nicosia,,2025-11-17 16:41:20.312479+00:00,
11163787-0f03-408b-a385-0cd624601f5d,77730cb9-7b1c-4781-8312-9d0ff94fa1da,0,el,0,Asia/Nicosia,,2025-11-17 16:41:20.312479+00:00,
0cfd7ee7-f362-4981-8dc1-e8bfbbc2a4e7,f20f5ac7-d301-491e-b3e9-f18b569f1931,1,el,1,Asia/Nicosia,,2025-11-17 16:41:20.312479+00:00,
ec703dc0-985f-4788-bdfa-11b91e50a9d1,26851a41-a99b-4466-8c3a-5ab9f88fb24c,0,el,1,Asia/Nicosia,,2025-11-17 16:41:20.312479+00:00,
eb03728d-d9e8-4552-b13a-b0db7f89770e,ab735cc2-34c1-498c-ad3a-de4b23610c73,0,el,0,Asia/Nicosia,,2025-11-17 16:41:20.312479+00:00,
bad22609-40ae-4d16-b603-f7a7a3a16f6c,68cbe6a7-d1ef-436e-aaef-a477843e0601,1,el,0,Asia/Nicosia,,2025-11-17 16:41:20.312479+00:00,
7d9e914f-f810-4c6d-aa5a-b1562bab6ffc,88dbfb4a-a00d-485d-98ae-4169ef2745fe,0,el,1,Asia/Nicosia,,2025-11-17 16:41:20.312479+00:00,
42b33a62-145a-486e-9df2-d3b4d2dddd84,5f2c7847-9545-427b-bf17-48e6c56bbeb7,1,el,0,Asia/Nicosia,,2025-11-17 16:41:20.312479+00:00,
d6255a82-49fe-49c9-adc2-ce291729fe51,ffbfc43b-d9f9-4766-9624-5980d4eb49f0,0,el,0,Asia/Nicosia,,2025-11-17 16:41:20.312479+00:00,
c91e7c2f-b7ab-4414-b6c5-2cfc90aa9143,4c04ba15-f6f2-48f5-a94c-544be5881d70,1,el,1,Asia/Nicosia,,2025-11-17 16:41:20.312479+00:00,
6d24a0ce-5412-4952-82cb-46c34adf1159,f5d3b112-2a54-4294-8c6e-1d17fca3f784,0,el,0,Asia/Nicosia,,2025-11-17 16:41:20.312479+00:00,
bc35294e-b85c-45bd-873d-3a6674b0d139,c6612750-6dae-4096-80ca-0008d561b1cc,0,el,1,Asia/Nicosia,,2025-11-17 16:41:20.312479+00:00,
1f8b9f64-1d4b-4782-ab30-054a9161dc0d,2b394ff7-ccfa-4938-9c5b-141f643c5032,0,el,0,Asia/Nicosia,,2025-11-17 16:41:20.312479+00:00,
b56583d4-3755-4d55-ad20-250de26efef6,986989c9-d496-4c47-970e-1d16b17cb3cc,1,el,1,Asia/Nicosia,,2025-11-17 16:41:20.312479+00:00,
e51af38d-688d-48b9-9113-eb181f25837c,ca158015-7a33-4bf3-8e1a-e406040f5020,1,el,1,Asia/Nicosia,,2025-11-17 16:41:20.312479+00:00,
fc11e1b5-c175-49f7-b894-dcb94185ea27,02a46282-5c0c-42a2-a690-2f8e7e479bbd,1,el,1,Asia/Nicosia,,2025-11-17 16:41:20.312479+00:00,
97d4c40e-5ebd-4281-bcd0-fc5743a6911f,2c6332fc-83a2-44e7-b14b-0ff80a1b6d98,0,el,0,Asia/Nicosia,,2025-11-17 16:41:20.312479+00:00,
15c5e2e0-9346-4269-9381-e27dff9d1de7,d10744c1-522d-476b-850a-af9361f6e244,1,el,0,Asia/Nicosia,,2025-11-17 16:41:20.312479+00:00,
a0444836-8a7f-449b-8c1c-15771ee47bfa,55e3f742-5d89-4f77-ab7b-edff2dbbca0a,1,el,1,Asia/Nicosia,,2025-11-17 16:41:20.312479+00:00,
98463bcb-891d-4804-9cd7-a3e9ea403d52,41562e4e-ee25-4aae-8657-798a7a0ea19e,1,el,1,Asia/Nicosia,,2025-11-17 16:41:20.312479+00:00,
a7ed8efc-140b-434c-aeba-76c9da36f4ee,d65c92e4-bcd8-48a6-9f39-46475519b9c6,1,el,0,Asia/Nicosia,,2025-11-17 16:41:20.312479+00:00,
141b53bf-6b23-4fd5-8154-330150b8b898,39881fec-54e4-4fae-9968-6715d627b2e2,1,el,1,Asia/Nicosia,,2025-11-17 16:41:20.312479+00:00,
442171ed-9d08-48a4-b8a2-f0400c00b6b2,a60a4b84-0eda-4f4b-a15e-e8fe21112d22,1,el,1,Asia/Nicosia,,2025-11-17 16:41:20.312479+00:00,
da0b391e-d9aa-43aa-ab5e-ebc1f6c40370,780ce802-b2b8-4a7f-8499-5671259047bd,1,el,1,Asia/Nicosia,,2025-11-17 16:41:20.312479+00:00,
1ef31c94-2768-4ed7-8682-035f28688ba7,51661a77-4fc7-4de2-83fa-35c32fd061be,1,el,0,Asia/Nicosia,,2025-11-17 16:41:20.312479+00:00,
497ea8d0-f6ef-405b-863e-c1b9c5fed76b,63bfaa73-40c9-4e5d-a4f3-26a725c1a3f1,1,el,0,Asia/Nicosia,,2025-11-17 16:41:20.312479+00:00,
6cdc1b30-9d00-4fb2-8a9e-0051bcadf02f,9df8057b-2afc-4711-a82c-84f2040b0b22,0,el,0,Asia/Nicosia,,2025-11-17 16:41:20.312479+00:00,
07e8e3bc-01ca-441f-a916-659a98f772a7,7574513e-66e6-4a7f-9d5c-3a78e168ba99,1,el,1,Asia/Nicosia,,2025-11-17 16:41:20.312479+00:00,
39d6e796-1bfd-4e96-9f96-99cd00716721,6e06491d-7a96-4a5e-9c4a-6ca98b9b1602,1,el,0,Asia/Nicosia,,2025-11-17 16:41:20.312479+00:00,
9e314e35-4ff5-47c5-a090-2ae6f118b836,d542df28-c69c-49cc-b5a1-eeef45d2e0eb,0,el,1,Asia/Nicosia,,2025-11-17 16:41:20.312479+00:00,
dc7f9de1-e9cd-4b9b-bd1a-86c38dfdfda7,a4d6dea3-d098-493e-a11f-eaa73dad1304,0,el,0,Asia/Nicosia,,2025-11-17 16:41:20.312479+00:00,
a7f6dee3-5375-4991-a213-9a46224d5862,87f35da7-15ae-4a65-acb4-5f21a9383229,1,el,0,Asia/Nicosia,,2025-11-17 16:41:20.312479+00:00,
1c74c803-9736-4fc8-890e-5609bf21fd0f,4812a345-7356-4627-b557-618b3c783669,1,el,1,Asia/Nicosia,,2025-11-17 16:41:20.312479+00:00,
e22caabf-5046-49ce-9c40-a437f043f7e3,c31c306b-e179-4cdf-a445-fd5da8d22491,0,el,1,Asia/Nicosia,,2025-11-17 16:41:20.312479+00:00,
21a85bd6-88ec-4d09-92c5-8399a733241f,cef29e1c-fd06-4780-88ae-6094ea986605,0,el,1,Asia/Nicosia,,2025-11-17 16:41:20.312479+00:00,
1425324c-dfbb-4aa1-9080-284e8cb8f7b4,40b8892c-315f-4fad-887b-72e06fcae965,1,el,0,Asia/Nicosia,,2025-11-17 16:41:20.312479+00:00,
3c61f409-ada5-486c-ae64-e8fc9361f4eb,52327443-9dbb-45de-9b32-7be82d77e610,0,el,0,Asia/Nicosia,,2025-11-17 16:41:20.312479+00:00,
416df722-72b1-49a2-9afc-e4a8df0225fb,30c3f1f6-e136-4dd3-afa3-953f2473ce3a,0,el,1,Asia/Nicosia,,2025-11-17 16:41:20.312479+00:00,
45fd1d89-6a86-4d88-af83-4d218554272c,9adaa6f1-d2ff-4183-b561-9d78b7f0ff48,1,el,0,Asia/Nicosia,,2025-11-17 16:41:20.312479+00:00,
8461841c-c0f4-4df3-894d-bc5cd15fa9c6,efd861df-4437-4b5a-a0dd-b89a1813bb9a,1,el,0,Asia/Nicosia,,2025-11-17 16:41:20.312479+00:00,
5d2d590c-f99e-4217-b6e9-5f20a1e6ca6b,a6963079-3ee6-4df4-a636-0c23fda3c261,1,el,0,Asia/Nicosia,,2025-11-17 16:41:20.312479+00:00,
3f735c7c-6468-4029-8ff5-32bbd0a5e022,b06568a0-cfa7-4737-aab2-5626a23cca19,0,el,0,Asia/Nicosia,,2025-11-17 16:41:20.312479+00:00,
772705d8-812d-4c03-b108-e02522e04bab,ba1da117-c341-4aee-97cd-6c4d65516f60,0,el,1,Asia/Nicosia,,2025-11-17 16:41:20.312479+00:00,
bbb5e51f-c779-4e36-a481-c5ab2dd86b56,ba273fcd-3d50-4fcb-a50e-38cb1b03c25e,0,el,1,Asia/Nicosia,,2025-11-17 16:41:20.312479+00:00,
8d44b008-b2a0-4058-8617-f11876cfe55d,24f398e1-38a2-4a7b-b62f-33ca52ea6500,0,el,1,Asia/Nicosia,,2025-11-17 16:41:20.312479+00:00,
d21c6734-72bf-4ec0-87de-08ac5c4d8a2a,e72b2c82-d637-44e5-ae6e-5892ba7884ae,0,el,0,Asia/Nicosia,,2025-11-17 16:41:20.312479+00:00,
8840b317-8240-4b3f-8df5-741711edc119,b385ef4d-a919-49c1-bad4-71bda2c2b624,0,el,1,Asia/Nicosia,,2025-11-17 16:41:20.312479+00:00,
4558c522-00ad-4a9e-a09b-3a5bf61f7456,f08e0131-c046-45e1-9b6e-4b1acb744c1b,0,el,0,Asia/Nicosia,,2025-11-17 16:41:20.312479+00:00,
5cf255b6-283e-4ba4-9c12-f20e90fe0afa,e5e18ae5-aa25-41c7-94c2-77837d471a46,0,el,1,Asia/Nicosia,,2025-11-17 16:41:20.312479+00:00,
5fe20c7e-0376-46a9-935a-9c37310d75e9,f1dc1dce-316b-48c5-983c-685d5287efa1,1,el,0,Asia/Nicosia,,2025-11-17 16:41:20.312479+00:00,
006f0d9d-1b9f-43a7-baab-9aa45ca4a15e,8a490546-bc40-4875-b516-debb21a52b9c,1,el,0,Asia/Nicosia,,2025-11-17 16:41:20.312479+00:00,
ecae057a-0b6b-4ef6-af1a-6054284126ce,296d8433-7c68-4818-ab6b-34365fb990d5,1,el,1,Asia/Nicosia,,2025-11-17 16:41:20.312479+00:00,
aa3428bd-d2cb-4dd0-8fae-428e6a0c9c24,9da28dee-923f-4387-8173-b10e27817535,0,el,0,Asia/Nicosia,,2025-11-17 16:41:20.312479+00:00,
8a0b3a49-02e5-413c-8114-bb0ab8bd4f55,da59d2d0-a317-4a52-b006-4ce77eda1767,0,el,1,Asia/Nicosia,,2025-11-17 16:41:20.312479+00:00,
b2ed9ebb-cc41-410e-babb-abf7f130dcf8,c79de8d7-9630-45f3-b26b-21b98bd8c74c,1,el,1,Asia/Nicosia,,2025-11-17 16:41:20.312479+00:00,
3eef1216-b02c-4e43-923f-2362b3bcca2b,a5e1741f-379c-4fc7-ad43-d171e90e3bda,1,el,0,Asia/Nicosia,,2025-11-17 16:41:20.312479+00:00,
63c8ff9a-551e-4d94-aa28-2d4c137e8740,ca2c3883-8325-4270-afb4-b36f0de917c6,1,el,1,Asia/Nicosia,,2025-11-17 16:41:20.312479+00:00,
f51b75b4-03ab-4345-a881-9105625e4dab,93a9b234-2399-4f5e-8ffc-abf161b5350b,0,el,1,Asia/Nicosia,,2025-11-17 16:41:20.312479+00:00,
90af0f61-f541-42c2-a7af-32930f23db1b,7d0376ae-68da-4f5e-8d49-c4cb2c23ccd4,0,el,0,Asia/Nicosia,,2025-11-17 16:41:20.312479+00:00,
7771ce78-87f4-4919-a270-47d4c5c3b4a5,ff3c3e8a-fd86-42ee-9197-58a2f6a0a8af,0,el,0,Asia/Nicosia,,2025-11-17 16:41:20.312479+00:00,
b1ebdb02-78ff-4a6a-9e7e-0ef2f08ed275,8419aebc-414c-494f-83ed-86cea4ee8581,1,el,0,Asia/Nicosia,,2025-11-17 16:41:20.312479+00:00,
c2b98d55-c3c6-48fa-aab4-9f17ae95ccda,998e7520-6c21-4b9a-953c-8e22ca4ebaae,0,el,1,Asia/Nicosia,,2025-11-17 16:41:20.312479+00:00,
b8c0ad34-9a59-4bb2-9f03-30bde2f356e9,bee41af3-fe5b-4c28-92dc-c83a048d0b99,0,el,0,Asia/Nicosia,,2025-11-17 16:41:20.312479+00:00,
f2753da3-ecdb-4793-a36f-fa0d2816d4ad,956bf1e0-2363-4201-a654-f4002bcad700,1,el,0,Asia/Nicosia,,2025-11-17 16:41:20.312479+00:00,
b264b984-6c86-4643-8195-0e5a3e744fd3,ab5cd070-3a88-45f8-a053-98d81cab71ce,0,el,0,Asia/Nicosia,,2025-11-17 16:41:20.312479+00:00,
234e963b-de47-4148-b9ae-28586e9c43fe,ab15098e-ff1d-499b-9be1-8650a23e18cf,0,el,0,Asia/Nicosia,,2025-11-17 16:41:20.312479+00:00,
9e490ea2-bbec-4030-ae99-2e113ffcd797,757d6826-2ff0-4de7-8e57-225ffcec6c1f,1,el,1,Asia/Nicosia,,2025-11-17 16:41:20.312479+00:00,
f75de926-01bb-4371-a843-9fac599c5576,4ca0f150-41cb-4a0f-a805-edfc3be05cd7,0,el,1,Asia/Nicosia,,2025-11-17 16:41:20.312479+00:00,
768ec730-e2d7-4b75-a8bc-e3c319cf0ad6,8014802d-89e5-452e-857c-5bf8c18e2fa6,0,el,0,Asia/Nicosia,,2025-11-17 16:41:20.312479+00:00,
51b9c8d9-eb49-4e11-b4d5-3f28a857dd86,0d1f2078-ba8b-47f6-ba93-b70a02a6ce12,1,el,0,Asia/Nicosia,,2025-11-17 16:41:20.312479+00:00,
516b779f-400a-46ce-b16d-36ec9e974bdc,e9315f16-6f7c-4138-a1df-faace1166949,1,el,1,Asia/Nicosia,,2025-11-17 16:41:20.312479+00:00,
7855aa4f-3c4d-4ff5-a146-77f0cebcc853,fd8e4417-d1e7-440b-8f73-075c2c5a3347,0,el,0,Asia/Nicosia,,2025-11-17 16:41:20.312479+00:00,
daacb913-db24-4118-88ef-9efa30cefd04,22f16d37-3a4e-4bf1-adec-48f48fa95709,1,el,1,Asia/Nicosia,,2025-11-17 16:41:20.312479+00:00,
f1327c8f-7aac-49bb-a9a6-7f2201c7adcc,18658a1d-2c06-4423-b53f-bf4abf3b36ef,1,el,0,Asia/Nicosia,,2025-11-17 16:41:20.312479+00:00,
4eb5f82c-9721-4994-b6e1-864584b7cd81,a86fdfc9-093e-4459-b318-1547497535e4,0,el,1,Asia/Nicosia,,2025-11-17 16:41:20.312479+00:00,
de8303bb-28df-45e2-825c-d4b8d0439993,c5c74c52-1970-4734-9934-143cbf4f5324,1,el,1,Asia/Nicosia,,2025-11-17 16:41:20.312479+00:00,
3d5e20f8-704d-4ead-80b4-2804c4145b8c,2c9e503e-3713-45cb-b708-40caf52baaa1,0,el,1,Asia/Nicosia,,2025-11-17 16:41:20.312479+00:00,
04ee83e5-9559-42d3-af16-253a560ae52f,a17c2832-6159-4b2a-a757-8ab884ffe1af,1,el,0,Asia/Nicosia,,2025-11-17 16:41:20.312479+00:00,
69dd6e43-5d34-4243-a367-e13cc201a819,013484d7-a27b-4964-89a0-66c1b220d407,0,el,0,Asia/Nicosia,,2025-11-17 16:41:20.312479+00:00,
15e62801-945c-4e84-90c7-69f5e6adb862,259ec53d-be65-4caf-a5df-d3e3db34bcf6,1,el,0,Asia/Nicosia,,2025-11-17 16:41:20.312479+00:00,
0aa20ffd-bba0-49f9-805c-de9737325998,d9a1ce7a-d6ad-4d03-a39f-b8a1ed1802ff,1,el,0,Asia/Nicosia,,2025-11-17 16:41:20.312479+00:00,
6e51149d-50b8-469a-8f5c-a671aa407996,d31fa679-7ec8-43bf-9487-d9c4c53b0106,1,el,1,Asia/Nicosia,,2025-11-17 16:41:20.312479+00:00,
529dc277-d8c5-4d7c-b70e-47d006418587,df31a0af-a976-43c4-bcba-ecc76717f853,1,el,1,Asia/Nicosia,,2025-11-17 16:41:20.312479+00:00,
d043964a-05fb-4c3c-a9ab-2f959c663682,f576552c-9481-4d32-86cd-471b590b2911,0,el,0,Asia/Nicosia,,2025-11-17 16:41:20.312479+00:00,
cf609e6a-10ad-4e78-9f6a-e5bb4537e9e5,d5d3a99c-ab54-4124-b58f-df8710f538a3,1,el,1,Asia/Nicosia,,2025-11-17 16:41:20.312479+00:00,
78d319f5-ca46-4b17-91e1-20bdad3fab29,ce1b4409-1bed-4eec-a6f7-1d0c9d6f3fa6,1,el,1,Asia/Nicosia,,2025-11-17 16:41:20.312479+00:00,
c0c5c06e-cbb6-43e5-970b-3d27c9ba91e1,2746d5f8-e32e-4d95-9987-388b201b5462,0,el,0,Asia/Nicosia,,2025-11-17 16:41:20.312479+00:00,
8a0e79e4-4dda-47eb-afc0-7dbb93ed49c5,4b4f5615-1ebf-4f1b-b1fe-611d8d23a031,0,el,0,Asia/Nicosia,,2025-11-17 16:41:20.312479+00:00,
6b4138f3-b3cf-4432-a7d9-52dc19fcfd26,949db0fd-ade7-4a1e-8f1c-d3a4f8fb8ce4,1,el,0,Asia/Nicosia,,2025-11-17 16:41:20.312479+00:00,
34c3c00a-c8c8-4d70-bef5-cd14b82504a0,95bcd95b-baec-4965-9371-e26c8739e85b,1,el,0,Asia/Nicosia,,2025-11-17 16:41:20.312479+00:00,
d25d86c5-0d48-4b19-9780-10a875b92f5a,fc1a933f-d530-4213-a63a-f3bd87d8a21e,0,el,0,Asia/Nicosia,,2025-11-17 16:41:20.312479+00:00,
cadf2fc2-5cfc-4198-8371-92c492ae2d27,41cc9185-5e38-4fe7-a8a9-ec680e1fcd7b,1,el,0,Asia/Nicosia,,2025-11-17 16:41:20.312479+00:00,
d4047292-64d2-4af9-98f8-7c0b5f6bb381,2229c6d3-5324-4541-a23e-4ee845ff3518,1,el,1,Asia/Nicosia,,2025-11-17 16:41:20.312479+00:00,
5792fbc3-38bf-4604-ad2b-be84b8befcce,35d9a8f7-1fc0-49ff-81cf-c163bb919d60,0,el,0,Asia/Nicosia,,2025-11-17 16:41:20.312479+00:00,
85a8bc65-f094-43c3-b750-6746ffd8f91a,895e0c43-b458-41bc-a059-edeb6c8fdd79,1,el,1,Asia/Nicosia,,2025-11-17 16:41:20.312479+00:00,
dad36da6-792e-4062-9390-5ef47b53c051,82a83994-8bc9-4b45-ad74-0c8b394db525,0,el,1,Asia/Nicosia,,2025-11-17 16:41:20.312479+00:00,
22b2a8aa-6faa-4b1e-8519-e3132c8faeb5,b7f5ae1f-6cba-4a1b-a4c4-845b96d1e1f7,1,el,0,Asia/Nicosia,,2025-11-17 16:41:20.312479+00:00,
78312ced-567f-47ea-9353-b7632b221e83,3e1de510-9bf1-4509-a469-9202c4ecc1b4,0,el,0,Asia/Nicosia,,2025-11-17 16:41:20.312479+00:00,
6db1ff04-0765-4114-9291-224b994f24b7,72561a62-c5fe-4ed5-bbdc-2a7a645a2e02,1,el,1,Asia/Nicosia,,2025-11-17 16:41:20.312479+00:00,
7d42e1ad-db07-4cd1-ac18-73732892a6f9,ef5f1a08-6bca-4a55-a4db-b8297759c67f,0,el,1,Asia/Nicosia,,2025-11-17 16:41:20.312479+00:00,
77a2053e-d344-4c34-8f76-6a6903fac362,4b07b28f-ee74-43a9-b4a4-9e0096166b7c,0,el,0,Asia/Nicosia,,2025-11-17 16:41:20.312479+00:00,
f7b754d5-ab5d-47b0-ab23-d3b2c5033a53,727107c2-e10f-415e-87fc-838a4e8de68f,0,el,0,Asia/Nicosia,,2025-11-17 16:41:20.312479+00:00,
8d3efec9-4443-4edb-843e-b8ff5a66926f,9493dca4-b053-4abb-afe4-160e6a8ef93b,0,el,0,Asia/Nicosia,,2025-11-17 16:41:20.312479+00:00,
ffd3bb43-03c2-4337-b816-04e6c98826d4,61c075bf-e385-48c4-9779-4a0fd986b023,1,el,0,Asia/Nicosia,,2025-11-17 16:41:20.312479+00:00,
9353f1cc-dfa6-4365-870a-a28d9a200874,7aac69ca-fdf6-4a14-a456-bc7d867db232,0,el,0,Asia/Nicosia,,2025-11-17 16:41:20.312479+00:00,
0ee5fa00-33f4-4ed9-9c94-84ce2d237654,35928d9d-448b-4fdc-a461-060c7476a167,1,el,1,Asia/Nicosia,,2025-11-17 16:41:20.312479+00:00,
ca0fe9ab-2011-4078-baf9-36a4c978bf3b,86597b21-a4a6-4050-9e21-e6928ca5e77e,0,el,1,Asia/Nicosia,,2025-11-17 16:41:20.312479+00:00,
0a951860-978d-4dfc-8ed3-be025b337849,73c7b7ca-6b7f-472b-ba61-88ed6ed6846a,1,el,0,Asia/Nicosia,,2025-11-17 16:41:20.312479+00:00,
ef8940a8-bd42-4b33-8a41-a6eccef19048,44ed55b5-757b-4ce9-98e1-1d5ab7abb86b,0,el,0,Asia/Nicosia,,2025-11-17 16:41:20.312479+00:00,
0d16d663-383f-4a0d-81bd-b8ff6573b611,94374bb7-a1e9-47c5-9d3f-aa944c01527f,0,el,0,Asia/Nicosia,,2025-11-17 16:41:20.312479+00:00,
bd55a911-98fc-4e8d-bb1d-ff0af2790bd5,c678614b-be94-4714-8503-9921614d9d1d,1,el,0,Asia/Nicosia,,2025-11-17 16:41:20.312479+00:00,
d4e16f22-c167-415f-8af8-54c200de5b8d,a8353af9-9c3a-45a3-bd00-a1e78075e26d,1,el,1,Asia/Nicosia,,2025-11-17 16:41:20.312479+00:00,
73c92a35-f2e3-4e62-9190-15bc22f36560,5deda573-ca19-4e9a-b1db-6bf2cb5e6603,0,el,0,Asia/Nicosia,,2025-11-17 16:41:20.312479+00:00,
ee2c5221-86a8-4ac8-b982-2da4b017395f,93af914f-14e7-4e77-bd69-63b2a3afd1bc,0,el,1,Asia/Nicosia,,2025-11-17 16:41:20.312479+00:00,
666dea9c-2f79-4060-b7af-309469325843,e27040f1-9dad-4230-9177-e205c7f08957,0,el,0,Asia/Nicosia,,2025-11-17 16:41:20.312479+00:00,
83281104-38e7-4625-94e0-86337191d331,a0bd573e-1a9a-42d8-b514-333bdb544964,0,el,0,Asia/Nicosia,,2025-11-17 16:41:20.312479+00:00,
b4e0e1be-ca7c-47e7-bc33-49cfe06dbd61,f8321642-d315-4063-a893-a0034cae670c,1,el,1,Asia/Nicosia,,2025-11-17 16:41:20.312479+00:00,
2e97479e-bf93-4de4-8077-6cbf45395165,9a4095b2-f525-46f4-9c11-34848919f9c9,1,el,1,Asia/Nicosia,,2025-11-17 16:41:20.312479+00:00,
508f4e2b-2d1d-4128-aff9-68706a65fb0a,f4683fe4-d7fe-44f6-8a1b-8a88b9eb277d,0,el,1,Asia/Nicosia,,2025-11-17 16:41:20.312479+00:00,
26b71b40-affa-4c7f-a854-540b15409058,d0c82f10-56a0-49ab-8c22-d95c4a0d1b05,1,el,0,Asia/Nicosia,,2025-11-17 16:41:20.312479+00:00,
29ebbf8b-f980-4ac6-8315-0a0824dfb336,77fb63c2-a363-4e60-a06a-b02c34bc36cf,0,el,1,Asia/Nicosia,,2025-11-17 16:41:20.312479+00:00,
0fa311da-15a8-4480-af2b-dcfddcfe163a,f36eeb9e-b71e-4d43-a2e2-18fe6e5ab3e7,1,el,1,Asia/Nicosia,,2025-11-17 16:41:20.312479+00:00,
85cd3915-a747-470d-9d11-dbdeb4733f29,3ad22a1d-1f44-4a5d-a58f-0424d8ff3bbe,0,el,0,Asia/Nicosia,,2025-11-17 16:41:20.312479+00:00,
27aae586-3497-4fe8-a26a-fb67b4e5f6fe,c22a3c5d-d364-484c-9c20-1f81cfc55fdd,1,el,1,Asia/Nicosia,,2025-11-17 16:41:20.312479+00:00,
cd46c682-5350-4ba4-a043-75424a75c82e,100eec4f-4194-44f6-aeed-dc8ea1828727,0,el,0,Asia/Nicosia,,2025-11-17 16:41:20.312479+00:00,
5c46fd70-4413-444f-936e-bcf185ceed7d,b81a1e40-8d7f-47f7-ad80-db8a01a6e6b3,1,el,0,Asia/Nicosia,,2025-11-17 16:41:20.312479+00:00,
b7f28641-14bc-4d79-a839-166dbfa7e81a,36f9f2fb-32da-4b1f-97fc-a49c3a7e821c,1,el,1,Asia/Nicosia,,2025-11-17 16:41:20.312479+00:00,
5d823a97-d339-4863-8e4c-4b30dc60833b,bfcca9ec-676e-49cb-959d-c1ad1dbce11a,0,el,0,Asia/Nicosia,,2025-11-17 16:41:20.312479+00:00,
186dd5d8-2f1a-49ee-afed-9d9560cf5927,047c0388-0cd1-4458-8f99-9e899dc98567,0,el,1,Asia/Nicosia,,2025-11-17 16:41:20.312479+00:00,
c4bef468-0794-41ab-994c-34319540dd56,04d4f894-aa32-46db-a4da-9e52196abdd3,1,el,0,Asia/Nicosia,,2025-11-17 16:41:20.312479+00:00,
52a57d7f-6e21-4c4a-bcb9-925435974125,829ab58d-9674-4c88-8ea1-4f12d222bbc0,1,el,1,Asia/Nicosia,,2025-11-17 16:41:20.312479+00:00,
9e687895-7884-42aa-9d6f-15f047066487,43a0f25b-fcfd-435d-b20b-b131226f98d6,1,el,0,Asia/Nicosia,,2025-11-17 16:41:20.312479+00:00,
974811d6-d46a-4a63-9409-f0ef5166f9a2,bab35e19-ee86-409a-a7d5-e2d78f208369,0,el,0,Asia/Nicosia,,2025-11-17 16:41:20.312479+00:00,
40473b9b-e762-4f87-abb2-b3b6c4a9577a,3e6a6a5f-04ad-41a3-afe5-8b82557c5bd7,0,el,0,Asia/Nicosia,,2025-11-17 16:41:20.312479+00:00,
a76869c3-fc42-4bf1-bd21-af73f1d2be26,063b0927-5442-43b2-ae88-4e01bd94892c,0,el,1,Asia/Nicosia,,2025-11-17 16:41:20.312479+00:00,
ea6d9f04-203f-46d5-a40f-253c1fd7d12a,6629a742-ca4e-41e7-8b70-adb6168992ef,1,el,0,Asia/Nicosia,,2025-11-17 16:41:20.312479+00:00,
9f3bc6d6-d3cc-4b2c-83d6-0167bd3178ef,90b6b39d-dfd9-4e03-b094-d48efa0f2ed5,1,el,1,Asia/Nicosia,,2025-11-17 16:41:20.312479+00:00,
ad9d3479-d18a-4958-bdde-a54f3fcfe02c,47e0d8ba-3dba-4eff-ae48-c5f34b913abd,1,el,0,Asia/Nicosia,,2025-11-17 16:41:20.312479+00:00,
791dea55-e302-4ea9-a93d-896800cb807d,aed537d2-45ba-4ab1-b6c3-d046e8717568,0,el,0,Asia/Nicosia,,2025-11-17 16:41:20.312479+00:00,
bc3a7023-9880-4cad-b80c-d125982d4d64,ceeb03e0-4485-4335-90db-27bb75c91bc5,0,el,1,Asia/Nicosia,,2025-11-17 16:41:20.312479+00:00,
376a0f81-7b2d-46b0-92c3-deecc1b02919,229ddcdb-ea6b-439b-8e36-1c5e1e46d6c6,1,el,0,Asia/Nicosia,,2025-11-17 16:41:20.312479+00:00,
0fc474b4-0c7a-4e07-bf60-c833651a77de,d415ddb4-ddb9-47cc-90e6-e2cd8a1c2606,1,el,0,Asia/Nicosia,,2025-11-17 16:41:20.312479+00:00,
25bfcdff-200d-4436-8a4b-4a0c28fb2207,3cd25988-f0aa-4cb4-9a90-2975c71feb44,0,el,1,Asia/Nicosia,,2025-11-17 16:41:20.312479+00:00,
044b0367-be32-409f-846d-7f62171f768f,ecf5d65f-96f4-413a-b36a-9982bb855083,0,el,1,Asia/Nicosia,,2025-11-17 16:41:20.312479+00:00,
0a3cabb9-8b81-4cba-a22b-5c0ad4747afa,5c52b98d-f18c-49b9-9107-f2d40dbc9362,0,el,1,Asia/Nicosia,,2025-11-17 16:41:20.312479+00:00,
d49a9b7c-212c-4796-b165-b3c3a3f3df15,12ce099c-eb61-4859-bfcb-5726aee85e1e,1,el,1,Asia/Nicosia,,2025-11-17 16:41:20.312479+00:00,
c712f805-3c27-46bc-bde6-b9c33efdfb59,3b22858c-d504-42fb-996a-ca8166e115fa,0,el,0,Asia/Nicosia,,2025-11-17 16:41:20.312479+00:00,
70f09c98-256d-449f-bced-3207cb61a7db,9e974c20-717c-4aad-99b1-6a1d9ee3398c,1,el,0,Asia/Nicosia,,2025-11-17 16:41:20.312479+00:00,
f7978ccf-b349-4fd6-ae76-774cae71c3c0,0b4cdce2-a13a-4745-8e4a-94daa904bda7,1,el,1,Asia/Nicosia,,2025-11-17 16:41:20.312479+00:00,
442b4d49-28b3-4cf7-ac90-2cdc9d94be5d,50e0dcca-6146-41d6-b85a-7964d900253c,1,el,0,Asia/Nicosia,,2025-11-17 16:41:20.312479+00:00,
42765c5d-841d-4f71-b683-c539907b6a4e,ce59fc27-2cb6-4bd9-b533-09d4ce427876,1,el,0,Asia/Nicosia,,2025-11-17 16:41:20.312479+00:00,
2eaa82fb-7caa-4796-8979-fc3415874437,395f4999-509c-4f95-bb76-7ca555c2f47a,1,el,0,Asia/Nicosia,,2025-11-17 16:41:20.312479+00:00,
bd8f2902-372b-4000-a30c-ad86fe3a3b6a,7d4d86af-63b2-4921-b3c2-0ad628a832c6,0,el,1,Asia/Nicosia,,2025-11-17 16:41:20.312479+00:00,
e7111a7e-a60e-4695-9ce8-97a53b9b5ab9,73640c43-e090-4c6b-9b2a-8d469cc5ff39,0,el,0,Asia/Nicosia,,2025-11-17 16:41:20.312479+00:00,
cf1117f9-2bac-470b-98ac-7adffcde747b,1d0de90b-633c-465f-9fb6-4be1fb1271db,1,el,0,Asia/Nicosia,,2025-11-17 16:41:20.312479+00:00,
c27381dd-6050-47c0-a628-6c8a5776ed7b,07c41c88-3994-4319-b613-1d2dc4c49f52,0,el,0,Asia/Nicosia,,2025-11-17 16:41:20.312479+00:00,
b34ee1cb-37f5-4ae4-bc61-1e0a25ab0bac,186d66f5-8b78-4962-81c4-09e402daa625,1,el,0,Asia/Nicosia,,2025-11-17 16:41:20.312479+00:00,
816617fd-e14e-4ea6-9a2d-e9f60d2ade31,607a65e2-b9d7-461d-af76-ed38764e3f3e,1,el,1,Asia/Nicosia,,2025-11-17 16:41:20.312479+00:00,
e07f597b-2452-4235-985a-74e4e5bfe396,b13dffcf-09bb-477d-aced-6ebb244920f4,1,el,1,Asia/Nicosia,,2025-11-17 16:41:20.312479+00:00,
a17b2009-5619-44a2-9f4a-eb2dd08e4672,b8d7757e-2b61-4e4a-8e80-b3d3a6db18f6,1,el,1,Asia/Nicosia,,2025-11-17 16:41:20.312479+00:00,
4f906f49-8e94-41bc-a595-493cdd9982e9,1282bc6c-302a-4ce2-a54b-75954d0c1d4d,1,el,1,Asia/Nicosia,,2025-11-17 16:41:20.312479+00:00,
0d271edd-4635-481d-b6a8-56f0a292611e,8643f857-3060-4ce8-a38c-d69d2be4e0ee,1,el,1,Asia/Nicosia,,2025-11-17 16:41:20.312479+00:00,
28fe6200-911e-491a-b150-6904c97c0937,68a3e4de-1a2e-4253-b076-2bccccf1215b,0,el,0,Asia/Nicosia,,2025-11-17 16:41:20.312479+00:00,
8ad1eb75-fedc-4a60-ac06-a1c68307f7c2,1fc6b620-4dbe-4121-85a2-19db96c4b4bd,1,el,1,Asia/Nicosia,,2025-11-17 16:41:20.312479+00:00,
00c96b1f-f155-47e9-9add-02fcc68b1cab,b2669f59-8b04-4e96-ab11-cf6f5728773c,0,el,0,Asia/Nicosia,,2025-11-17 16:41:20.312479+00:00,
f39fe7f8-7af0-45d9-b4b0-08911bf21a75,da45a0c6-9635-4726-81a7-2b39babfc2b7,1,el,0,Asia/Nicosia,,2025-11-17 16:41:20.312479+00:00,
522a25a4-b88f-49cd-8010-f002ec4de91b,e6e9a055-3b95-4d39-8457-429e7304309f,0,el,1,Asia/Nicosia,,2025-11-17 16:41:20.312479+00:00,
50668962-a159-4b38-a6e9-2dc6d63fe122,3f4d1df8-1de8-4ef7-a112-96cf9fbd74ab,1,el,0,Asia/Nicosia,,2025-11-17 16:41:20.312479+00:00,
0d541782-2421-4452-9932-f9861d440bc6,b918c086-6276-4241-8e72-1b06f4fed0d4,0,el,1,Asia/Nicosia,,2025-11-17 16:41:20.312479+00:00,
b813c430-6b49-4578-9869-5142bf0b1749,0dfcaf97-1ed1-49a6-94cd-05b9869d7506,0,el,1,Asia/Nicosia,,2025-11-17 16:41:20.312479+00:00,
d8c6a57a-e4a3-450d-82d7-0b5356fd7d94,97e4608c-b08b-494f-ac0c-76bec74dab30,1,el,0,Asia/Nicosia,,2025-11-17 16:41:20.312479+00:00,
550f4344-1b42-4ba4-b1a3-ba7e7cac3513,ef07515a-e6cf-4a41-8521-12f24fef0b34,0,el,1,Asia/Nicosia,,2025-11-17 16:41:20.312479+00:00,
13beb745-a99b-4f09-a5bd-67206a5b5726,6dbb2503-6e5d-4404-aa40-752a370f723d,0,el,0,Asia/Nicosia,,2025-11-17 16:41:20.312479+00:00,
59564777-9562-4c1e-a894-23c5af6bf208,574f2304-af3a-4faa-a884-e5132fda6043,0,el,1,Asia/Nicosia,,2025-11-17 16:41:20.312479+00:00,
6c58128c-63a1-426b-b11e-85d5a6067ebd,e346c027-9eae-4981-8203-b7aee2838e2b,1,el,0,Asia/Nicosia,,2025-11-17 16:41:20.312479+00:00,
e0872db9-a0d6-4db2-9140-a43f1c868117,ff06de25-1638-433e-9fb4-c9aa33cba456,0,el,1,Asia/Nicosia,,2025-11-17 16:41:20.312479+00:00,
f33373d5-6d0b-41dc-97c2-054574169bb5,028f00a0-c26b-4985-afdf-ba4b4c702cf1,0,el,0,Asia/Nicosia,,2025-11-17 16:41:20.312479+00:00,
6274de5d-8bcb-4dcc-ba2d-636db0c5c73e,517f1e36-3435-4916-955a-4034fe98356a,1,el,1,Asia/Nicosia,,2025-11-17 16:41:20.312479+00:00,
2dbe9625-62a3-4b12-9615-3dd95684ae61,4cf6eb39-9f52-482b-9308-e8a26db66bc7,0,el,1,Asia/Nicosia,,2025-11-17 16:41:20.312479+00:00,
01591273-1020-428a-b983-4c5e883354b3,f2bedbb8-b582-46c1-80c4-c7ff2606e49b,1,el,0,Asia/Nicosia,,2025-11-17 16:41:20.312479+00:00,
ad037ada-b637-4980-aa97-39351da36533,00ffcc23-0e2f-4b80-a10a-ba2361ea6e70,1,el,0,Asia/Nicosia,,2025-11-17 16:41:20.312479+00:00,
563be7f5-8e7c-44f4-ba72-25ae673d8369,a4d47f2a-b890-4e6d-ac4b-f77af10686c3,1,el,1,Asia/Nicosia,,2025-11-17 16:41:20.312479+00:00,
ce3a2c58-7b3d-44f9-9998-9072699b651f,e603b7de-ab0e-4257-859f-3908d314e253,0,el,0,Asia/Nicosia,,2025-11-17 16:41:20.312479+00:00,
f0e2b044-c5d8-4c16-a143-70a0a2d2794f,47ba226a-0103-486e-93d1-c17ea0fa05b0,0,el,0,Asia/Nicosia,,2025-11-17 16:41:20.312479+00:00,
6e0daa8c-cd36-4a28-a7cc-4df0709fcb62,93e58da6-e03c-4a71-a7a3-31609030c032,1,el,1,Asia/Nicosia,,2025-11-17 16:41:20.312479+00:00,
87909d6a-fd32-458a-b4ff-5b87acc5a399,39c2fa89-5a5b-458e-ac91-7703d36459c5,1,el,1,Asia/Nicosia,,2025-11-17 16:41:20.312479+00:00,
ec95bce2-d352-47bc-8327-e7d20e9bfa4b,d88dd3fe-5112-4b1f-924c-526b5bf8073a,1,el,1,Asia/Nicosia,,2025-11-17 16:41:20.312479+00:00,
d4a6f837-a629-4078-9da5-e31329dd68fd,2c57b5be-79db-4af7-ad8f-7bde980f9218,0,el,1,Asia/Nicosia,,2025-11-17 16:41:20.312479+00:00,
55479dbe-8ca0-4ae3-a7f8-ba8ca5be1f39,fea9c7dc-1d86-4765-b875-ce4bc82e8e75,1,el,1,Asia/Nicosia,,2025-11-17 16:41:20.312479+00:00,
83024b8d-5184-4cf5-9e49-e3b161008c17,4f849558-c75f-449f-a487-4fb70201dc7d,1,el,0,Asia/Nicosia,,2025-11-17 16:41:20.312479+00:00,
83f55a0b-b0b3-4af2-a1a1-27e6fd4a5fc1,5c21d196-cf5b-472d-97b4-cbedc6cc92f3,1,el,0,Asia/Nicosia,,2025-11-17 16:41:20.312479+00:00,
3092f703-e2df-41e2-bfd2-04e084818c2d,c68539b7-9579-4355-9473-93588cfb5909,1,el,1,Asia/Nicosia,,2025-11-17 16:41:20.312479+00:00,
d495a1ff-d382-41c4-a79a-e1f8e6b3a904,9eea6cf2-26d5-4157-8fb9-70e7ff53143c,1,el,1,Asia/Nicosia,,2025-11-17 16:41:20.312479+00:00,
8bd282d8-24d6-4420-af6a-868c9379c145,a86636cb-c95e-4e6c-acc3-4dcc27293067,1,el,0,Asia/Nicosia,,2025-11-17 16:41:20.312479+00:00,
5c92bf52-4afa-46e4-8d0e-629e9f0db92b,c0c7169e-edfc-4e04-aea6-52b86227a313,1,el,0,Asia/Nicosia,,2025-11-17 16:41:20.312479+00:00,
fa2628e1-c9b6-4bc3-8944-1e4f8c5aaa97,90abf007-c4da-48cf-a119-a3a1f3384a5b,0,el,0,Asia/Nicosia,,2025-11-17 16:41:20.312479+00:00,
fb7c4096-a4a7-427c-a7b8-8f78599f7025,42b4a26a-379b-4538-b6f0-4f26e01e017a,1,el,0,Asia/Nicosia,,2025-11-17 16:41:20.312479+00:00,
792823d3-19ea-4f8f-a8f6-f8f98bc1ccda,977012c8-f4fd-46c2-8b60-93253af1e6a1,0,el,1,Asia/Nicosia,,2025-11-17 16:41:20.312479+00:00,
80ee6c9b-7773-446c-a527-8a56dbe869ef,2560b70e-729c-4d14-b41f-a973c0cdfb5d,0,el,1,Asia/Nicosia,,2025-11-17 16:41:20.312479+00:00,
fad3efe0-02ef-411b-85e8-056d28ef4ac2,6fd3fb7f-c22c-4026-a97b-60b0114cd36d,0,el,1,Asia/Nicosia,,2025-11-17 16:41:20.312479+00:00,
8e14535f-6329-4928-975d-f0e603228e6e,81d1a171-4ee0-4752-aed0-992151bfc7b4,0,el,1,Asia/Nicosia,,2025-11-17 16:41:20.312479+00:00,
e3e5a87c-aa8b-45bf-a32e-4b3095b339a9,b92510ef-2f4a-484d-bff5-dc4e0a6a3aca,1,el,0,Asia/Nicosia,,2025-11-17 16:41:20.312479+00:00,
42e5414b-7452-4955-be83-a0619b090f6e,e3636f77-c87a-4152-ab3a-d2943bcc4d84,0,el,0,Asia/Nicosia,,2025-11-17 16:41:20.312479+00:00,
34d74099-106f-49d1-bf49-0ec1a87b95a7,2ac631a6-cf08-4e10-b229-6eb03b554158,1,el,0,Asia/Nicosia,,2025-11-17 16:41:20.312479+00:00,
f182cbfa-afe4-4597-a24e-16367f0a73a9,f25ce735-24bc-4e8c-9d06-d40b0a1388e5,1,el,0,Asia/Nicosia,,2025-11-17 16:41:20.312479+00:00,
edc556f2-4664-4b79-9168-ca67d6ddb850,4bab936d-da5b-42e8-a188-e55d4c495f5a,1,el,1,Asia/Nicosia,,2025-11-17 16:41:20.312479+00:00,
6ca5fa40-4d47-49a5-a88b-988cf79edeee,9d9ba4bf-3f82-466e-9400-619bb793402a,1,el,0,Asia/Nicosia,,2025-11-17 16:41:20.312479+00:00,
9ff74152-b863-4502-b0a1-6062c4093e32,bdf0976f-bb4e-49cf-ab66-ad7faa8b0ef3,1,el,0,Asia/Nicosia,,2025-11-17 16:41:20.312479+00:00,
d4330304-15ca-4caa-b445-9d8ff39b2b61,3a7f74c3-ac74-40cb-b95b-d6be5f4bf94a,1,el,0,Asia/Nicosia,,2025-11-17 16:41:20.312479+00:00,
5e3debc8-d95c-4867-bed9-3fc3c1322d3d,2a3a66df-edc3-4634-8a32-f095278b34fa,0,el,0,Asia/Nicosia,,2025-11-17 16:41:20.312479+00:00,
c5f6f8af-20cd-4072-9cc3-285a1335b700,f7586903-dd1f-46ed-8a21-25cc218db379,0,el,1,Asia/Nicosia,,2025-11-17 16:41:20.312479+00:00,
2cd61ba3-7e5b-4f8c-9ba1-309a125955c0,7156c0e0-507a-4ee3-86b1-fe7a65c33da3,0,el,0,Asia/Nicosia,,2025-11-17 16:41:20.312479+00:00,
d6b421d2-fcc7-4f28-9997-8b5198aa33d2,18ef75a1-0ae9-42fd-9520-312e09cd24b7,1,el,0,Asia/Nicosia,,2025-11-17 16:41:20.312479+00:00,
3ee35a98-f88a-45bb-8910-28b579ade814,f3a351a6-6a74-4217-a5d5-5070d05fcabd,0,el,1,Asia/Nicosia,,2025-11-17 16:41:20.312479+00:00,
1472bbaa-dd2a-4fe3-bb8b-120b12f2044a,f186c11c-5433-4868-bbeb-0ab8b7f699a1,0,el,1,Asia/Nicosia,,2025-11-17 16:41:20.312479+00:00,
2ba9e541-108d-455a-8448-f2cfce4a1648,7a20b9e5-6757-4a1e-8bbe-97d04c0bb234,1,el,1,Asia/Nicosia,,2025-11-17 16:41:20.312479+00:00,
74b1b3c4-55e6-4a00-9e59-16dc5d7c0b10,0cbe76e8-eea1-4ed7-9040-ef28e78c53e0,0,el,0,Asia/Nicosia,,2025-11-17 16:41:20.312479+00:00,
203a17ef-c9b3-40ef-a895-fc1af1db9966,b9b25cda-eb33-4d8a-b35e-87f3e2f5ecf1,0,el,0,Asia/Nicosia,,2025-11-17 16:41:20.312479+00:00,
24280908-20ca-4bce-86c1-52476db12433,961dde1a-b42a-4123-ac52-c79c11b75906,0,el,1,Asia/Nicosia,,2025-11-17 16:41:20.312479+00:00,
4fa56241-850f-41f8-8818-24c31018c1ed,5aaed30e-9e73-44f0-a1e4-1430eee7b0c0,1,el,0,Asia/Nicosia,,2025-11-17 16:41:20.312479+00:00,
bfa0c423-3f67-4589-b3c3-8a268e1c86ff,11b2de6b-edce-492d-82a3-f4d2289f15aa,1,el,0,Asia/Nicosia,,2025-11-17 16:41:20.312479+00:00,
edbfd02b-635e-46f4-8eb9-e6903c049d0b,4d64ea54-88fd-4f4a-90f2-37ffea787ac7,1,el,0,Asia/Nicosia,,2025-11-17 16:41:20.312479+00:00,
f9d04c37-a1c0-4a7c-a236-3202141564b6,3c1c40d0-57aa-4654-947f-be5b98608c36,1,el,1,Asia/Nicosia,,2025-11-17 16:41:20.312479+00:00,
d839b3b0-560c-4aa8-9ed1-203ba7279c3b,f1272bab-3b6c-41da-93db-f1b3b8e01720,1,el,0,Asia/Nicosia,,2025-11-17 16:41:20.312479+00:00,
3c0a4047-4404-42f0-bdc6-fde20486ea0f,e17225d4-b949-4f7c-9394-b0b0112ad0e2,1,el,0,Asia/Nicosia,,2025-11-17 16:41:20.312479+00:00,
60043dfa-d670-41df-b7f7-af4f5d69851a,b912ee53-4f44-4824-907e-a6dd84781626,0,el,0,Asia/Nicosia,,2025-11-17 16:41:20.312479+00:00,
82e1e2c0-ba95-4c88-b72b-6fe44f5ac0ff,dd9bf2da-9877-4aa4-a3dc-785338f100e0,0,el,1,Asia/Nicosia,,2025-11-17 16:41:20.312479+00:00,
90086435-11f0-4aa1-bc0b-e036fd27bdb5,f8307a23-9b88-44a7-82b4-8933bcdc181f,0,el,1,Asia/Nicosia,,2025-11-17 16:41:20.312479+00:00,
a898769e-08b1-48bd-8960-c85133f4c037,0bf994ae-02a4-4213-955a-cb52f7c6b10d,1,el,0,Asia/Nicosia,,2025-11-17 16:41:20.312479+00:00,
2c46cf54-a145-4df7-87af-07a0aaa9db86,1ee0cf38-1a53-48be-83b0-8c1d4309dfee,1,el,0,Asia/Nicosia,,2025-11-17 16:41:20.312479+00:00,
00892812-cf39-4458-8dcd-f215ad9ea799,7e0ada14-31fa-435c-a8da-4d006b297861,0,el,1,Asia/Nicosia,,2025-11-17 16:41:20.312479+00:00,
5566fb62-8756-4f34-befc-9930700cc6b6,e3f02da8-5db0-4d32-8c66-3a950e96c11f,0,el,1,Asia/Nicosia,,2025-11-17 16:41:20.312479+00:00,
70c43d82-80ee-4801-8a7f-bc79987cbe19,f5e909e9-20cb-4201-adbf-7b4f33a14fd2,0,el,1,Asia/Nicosia,,2025-11-17 16:41:20.312479+00:00,
2d0eadec-1c04-41ee-9f2a-66f6114b9b24,e82cce7c-a8bd-4e6d-8c80-91c615e55c55,0,el,1,Asia/Nicosia,,2025-11-17 16:41:20.312479+00:00,
d46066a3-522b-4fb7-9ae9-6733998aa968,fd8dd4b0-d974-42df-9af9-d46ae1f7baa9,1,el,1,Asia/Nicosia,,2025-11-17 16:41:20.312479+00:00,
852d45c0-85d1-424f-80fb-746da7b663a7,7a27633a-35bb-4d44-9f9b-29555ed3fbb7,0,el,0,Asia/Nicosia,,2025-11-17 16:41:20.312479+00:00,
1ce318d2-cc7a-4cde-8dc4-03d47b27e944,154e8f14-5564-434e-ad77-9f8dbb2f6e6e,0,el,1,Asia/Nicosia,,2025-11-17 16:41:20.312479+00:00,
a15e3504-16a6-4f28-8b56-9e07ac69e7d2,7157d1fc-3a68-4547-a541-fda91db03807,1,el,1,Asia/Nicosia,,2025-11-17 16:41:20.312479+00:00,
bff21715-0e5b-44bf-a0cf-1ecd60b8ffda,13f29a21-c781-48c7-bfb3-b45255a3a2c3,0,el,1,Asia/Nicosia,,2025-11-17 16:41:20.312479+00:00,
cc356032-856d-4066-84d9-e074235d93d7,a0bf2680-f9dd-4a79-b15b-82deadd966a7,1,el,1,Asia/Nicosia,,2025-11-17 16:41:20.312479+00:00,
276228fc-4dc8-48b1-8fd3-f071052554a4,41329838-d71e-44f3-b1e8-4b70d1e16dbc,0,el,0,Asia/Nicosia,,2025-11-17 16:41:20.312479+00:00,
7bb370c3-9531-4950-b886-8d6823aa126c,3c91e6a5-c674-44ef-88c5-678c97065afd,0,el,0,Asia/Nicosia,,2025-11-17 16:41:20.312479+00:00,
a54d6be3-0bc1-4380-adcf-64f5e73241ca,72b04730-bc81-4f14-88ee-dd7c871f44eb,0,el,0,Asia/Nicosia,,2025-11-17 16:41:20.312479+00:00,
b28518af-8456-4786-97dd-b34da4befebe,5b878e54-5f3b-4923-a289-b05642b2caaf,1,el,0,Asia/Nicosia,,2025-11-17 16:41:20.312479+00:00,
97b7f9c9-5233-49e2-b8b1-7be7e140fdec,147d34b9-3a23-4907-b775-25cb651a88fb,1,el,0,Asia/Nicosia,,2025-11-17 16:41:20.312479+00:00,
311202e6-91a6-4801-8f3a-43b2baab989d,f6b3f98b-8cbb-4fbe-895b-5e74b5bd07b9,1,el,1,Asia/Nicosia,,2025-11-17 16:41:20.312479+00:00,
cf988e8a-88e1-4b09-9b3e-b6e95ce92a52,85154c55-d1e5-4183-b4e4-a45df395251e,1,el,0,Asia/Nicosia,,2025-11-17 16:41:20.312479+00:00,
bbacd890-7cec-46dd-94ae-7b18306e5f28,441eb74b-3561-423e-a70e-0fdcfdccb795,1,el,0,Asia/Nicosia,,2025-11-17 16:41:20.312479+00:00,
b8e052f9-9413-433d-af4a-fce753285f0c,d92fe908-ec28-4015-93dc-ed85ce3e67b7,0,el,1,Asia/Nicosia,,2025-11-17 16:41:20.312479+00:00,
9900a4c6-d5a2-44fb-9ce9-78b748b3d7bb,a7856031-6ae1-434d-bbb6-7d5fbeff7956,1,el,0,Asia/Nicosia,,2025-11-17 16:41:20.312479+00:00,
7f7a7941-491b-4d2b-b6bd-2758681e8c40,217ab064-5e3e-41b8-bfdc-8522fff39d74,1,el,0,Asia/Nicosia,,2025-11-17 16:41:20.312479+00:00,
acce2410-9284-4177-805a-37ae9650d933,6bf9b6a9-089f-40a9-873a-2ba4af545387,1,el,1,Asia/Nicosia,,2025-11-17 16:41:20.312479+00:00,
fa336bc9-1439-4086-a37f-349d9411571c,46aa4553-b279-4ba6-94ce-fc9df41507ad,1,el,1,Asia/Nicosia,,2025-11-17 16:41:20.312479+00:00,
b78ccbda-d6d2-422b-a2de-8ed4384c4a66,4884ed53-b791-465a-9bbc-b4a5256d1db0,1,el,1,Asia/Nicosia,,2025-11-17 16:41:20.312479+00:00,
da4027fb-fd5b-4249-b6f5-408bc57779d6,8bb5b042-1988-4cdb-a36d-37249c89fda0,0,el,0,Asia/Nicosia,,2025-11-17 16:41:20.312479+00:00,
adcdd9ed-929d-4c2d-8d28-3c17cb47f4a1,6b5e7498-52a7-4c40-9f4c-f72118f216e8,0,el,1,Asia/Nicosia,,2025-11-17 16:41:20.312479+00:00,
ceb016cd-73a4-4749-a0ce-662b651a4422,96c71433-f7ef-4055-bdb3-bbdb896d3f8a,1,el,0,Asia/Nicosia,,2025-11-17 16:41:20.312479+00:00,
63a08b7d-4797-4cfd-af42-847b8eca541e,002b9616-ef3c-46a0-ae43-98f8381a0e26,1,el,1,Asia/Nicosia,,2025-11-17 16:41:20.312479+00:00,
b7c6dd08-6503-4c44-ad3f-1dda4d9e00de,5a4b3cdc-9694-4589-a044-8d0856002614,1,el,0,Asia/Nicosia,,2025-11-17 16:41:20.312479+00:00,
ff47b124-427f-4330-8498-228ab5688600,a9def9d4-7c9c-4e60-81fe-c617ffe85daf,1,el,1,Asia/Nicosia,,2025-11-17 16:41:20.312479+00:00,
43cc893d-b857-4435-b282-982f289862dc,bf74061d-96e6-49f2-bb1d-5804ef74e8ac,0,el,0,Asia/Nicosia,,2025-11-17 16:41:20.312479+00:00,
dd105a1b-eedf-4aac-adad-3c84bfea1e05,92a33aeb-60eb-41a4-bfc7-0a4e689879f6,0,el,1,Asia/Nicosia,,2025-11-17 16:41:20.312479+00:00,
a9ecfa30-7dff-48f1-b650-9aea017b4848,1432a5ba-7413-4bf3-bf81-1d025c831938,0,el,0,Asia/Nicosia,,2025-11-17 16:41:20.312479+00:00,
373054c1-8166-4f6a-b6aa-a59cfa4b5f2f,434b2890-ff6d-4793-9e55-37e3f7e9a85b,1,el,1,Asia/Nicosia,,2025-11-17 16:41:20.312479+00:00,
b07fd8e2-31cc-4f24-b7aa-8a1ba3db9a2a,dd268705-c9cf-4595-b562-feb81a3885af,1,el,1,Asia/Nicosia,,2025-11-17 16:41:20.312479+00:00,
47f1cf86-3136-4220-9aa9-8f4bf537774c,809b737b-635d-4893-8e40-480d47de532d,0,el,0,Asia/Nicosia,,2025-11-17 16:41:20.312479+00:00,
1faef807-d492-4f9f-80b0-7e9a329c108f,dd484324-8675-4007-b228-2667c03dff41,1,el,1,Asia/Nicosia,,2025-11-17 16:41:20.312479+00:00,
1ff573a3-d406-4964-821e-22b528063f69,14fda1a1-00ed-4a26-b0e0-a54f87aa9562,1,el,1,Asia/Nicosia,,2025-11-17 16:41:20.312479+00:00,
c9de0f5c-258b-46ed-b04c-7ffa661dfaf2,abe84b03-5434-4b09-ba4e-41d2a92ccead,0,el,0,Asia/Nicosia,,2025-11-17 16:41:20.312479+00:00,
797bc683-f299-48a3-a38c-2cd5fdbcc2dc,186b6b92-80bd-4d2f-8fcf-db01d7ce6e43,0,el,1,Asia/Nicosia,,2025-11-17 16:41:20.312479+00:00,
ef931e60-c451-4b91-83cf-bf2dc665eead,8eab02e5-9b98-40d9-80b6-45cfd08ecaeb,1,el,0,Asia/Nicosia,,2025-11-17 16:41:20.312479+00:00,
42222cf6-72c8-4203-9264-3398345f7380,2aaba7a1-0297-4f50-a8bb-b79d9780ef05,0,el,1,Asia/Nicosia,,2025-11-17 16:41:20.312479+00:00,
61e3697b-4d7b-43f4-97d9-3b8c21cb81d2,77837d22-f608-4351-98e2-ce8fccd4c0d4,0,el,1,Asia/Nicosia,,2025-11-17 16:41:20.312479+00:00,
a5328b7c-3817-45a9-bb30-6ad8d8de8d5d,5fb15dbe-5149-4fcf-b311-3977ea73853a,0,el,0,Asia/Nicosia,,2025-11-17 16:41:20.312479+00:00,
0a65ea15-c670-4355-9454-105ed91a6126,70316665-887e-4621-bc1c-398fc3cd1aa0,1,el,0,Asia/Nicosia,,2025-11-17 16:41:20.312479+00:00,
adb1cc4c-b992-4dcc-bf0f-0abd1ad6b81e,e27d20ac-8f39-42d4-bdec-f7e9ad726376,1,el,1,Asia/Nicosia,,2025-11-17 16:41:20.312479+00:00,
c799474e-c69b-4949-9a66-6e253d9d1dad,74b234f7-1ccf-49e6-9a85-554018b7221b,0,el,0,Asia/Nicosia,,2025-11-17 16:41:20.312479+00:00,
136a4f2b-26cf-48d2-8cf8-2284c50b9cd0,49436bb1-bfd4-4d3f-926d-9d01fff5a282,1,el,0,Asia/Nicosia,,2025-11-17 16:41:20.312479+00:00,
dc52658e-2643-4258-bd27-baf922736484,c68db274-2512-4499-9828-a9da2d94d626,0,el,1,Asia/Nicosia,,2025-11-17 16:41:20.312479+00:00,
26709607-e16a-4f31-bde6-7abb7496ad43,590cece2-e23e-42de-ba1c-aad52017e8a6,1,el,0,Asia/Nicosia,,2025-11-17 16:41:20.312479+00:00,
6dfebaf1-3e39-4afa-aa3b-fb5b2f9ead9f,a33a1a24-f09c-485a-be6d-17c08a9b6e57,0,el,1,Asia/Nicosia,,2025-11-17 16:41:20.312479+00:00,
451cf0e5-9eda-4f85-b411-30e218de96b6,cc65ad19-ca40-479f-a110-54400f77b790,0,el,1,Asia/Nicosia,,2025-11-17 16:41:20.312479+00:00,
d226bcc6-cc50-4880-a672-b2588b2c9f3a,3c066f83-29d7-4394-9c44-8abdfc0c0410,1,el,0,Asia/Nicosia,,2025-11-17 16:41:20.312479+00:00,
b8dce985-9740-4e50-908c-ef2187439221,df321351-5574-4a86-a0b0-2c7bb3bb2f97,1,el,1,Asia/Nicosia,,2025-11-17 16:41:20.312479+00:00,
7a0a348e-91b0-4a49-a519-9e10a7db2e20,22b64e6e-76fe-48aa-8244-3c1b2235b25c,0,el,1,Asia/Nicosia,,2025-11-17 16:41:20.312479+00:00,
78badf43-5f43-4fa3-b8b2-082ebfd213fb,dd4289d5-6906-48ef-8334-206d5e1e801b,0,el,0,Asia/Nicosia,,2025-11-17 16:41:20.312479+00:00,
70118785-578a-4ad4-8607-14e5590e8a0a,ab6d801c-5c82-41a1-ac1d-7b73053f0a7b,1,el,1,Asia/Nicosia,,2025-11-17 16:41:20.312479+00:00,
f4154be7-40b9-4fb1-b7a2-a938c295e41e,817c58ec-e5ab-4ef5-8180-fdfea194254c,1,el,1,Asia/Nicosia,,2025-11-17 16:41:20.312479+00:00,
bc90a070-6469-4bb1-b49d-a31888435305,61b50260-aaef-4f98-b358-aa195599ebc5,0,el,0,Asia/Nicosia,,2025-11-17 16:41:20.312479+00:00,
195929ef-1656-4350-bd59-5cb31e49e7b1,6412f6e6-61e0-4bea-82a7-ecce7fbae633,1,el,0,Asia/Nicosia,,2025-11-17 16:41:20.312479+00:00,
855b238e-b2de-4bda-818c-832a53cb0986,e1cbf8f4-51bc-491d-9431-1e18fdce6114,1,el,0,Asia/Nicosia,,2025-11-17 16:41:20.312479+00:00,
11b6b5ac-a5f9-4032-ab02-09edc81496ff,9ce65326-58ca-4034-8f53-77934a6342f2,1,el,0,Asia/Nicosia,,2025-11-17 16:41:20.312479+00:00,
f276d144-9440-47d3-bb61-a69db03249c8,a146cbe9-d1b4-4c7e-bb45-0962b51ebc57,1,el,0,Asia/Nicosia,,2025-11-17 16:41:20.312479+00:00,
11bab3c9-fc5e-4e4e-95cd-7de1f700d14e,bbbfa629-f28f-4748-8450-c1cbadf28c9f,1,el,0,Asia/Nicosia,,2025-11-17 16:41:20.312479+00:00,
cfae292f-55bf-427a-8c1d-bb333806daa1,6800a9ad-2ad9-4ce5-90c9-c1b350270ab3,1,el,0,Asia/Nicosia,,2025-11-17 16:41:20.312479+00:00,
6a57036f-8d74-4d67-b437-88aa6d2e5c62,e7b76b9e-27bf-4e70-8d93-b2996bb51e2f,1,el,1,Asia/Nicosia,,2025-11-17 16:41:20.312479+00:00,
361f1ce4-22df-45d0-bd90-4b2423cfdcd7,813d6565-b0f8-43ad-aeb1-3463e8f2278a,0,el,0,Asia/Nicosia,,2025-11-17 16:41:20.312479+00:00,
568bfc22-3075-42be-9355-9649ded8f73e,3feab7a9-0104-4ac5-84a0-51f1e76fe1a2,0,el,1,Asia/Nicosia,,2025-11-17 16:41:20.312479+00:00,
8668a5b3-1ca1-42ec-9571-520cf6a9be16,87a64ad8-70fb-40c2-b38a-e14551017a1f,0,el,0,Asia/Nicosia,,2025-11-17 16:41:20.312479+00:00,
065052e0-1649-4f29-a55e-17478f12ec87,fec60394-03c6-443d-8703-75efee205ea4,1,el,0,Asia/Nicosia,,2025-11-17 16:41:20.312479+00:00,
a9c68f62-8423-41da-b5f1-4f0183a35b81,48f58aea-840b-44fc-8888-fd88d3f785c7,0,el,0,Asia/Nicosia,,2025-11-17 16:41:20.312479+00:00,
d76fc166-ca5c-47b4-9296-e68120b67380,0e16cf53-1b47-433a-9904-3c90a8f0bb49,0,el,0,Asia/Nicosia,,2025-11-17 16:41:20.312479+00:00,
038eb377-eaf7-4013-9e07-f35b0db79352,15928628-4270-4481-8fff-9fde04fb5768,1,el,0,Asia/Nicosia,,2025-11-17 16:41:20.312479+00:00,
4ff47018-9f8f-4223-ae77-b742057e37d3,4d734423-2d0c-4e7a-abcf-c20ced33b111,1,el,1,Asia/Nicosia,,2025-11-17 16:41:20.312479+00:00,
92366a81-8478-42c3-afc4-647aba7d116c,64078164-5d18-4d9a-b2dd-593f5ceaee98,1,el,0,Asia/Nicosia,,2025-11-17 16:41:20.312479+00:00,
1a54ca75-5b4b-42df-8206-7bb626d6c0c5,1921f27a-0774-4565-b157-37a5e0de7abb,0,el,0,Asia/Nicosia,,2025-11-17 16:41:20.312479+00:00,
cce77b96-4ddf-4203-b1f0-efc41e3052c1,6c8e37ce-c73e-4efd-90f3-43a79b696773,0,el,0,Asia/Nicosia,,2025-11-17 16:41:20.312479+00:00,
743aadce-c41d-4428-ad1e-e41128770395,4b56c85d-2e15-4191-acab-50399d8e766d,0,el,0,Asia/Nicosia,,2025-11-17 16:41:20.312479+00:00,
1c8fba43-ed10-4022-aa15-9817a4dcc9df,bb8c0e79-c90b-4712-b03d-e8d7edc8bab2,1,el,1,Asia/Nicosia,,2025-11-17 16:41:20.312479+00:00,
c1cd0e1d-2363-4ad1-86ca-fd920c22834b,83b8828d-9ba6-40c4-ac58-8577bbd0add4,1,el,0,Asia/Nicosia,,2025-11-17 16:41:20.312479+00:00,
73ef2c16-8493-41f7-95fa-acdb67b484b4,974a3ca6-ba57-48f1-b746-5b00e4a54c1c,0,el,0,Asia/Nicosia,,2025-11-17 16:41:20.312479+00:00,
d3dcc1bb-a2e1-4ff8-885b-92479dd991d5,833de3ca-51f0-4050-90f5-60572890c757,1,el,1,Asia/Nicosia,,2025-11-17 16:41:20.312479+00:00,
e8046392-053b-4682-a6d7-1da914be7c82,f5063f17-0788-420b-9133-95cdfb8b5211,0,el,0,Asia/Nicosia,,2025-11-17 16:41:20.312479+00:00,
be3c6daa-c247-4e5e-afb9-75813710d8f8,2124d8b6-e3a2-4bfb-8690-cfa5f0ac48a3,0,el,0,Asia/Nicosia,,2025-11-17 16:41:20.312479+00:00,
d1827305-3452-46f9-bcea-3c96a44115a5,7bf4aa10-c084-4565-9be9-1fe61f08b224,0,el,1,Asia/Nicosia,,2025-11-17 16:41:20.312479+00:00,
ae31a274-a26d-4789-9148-dd90469deeee,7cf159a5-5666-4a08-965b-057788917105,0,el,0,Asia/Nicosia,,2025-11-17 16:41:20.312479+00:00,
11f073cd-2f21-4880-9968-28c939e6505f,5b955ccd-a49f-4c31-ac4b-4f8384c83a0d,0,el,0,Asia/Nicosia,,2025-11-17 16:41:20.312479+00:00,
c3623dd3-fe26-412d-a3d2-2e7e0d64f1fd,3e115af5-c1a8-4e87-a873-18c7875e2b2f,0,el,1,Asia/Nicosia,,2025-11-17 16:41:20.312479+00:00,
a217ae3e-0983-489d-84cd-b0a56e803c61,d1f984a2-ceb0-4761-8508-a6b29b2893b9,0,el,1,Asia/Nicosia,,2025-11-17 16:41:20.312479+00:00,
d9ef552b-990d-48f5-9209-ea6e0eaed3b1,5525f0ec-7e90-49f0-9f40-d25b8b7074b5,0,el,0,Asia/Nicosia,,2025-11-17 16:41:20.312479+00:00,
a46790e0-8353-497d-833d-45aee7105eea,ec2520cf-5c7f-410c-a31f-2034019115e5,0,el,1,Asia/Nicosia,,2025-11-17 16:41:20.312479+00:00,
888ab132-00bc-4751-83e7-3f150edaa497,b131b772-7fa9-4f22-9929-f9d34c2e17e6,1,el,1,Asia/Nicosia,,2025-11-17 16:41:20.312479+00:00,
b756ace8-9f24-4c00-9271-7162c2c37dca,e94f57a5-6809-4a4e-8a70-61b5f5b09eb2,0,el,0,Asia/Nicosia,,2025-11-17 16:41:20.312479+00:00,
5a07de38-29a4-4a0b-9aa9-be96714581a5,2f48246c-d238-46ce-adba-c3df81d2d2c8,1,el,0,Asia/Nicosia,,2025-11-17 16:41:20.312479+00:00,
0ed7601d-efbe-4509-add7-ea8eca481069,7c8c6ed2-f4d0-4557-8f7a-f254ea894e88,0,el,0,Asia/Nicosia,,2025-11-17 16:41:20.312479+00:00,
4a417bd5-8081-4777-9205-2537bdf400e4,a0a17b12-34fb-4a54-8252-2eb78685dc9b,1,el,1,Asia/Nicosia,,2025-11-17 16:41:20.312479+00:00,
6368e77c-c292-4235-bed2-39fde6152be0,987718d3-c6a9-4d9d-9a36-c8ccff1e549b,1,el,0,Asia/Nicosia,,2025-11-17 16:41:20.312479+00:00,
b5aefb12-37fa-4bb2-902f-cefb096617bd,6b299ec0-49d3-4a98-8cb5-e5b514588aec,0,el,0,Asia/Nicosia,,2025-11-17 16:41:20.312479+00:00,
a2493b0e-59ba-4d05-9416-cd599dc87051,ef2f7d2f-cc14-4b12-8372-cd3d910bee1d,1,el,1,Asia/Nicosia,,2025-11-17 16:41:20.312479+00:00,
2089ae4d-487a-4540-87e9-e1e69ce23bb8,9ddc7e57-0082-4bd6-b175-db5a410497c6,0,el,1,Asia/Nicosia,,2025-11-17 16:41:20.312479+00:00,
a705b00b-30b1-45da-ad4d-c1ce873d0cec,26c849bd-eb0c-46c8-a9d3-c0ab014b93c8,1,el,0,Asia/Nicosia,,2025-11-17 16:41:20.312479+00:00,
ef88b1af-3748-4624-a0a5-87f15b6a339a,1ad2efaa-031a-42dd-9308-d89f3e8ba170,1,el,0,Asia/Nicosia,,2025-11-17 16:41:20.312479+00:00,
55bceb8c-b2bf-48c0-a3c4-0205787a802b,63071c20-cdf6-451b-8a96-bbb42590bcc6,0,el,0,Asia/Nicosia,,2025-11-17 16:41:20.312479+00:00,
1f5ef13e-37ba-413d-90ec-12f6e93a32c5,9518bddd-a484-4697-8dd6-d6250cac5b7e,0,el,0,Asia/Nicosia,,2025-11-17 16:41:20.312479+00:00,
cf46aa6a-db4c-47d4-ad6f-d677252eebf9,2000bd9e-4cfd-4cdd-9ff3-1f4018b4ea57,1,el,0,Asia/Nicosia,,2025-11-17 16:41:20.312479+00:00,
c3af732e-fc64-45e0-918a-89da0f5b6d51,8e4b148a-81eb-4e78-9bed-499bf9d74f86,1,el,1,Asia/Nicosia,,2025-11-17 16:41:20.312479+00:00,
7d00a7a3-29ee-4ead-a11a-6e2ca5639585,5602a652-9702-436e-a109-24e7e486e70e,1,el,1,Asia/Nicosia,,2025-11-17 16:41:20.312479+00:00,
6ec1db19-3485-4a98-9015-dd42a87f295f,60a036d1-a220-4a62-94aa-87bb1f24476e,0,el,1,Asia/Nicosia,,2025-11-17 16:41:20.312479+00:00,
14052dc2-ab81-4cf8-9a5d-543eaa2d6925,5c50971c-cac9-4e41-97ed-f8996e584fb3,0,el,0,Asia/Nicosia,,2025-11-17 16:41:20.312479+00:00,
26164a9d-d3d1-41e2-a968-41b47dfcc479,001149f2-314b-45f2-8bf3-e18f62df7e00,0,el,0,Asia/Nicosia,,2025-11-17 16:41:20.312479+00:00,
cfaa451e-ad1b-41d0-b3d6-6417fd9cb7b5,c6d09146-6818-448c-a633-d1a092848c6c,0,el,1,Asia/Nicosia,,2025-11-17 16:41:20.312479+00:00,
f6530012-753e-4757-b99b-c246f331bb48,41eb2af3-e7e9-4900-ba19-15e7760aa082,0,el,0,Asia/Nicosia,,2025-11-17 16:41:20.312479+00:00,
714e90aa-0cec-4501-882c-3d5a3c1f292b,bbcc0c8b-3cac-49e1-943a-dd52a09a1f45,0,el,0,Asia/Nicosia,,2025-11-17 16:41:20.312479+00:00,
ee980c09-699c-4e67-be69-1d89d8159ef2,084b0b56-b03c-4271-849d-d5a4092b788c,1,el,1,Asia/Nicosia,,2025-11-17 16:41:20.312479+00:00,
a96e0721-0771-4d89-88da-c78fa18af3fa,2b0c102e-383f-42bd-a99a-18e38092bafe,0,el,1,Asia/Nicosia,,2025-11-17 16:41:20.312479+00:00,
e20f2b3f-595d-47eb-b084-40231e6ed71f,8efceec9-afe1-436d-9cda-07d47b4876c7,0,el,0,Asia/Nicosia,,2025-11-17 16:41:20.312479+00:00,
dc8a599a-98df-478d-ac11-00f949142fed,5d975a57-6215-4111-966c-e6ca18f1a135,0,el,0,Asia/Nicosia,,2025-11-17 16:41:20.312479+00:00,
ad6241bf-c568-4193-bb6f-886e4f6c8365,f1a352a3-97ab-47e2-a5cf-82c201106c6b,1,el,1,Asia/Nicosia,,2025-11-17 16:41:20.312479+00:00,
65700410-0e84-4978-83bf-bde52180de4a,aa2f82ed-2432-42b5-83c6-e13ec66b65d1,0,el,1,Asia/Nicosia,,2025-11-17 16:41:20.312479+00:00,
305773b5-693e-433e-8ad1-320669574261,4cee21cb-c8f8-4afc-8ae3-9e5c660f2384,1,el,1,Asia/Nicosia,,2025-11-17 16:41:20.312479+00:00,
ec15a1f6-b63e-454d-99e7-027ab9d4eebb,b9ea85e5-6a90-4a1a-bc34-1d3327c58e0c,1,el,1,Asia/Nicosia,,2025-11-17 16:41:20.312479+00:00,
db5dda94-35dc-4992-aacb-2cfd99cb57fc,11f01515-e9f4-46d7-8189-95d86e9b3490,0,el,1,Asia/Nicosia,,2025-11-17 16:41:20.312479+00:00,
f464c002-66be-423b-944a-7ee54224fdde,43c8a170-ae2a-433c-8598-9a00fbdc76d2,0,el,1,Asia/Nicosia,,2025-11-17 16:41:20.312479+00:00,
d564c74b-3435-40b5-9030-ee44cfeb19b4,cb7dd946-f7b0-40e5-a505-0e9b62fe4ea9,1,el,0,Asia/Nicosia,,2025-11-17 16:41:20.312479+00:00,
c1094eaf-b468-4ee4-8e3c-ef5c84fa1ea6,8e7cad22-35ab-4cc7-be55-3e66cfdcae7c,1,el,1,Asia/Nicosia,,2025-11-17 16:41:20.312479+00:00,
9d64dc84-1f60-4a9e-86a0-f958b1a1cf96,33b07f1d-3f0e-4fb2-822a-9e26db932544,1,el,0,Asia/Nicosia,,2025-11-17 16:41:20.312479+00:00,
b794cd72-d1d5-4c55-9f39-78b18e365871,f9d41a7d-95e7-4956-b102-d89fc7ecbffb,1,el,1,Asia/Nicosia,,2025-11-17 16:41:20.312479+00:00,
6c946219-b6be-48c3-bbdf-e48b1772afb6,c554fb86-5943-4d7e-9ff5-5ef9fe34e431,0,el,0,Asia/Nicosia,,2025-11-17 16:41:20.312479+00:00,
c34d1e1a-af44-40be-b79f-565e667afec9,5473136e-0057-479b-9ad0-ac0159db774c,1,el,0,Asia/Nicosia,,2025-11-17 16:41:20.312479+00:00,
c58f4919-1ffa-47fa-9c16-a7cd5672ffcd,5cbbcdfd-f4a2-4e5b-800e-43588331b7c7,0,el,1,Asia/Nicosia,,2025-11-17 16:41:20.312479+00:00,
2f546889-b3ca-4be3-bd26-c30a734704a3,1f8e9eb1-282c-4d82-9ab0-50e3ee0f4acb,0,el,1,Asia/Nicosia,,2025-11-17 16:41:20.312479+00:00,
e68506b1-46b1-45ee-be07-6115b2223b94,d2a7c002-afef-4947-94c0-6ae3b7ffbe05,0,el,1,Asia/Nicosia,,2025-11-17 16:41:20.312479+00:00,
5aa6bf42-2ba8-47b0-9c62-b6490b8b2441,f72abaa0-4351-4268-93fe-a0a3b3d47478,0,el,1,Asia/Nicosia,,2025-11-17 16:41:20.312479+00:00,
fdf013ce-631f-4b5d-8f67-9b5128c28e52,32e163e8-17c7-4e32-9d3f-dcc85c802213,1,el,1,Asia/Nicosia,,2025-11-17 16:41:20.312479+00:00,
e47d4922-3bf4-4e0f-9352-af4df752cc13,9e2dfaaf-087b-41b9-bc5f-6c1338b9d2ab,1,el,0,Asia/Nicosia,,2025-11-17 16:41:20.312479+00:00,
61c1aaec-4af1-47d9-ac53-ab22e1ad6552,8b002250-c8f2-4f57-9d0c-a4c9136e4ac4,1,el,1,Asia/Nicosia,,2025-11-17 16:41:20.312479+00:00,
9c7f2e0c-00cc-4f98-9fd8-26a1e0894d85,828b0629-ef83-40d4-a944-671dece12b6d,0,el,0,Asia/Nicosia,,2025-11-17 16:41:20.312479+00:00,
d7b414a5-734b-4d4c-a72f-b8d063cbb636,cdc6997d-a241-454f-8821-88c83b2d3b5e,1,el,0,Asia/Nicosia,,2025-11-17 16:41:20.312479+00:00,
719848e4-fc58-4d89-8cfd-cc8b164da034,d5b7917f-ef36-4d0c-8c1a-b421f1de352e,1,el,0,Asia/Nicosia,,2025-11-17 16:41:20.312479+00:00,
544fbe53-a341-4ff6-8791-71aa71c2e844,a0654c5c-5192-4a0f-a0fb-d310f0ae285d,0,el,1,Asia/Nicosia,,2025-11-17 16:41:20.312479+00:00,
799b10ba-fdca-4006-b6ba-870dca9b4e81,7d6b24d5-790e-46e4-bcc6-33f3e85af057,1,el,0,Asia/Nicosia,,2025-11-17 16:41:20.312479+00:00,
249da447-e074-497f-a4c8-11259e76ba41,f369e798-51ff-4fb7-b2c8-5eb00a413075,0,el,1,Asia/Nicosia,,2025-11-17 16:41:20.312479+00:00,
b358c183-4f5f-48f9-be73-3ace16a5397a,f68906b4-7e52-4035-825f-2bfa4c8d1bfc,0,el,1,Asia/Nicosia,,2025-11-17 16:41:20.312479+00:00,
2a7f71c0-f3bd-4bd7-8083-791d508bc320,41ac66e2-543b-4a9f-914e-13bfcc3fe58b,1,el,0,Asia/Nicosia,,2025-11-17 16:41:20.312479+00:00,
c651be88-3aa1-4abe-8ff3-41d68fdfb88a,72bf5088-14e5-4971-b2a1-1fd257a6166c,1,el,0,Asia/Nicosia,,2025-11-17 16:41:20.312479+00:00,
1465579a-53b8-421c-9fda-24201379d802,ba7a1005-6c14-48ac-873e-af020513590a,0,el,0,Asia/Nicosia,,2025-11-17 16:41:20.312479+00:00,
52e1eede-eaff-4e04-bcfb-4e17ac3489dd,32d424fd-78d9-4c51-9869-d1c9cc62ba8e,1,el,0,Asia/Nicosia,,2025-11-17 16:41:20.312479+00:00,
3cdfd289-aae6-4f46-9600-e22ec068d3a7,487658b8-6d6f-4c95-bcb2-9d16291e66b1,1,el,1,Asia/Nicosia,,2025-11-17 16:41:20.312479+00:00,
065f6d29-604b-4694-8b63-09221453807f,9ba0da2a-8bca-4ed3-a543-fc1c268e3f96,0,el,1,Asia/Nicosia,,2025-11-17 16:41:20.312479+00:00,
d6d4e6df-0b6d-4c8f-8563-26fa0effee94,12926d7e-69a6-4895-970e-a0e590c26ad1,0,el,1,Asia/Nicosia,,2025-11-17 16:41:20.312479+00:00,
68008d97-af59-45c3-8c30-a8ebfbd9103f,4d4edf17-f300-4149-a536-e5fa221b76bb,0,el,0,Asia/Nicosia,,2025-11-17 16:41:20.312479+00:00,
7b08015a-4edd-45de-bf69-126fd12d4af1,46a16067-f534-4f4e-a039-bf6b3f7fabe3,1,el,1,Asia/Nicosia,,2025-11-17 16:41:20.312479+00:00,
a7c5e19a-2769-407e-a42b-c4bcdf9450d2,1a7d159d-821f-4fd8-9709-40ad8b6ecc50,1,el,1,Asia/Nicosia,,2025-11-17 16:41:20.312479+00:00,
376279d6-3ab7-49aa-8b09-c69a500104ae,1465f9e7-24dd-4bb6-a1d5-b6abf425c147,0,el,0,Asia/Nicosia,,2025-11-17 16:41:20.312479+00:00,
e73e1c9d-4b17-4005-b066-31590c3f1eab,675ffb10-c39e-4640-89e5-7f2b1eb611eb,0,el,1,Asia/Nicosia,,2025-11-17 16:41:20.312479+00:00,
89bf3c82-b43d-40fc-b106-9fe759ca54bf,7d5d84c5-8e73-4b2c-8dfc-77a428065e7c,1,el,0,Asia/Nicosia,,2025-11-17 16:41:20.312479+00:00,
d0af0d36-800b-4d90-a179-42a7966dae88,f2373be9-c35a-43f3-a5e1-b14d9b9c8fed,1,el,0,Asia/Nicosia,,2025-11-17 16:41:20.312479+00:00,
86e8da84-ed77-45a2-b2bb-d5c401a8c483,0f06ab0e-43dd-43b8-89a5-b0b448d41171,1,el,0,Asia/Nicosia,,2025-11-17 16:41:20.312479+00:00,
c71d417b-46b9-4b79-8483-429756ad07ea,cc2c427d-e29c-409d-a9fb-0753609b8935,1,el,1,Asia/Nicosia,,2025-11-17 16:41:20.312479+00:00,
bdd56ce6-8a6a-4076-ae0a-7d1c6cf86a88,848aa2ed-7931-4547-8015-f36709046f7e,0,el,1,Asia/Nicosia,,2025-11-17 16:41:20.312479+00:00,
b06d5d75-c106-4c72-bfae-54839d0998b0,f010a1d6-6695-4966-baea-f1ec708b91d8,0,el,0,Asia/Nicosia,,2025-11-17 16:41:20.312479+00:00,
31dba061-bbb7-4294-8809-3a0cbcbf1978,b8fe0179-15a6-48f5-adaf-229ed4bc68c0,0,el,0,Asia/Nicosia,,2025-11-17 16:41:20.312479+00:00,
efb0220f-d7d4-4308-a541-a758a980491f,29e24f77-ffb6-4295-996e-d4ed1e5274f7,1,el,0,Asia/Nicosia,,2025-11-17 16:41:20.312479+00:00,
e567ec0b-8074-42a6-a281-37c0cc71527a,f1faafbc-6646-42d1-88e1-40ea75d3f95c,0,el,1,Asia/Nicosia,,2025-11-17 16:41:20.312479+00:00,
aaad2692-1f82-460b-8593-0bf2af5f2939,1c35d8e7-cd96-4ccc-b33f-5df6dc392e33,0,el,0,Asia/Nicosia,,2025-11-17 16:41:20.312479+00:00,
b83a5603-ccd8-47aa-acf4-fcade53c973e,0f68c2a6-07de-4d1c-bc7a-6e026397b233,1,el,1,Asia/Nicosia,,2025-11-17 16:41:20.312479+00:00,
4e5267a6-70d6-4bd1-8008-b18a4b0fed7c,81a82d8f-45d9-4295-83c0-a54590ee3f4c,0,el,0,Asia/Nicosia,,2025-11-17 16:41:20.312479+00:00,
0d13a65d-c3de-44e8-ae88-b05c814fed2d,aeaf41e5-4f80-4369-a2ae-0f1cb9b2352b,0,el,0,Asia/Nicosia,,2025-11-17 16:41:20.312479+00:00,
b47f5207-2d06-4a4b-9ec4-00d9710e8c87,c16a7641-fa18-49d6-8aff-7e08bf3908e7,0,el,1,Asia/Nicosia,,2025-11-17 16:41:20.312479+00:00,
87d962c6-6710-434e-8e5d-f454ce98092b,3c4be805-404b-42cd-9072-decd820ec0f2,0,el,1,Asia/Nicosia,,2025-11-17 16:41:20.312479+00:00,
94927044-7cdc-464f-ae7f-6277582219e6,185d2f20-6fee-4111-966d-1b46e8c69821,0,el,1,Asia/Nicosia,,2025-11-17 16:41:20.312479+00:00,
a10eab50-2f8c-40eb-b5ab-505138097c9f,d8dd95e6-8069-4989-9f00-a1f5737c900b,1,el,1,Asia/Nicosia,,2025-11-17 16:41:20.312479+00:00,
57a45e34-bb4a-4104-b38a-572913d55636,a0482352-46b5-45ab-867a-d92db87c99b4,1,el,0,Asia/Nicosia,,2025-11-17 16:41:20.312479+00:00,
e43ded6c-449e-4f8e-b243-17f910a7c865,abe2b123-e1bd-4437-b7ea-03bb48f72634,0,el,1,Asia/Nicosia,,2025-11-17 16:41:20.312479+00:00,
baa21ac4-9ff3-45d4-9997-25d1e121041d,c3661b6f-2060-407c-834e-585dfcb99f0b,1,el,1,Asia/Nicosia,,2025-11-17 16:41:20.312479+00:00,
ab540983-d4b4-467c-a6d6-480d446e2d14,41571de5-5365-487f-b831-5e8d0e31ff26,1,el,0,Asia/Nicosia,,2025-11-17 16:41:20.312479+00:00,
77141b91-532e-4ee8-808e-ac11cb6ee2e4,000d7165-d39d-44dc-b792-d2e262add8f9,0,el,0,Asia/Nicosia,,2025-11-17 16:41:20.312479+00:00,
d9935ee0-038c-4304-a672-bccd75bb2f18,ca9ddaf3-6ab5-4791-9b4e-5e4ed729bc86,0,el,0,Asia/Nicosia,,2025-11-17 16:41:20.312479+00:00,
28f1b150-8269-4571-848a-b84667c2a082,dafdfd69-d271-4c5a-b589-2708514c2bda,1,el,0,Asia/Nicosia,,2025-11-17 16:41:20.312479+00:00,
363aa8d7-640f-4784-9e23-31b6ffe76e32,44e3b5a0-b2e0-44b7-82d8-a9bbc1c0e7d5,1,el,1,Asia/Nicosia,,2025-11-17 16:41:20.312479+00:00,
8b0b17e4-0ffd-4de1-a7fc-88e2db1604dd,8abb79e2-81db-4054-a114-17753cf92faf,0,el,1,Asia/Nicosia,,2025-11-17 16:41:20.312479+00:00,
cb2759cb-7bf8-47fc-8731-be9ce62a164f,ec703502-2d49-4cc0-943b-9a9acaa9708a,1,el,1,Asia/Nicosia,,2025-11-17 16:41:20.312479+00:00,
bbe9fd03-8ffb-49bf-8bbf-018e28c7f6ec,f2480b6e-8bde-4114-abd6-cd92e0a88bdd,0,el,1,Asia/Nicosia,,2025-11-17 16:41:20.312479+00:00,
efa20b04-fdf8-439b-b994-03490303cb67,952664fb-17ab-4298-9821-f1f26ab11f79,1,el,0,Asia/Nicosia,,2025-11-17 16:41:20.312479+00:00,
da6f4568-fbd5-4baa-9ce4-a6e20b89e9e1,8d84e00a-772c-4196-962a-635d7e657565,0,el,0,Asia/Nicosia,,2025-11-17 16:41:20.312479+00:00,
3a3e020a-c3a0-4500-8225-5749953b3359,ac72805a-9db4-49c9-bd18-cf4f2291158c,1,el,0,Asia/Nicosia,,2025-11-17 16:41:20.312479+00:00,
11d56ad0-c9d5-4f90-a61c-62fdc064d293,b84056a0-c902-427b-a0c2-4151a0f5a36c,0,el,0,Asia/Nicosia,,2025-11-17 16:41:20.312479+00:00,
cbd313af-2c01-4ce4-a988-aa88125f78bd,10a94e46-f534-4f7d-8eb6-5efd35cdc18b,1,el,0,Asia/Nicosia,,2025-11-17 16:41:20.312479+00:00,
dc1a67ca-e367-496a-8fa7-cd8fdc1ed2ea,47698477-aa9b-4216-844b-39d1d65ab1bf,0,el,1,Asia/Nicosia,,2025-11-17 16:41:20.312479+00:00,
96c770f3-71b4-4127-8b72-43bb5fb6911e,7cac3049-51b4-43d4-827b-d13528e29e7a,1,el,0,Asia/Nicosia,,2025-11-17 16:41:20.312479+00:00,
ecfc4ce5-9f3c-40cb-bc0f-c816ed81b4b4,77f66ff6-8269-4b87-a192-dd4a27e07ad1,0,el,1,Asia/Nicosia,,2025-11-17 16:41:20.312479+00:00,
45bf909f-e5aa-42b4-bbdf-22344235ba63,4b5dfa28-459c-4b34-978d-5a9efbe059bc,1,el,0,Asia/Nicosia,,2025-11-17 16:41:20.312479+00:00,
e91e8aeb-48d8-45fe-bfba-2f182bd2f8ab,0031612d-a1fe-428f-95ff-a511d8147053,0,el,1,Asia/Nicosia,,2025-11-17 16:41:20.312479+00:00,
8ce08066-0e41-4e42-9c72-b92a32ae8657,02cf46f3-85d2-4d5b-8991-47e7000d5c68,1,el,1,Asia/Nicosia,,2025-11-17 16:41:20.312479+00:00,
457ddc6d-bf4f-4766-9cf8-d72eb179a6e7,408335c2-e882-447b-92cb-3e65f20ce74b,1,el,1,Asia/Nicosia,,2025-11-17 16:41:20.312479+00:00,
8d96dfd3-03b5-481e-b71a-8b6843ce8417,1e499152-9a25-434b-8bdd-e70c41fa7519,1,el,0,Asia/Nicosia,,2025-11-17 16:41:20.312479+00:00,
32389221-a896-4e61-81c3-71ba575d471a,8f1df47c-c7c7-4780-b819-ffe9fdecd289,1,el,1,Asia/Nicosia,,2025-11-17 16:41:20.312479+00:00,
4fba9234-dd42-4294-a28c-87552bacde90,4b8cccae-becc-4ad2-ad42-0ac17b548d48,1,el,0,Asia/Nicosia,,2025-11-17 16:41:20.312479+00:00,
87a8135d-4667-4e72-8cef-c5ae4d472808,2279adab-e9ef-45c2-9b9f-a56f0ea7243c,0,el,1,Asia/Nicosia,,2025-11-17 16:41:20.312479+00:00,
785687f9-5977-4ec4-8668-e112659bcde3,ed9715b2-83a1-4f4c-af14-8c23f808d14a,1,el,0,Asia/Nicosia,,2025-11-17 16:41:20.312479+00:00,
85a5abf9-533b-475a-87cd-a36fa8c97cc5,c8e4e7ae-bcb0-403f-9165-c4ba3563578c,1,el,0,Asia/Nicosia,,2025-11-17 16:41:20.312479+00:00,
9383e31b-57f3-4dc0-b8e4-3e71b4483c5f,a93e8996-ce24-4a42-bae0-7d82aac4ea77,0,el,0,Asia/Nicosia,,2025-11-17 16:41:20.312479+00:00,
83c23daf-c7c7-4ec4-bb43-2c5adaa72ee2,a6910432-3431-4f7d-a20f-866b4b251795,0,el,0,Asia/Nicosia,,2025-11-17 16:41:20.312479+00:00,
cd5e9588-ac1d-4618-93db-f324819dc64c,5fc4d4f9-d757-4ef2-b389-9a6aaf4ca074,1,el,0,Asia/Nicosia,,2025-11-17 16:41:20.312479+00:00,
6e7cba60-667c-4f05-9d3b-462ac7e843e2,546313e2-f9c5-4ab2-9b26-dbb67c8d9b03,1,el,0,Asia/Nicosia,,2025-11-17 16:41:20.312479+00:00,
2dffe118-cbe6-4040-8af3-c33bf1036277,782e5cab-3ff6-44eb-91c4-94c60b4a9d3b,1,el,1,Asia/Nicosia,,2025-11-17 16:41:20.312479+00:00,
e50ffe06-448c-4424-8af8-4eaf3cc925b2,f15ef64f-8c73-417d-9921-eade59b60d3d,0,el,0,Asia/Nicosia,,2025-11-17 16:41:20.312479+00:00,
0e0e9fd1-1d91-46e4-982c-1786128de3c7,b41e1096-7afc-4e83-9776-3f94ab306c36,1,el,0,Asia/Nicosia,,2025-11-17 16:41:20.312479+00:00,
6e077986-c173-4655-8b55-09e1f7f5c462,2ca4375e-aa59-434e-8f2c-e8ef57d1213a,1,el,0,Asia/Nicosia,,2025-11-17 16:41:20.312479+00:00,
82f6eb12-568f-4062-8336-3ecb4d0c9b5a,da41a248-202e-4494-89ad-68b136d99da6,0,el,1,Asia/Nicosia,,2025-11-17 16:41:20.312479+00:00,
d8da1016-b7ed-453f-a008-1f0c98c3da38,4857b414-3e75-4539-885a-4d94a8900644,1,el,0,Asia/Nicosia,,2025-11-17 16:41:20.312479+00:00,
490da91f-3eda-462c-a611-924080134630,bc3c2777-401c-4512-b1b4-5053770efc10,0,el,1,Asia/Nicosia,,2025-11-17 16:41:20.312479+00:00,
924dfb56-13fb-41d8-9db2-14aea1882897,55650e42-d47d-4035-a34b-fe292f43cde2,0,el,1,Asia/Nicosia,,2025-11-17 16:41:20.312479+00:00,
d022aea4-059b-48f6-99f7-773417c186fc,6d4cea81-e345-4ec2-a9fb-bd015aeb55dc,1,el,1,Asia/Nicosia,,2025-11-17 16:41:20.312479+00:00,
c4111e28-1e73-4f16-a0a3-8eed24c71535,1c8231d6-f41a-4810-8314-8a09d9fd698f,1,el,1,Asia/Nicosia,,2025-11-17 16:41:20.312479+00:00,
ff90082e-642c-4720-8f09-be2fd86b7920,291e2e95-1c74-463c-9438-8a2c5e3e3d3d,0,el,1,Asia/Nicosia,,2025-11-17 16:41:20.312479+00:00,
33ac3858-129d-465e-a7de-b69ec7067360,410570aa-0bee-4cc9-95cf-5588075727dd,1,el,1,Asia/Nicosia,,2025-11-17 16:41:20.312479+00:00,
9430822c-da47-46b0-8a32-9a80f93d2675,5da342fa-52a0-44c5-982d-99f6aa0594e3,1,el,1,Asia/Nicosia,,2025-11-17 16:41:20.312479+00:00,
84703310-eb9a-45c9-a9e6-74078593c37a,79b11665-3f93-4acc-9ebb-b41d2eb8dca3,1,el,0,Asia/Nicosia,,2025-11-17 16:41:20.312479+00:00,
326825b7-f687-431a-a4ef-cd6d4be24b30,fab12fcb-3fba-4ac3-8cdb-8c7ce8b04fca,0,el,0,Asia/Nicosia,,2025-11-17 16:41:20.312479+00:00,
2a547a1c-989c-4238-9b34-4847c3c7d838,50d2b5de-1d81-4f04-8f56-238ca8ae3c12,0,el,0,Asia/Nicosia,,2025-11-17 16:41:20.312479+00:00,
d4d9b02f-c4b9-4c87-84c7-ffa4e200fba7,9b4b897b-da88-4331-b474-9cbc504d79e2,1,el,0,Asia/Nicosia,,2025-11-17 16:41:20.312479+00:00,
449d3ca4-f0b5-4b6e-8032-897d64d636d3,d11651da-3f86-4c88-8db1-bf08008dab04,0,el,1,Asia/Nicosia,,2025-11-17 16:41:20.312479+00:00,
dcfb9b27-f7c5-4115-8446-d9f1be9ef710,31f17c8f-be82-4491-bd26-f16b420c5cd5,0,el,1,Asia/Nicosia,,2025-11-17 16:41:20.312479+00:00,
23662b29-39d2-4056-a780-8900204a3499,3f24844a-6b4c-4e1f-bcf8-4b8a2aa6881d,1,el,1,Asia/Nicosia,,2025-11-17 16:41:20.312479+00:00,
cd4ca7d8-0f60-4ed9-85a2-ba597a18a9e8,c0b2e8f9-4039-40cd-a031-259f519ea23b,1,el,1,Asia/Nicosia,,2025-11-17 16:41:20.312479+00:00,
69eb5f24-273e-4da3-9608-c6c14c616ee7,5ba56de0-0063-4135-b731-9efdda0fa2ce,1,el,0,Asia/Nicosia,,2025-11-17 16:41:20.312479+00:00,
a65e36ed-a84a-4685-b6b9-456a281465d0,6655587a-dbfe-418f-ba52-a80aed974ed0,1,el,0,Asia/Nicosia,,2025-11-17 16:41:20.312479+00:00,
03676d4a-c187-4861-bf61-26c1641e5b95,0fce141c-7d3d-4198-9270-3e9682aeaacc,0,el,0,Asia/Nicosia,,2025-11-17 16:41:20.312479+00:00,
7ec28b0c-7bfe-4c2a-b32c-d3e3acf73ee5,4a6f7ab6-ab47-4b04-8c84-028f03031375,1,el,1,Asia/Nicosia,,2025-11-17 16:41:20.312479+00:00,
7469a793-551f-4220-9b0d-c4991f4256f4,3f6cbed6-a0fb-4d89-9b79-65357a3b40e0,1,el,1,Asia/Nicosia,,2025-11-17 16:41:20.312479+00:00,
95fda9a5-a898-4c46-b0e3-de802eb862bd,eef89d3e-049d-45d6-9586-d2029b77ffd2,0,el,1,Asia/Nicosia,,2025-11-17 16:41:20.312479+00:00,
51965395-a431-4840-ac10-5bb125056195,b59c0d38-c589-4839-8997-197286da3076,1,el,0,Asia/Nicosia,,2025-11-17 16:41:20.312479+00:00,
5957111e-92a7-4970-b057-5c089ed6306d,cc7e1012-8ca2-41cc-a990-80f2cc76ac03,1,el,1,Asia/Nicosia,,2025-11-17 16:41:20.312479+00:00,
7427ceca-2816-43b0-91cc-ca87beaf5c6a,b7e5d996-bad3-46e1-adc8-57be3a89e11a,1,el,1,Asia/Nicosia,,2025-11-17 16:41:20.312479+00:00,
5e1ee136-8b84-4a0b-a077-0292a46e0f28,0752e9d0-d45b-4039-9dd3-13d4e9d05977,0,el,1,Asia/Nicosia,,2025-11-17 16:41:20.312479+00:00,
3e5ad712-4a2c-4a65-b32a-f5063d353464,1cca357f-31a8-4806-8d2a-883d329f4a16,1,el,0,Asia/Nicosia,,2025-11-17 16:41:20.312479+00:00,
d64c89c9-3ead-4152-9a68-c638a4c21887,ce6f2026-9a68-4dc9-b295-16080884ab04,1,el,0,Asia/Nicosia,,2025-11-17 16:41:20.312479+00:00,
f2b8a416-7a0a-4d45-9c76-98e5617c48fc,538af216-f3ab-4022-bbfd-5c497928d2ef,1,el,1,Asia/Nicosia,,2025-11-17 16:41:20.312479+00:00,
4161b45a-d22d-4acb-95e5-ccd2c6a0a4f1,c4f72a9d-be10-4f84-b22a-9fc7d8dcf715,1,el,1,Asia/Nicosia,,2025-11-17 16:41:20.312479+00:00,
16ee7ccf-deaa-4bfc-9083-553dfe4726fb,165bf725-44d3-48e6-8c07-fff4092f3fff,1,el,0,Asia/Nicosia,,2025-11-17 16:41:20.312479+00:00,
e27fa1a8-e773-480d-9ba2-cb1f72c22afb,23eb7c2b-6b87-401d-8b2c-df2b60d5516a,0,el,1,Asia/Nicosia,,2025-11-17 16:41:20.312479+00:00,
f6ee5b53-d39a-4624-81d7-3291865e6b74,9863d1aa-cfa9-48f0-ab6a-875b85999e90,1,el,0,Asia/Nicosia,,2025-11-17 16:41:20.312479+00:00,
cf6514bf-0f8c-4856-a99b-3e3a961f5d1b,9c6d596f-45af-44d2-a6da-9b8073ce9858,0,el,1,Asia/Nicosia,,2025-11-17 16:41:20.312479+00:00,
554f2784-7659-4a86-b161-bd865560e01b,2b343df9-aafc-4c78-8dcf-01f365cdfe70,1,el,0,Asia/Nicosia,,2025-11-17 16:41:20.312479+00:00,
ba05fd29-05cf-4792-a5a5-a72328259f35,94556dcd-36f1-444f-8b9b-528070a82171,0,el,0,Asia/Nicosia,,2025-11-17 16:41:20.312479+00:00,
d1720cdd-9113-4af7-9948-97a0398121c6,330f2e54-b068-4294-bfb2-62df16e8c961,1,el,1,Asia/Nicosia,,2025-11-17 16:41:20.312479+00:00,
52d7c882-e11c-47fa-a0f4-6236c334400f,22296281-434d-46fe-90c5-7c5bbcdf4e57,1,el,0,Asia/Nicosia,,2025-11-17 16:41:20.312479+00:00,
2294370f-8f80-441b-99e4-221a2508569c,05b65040-1f1d-49d7-a53a-0aea903cccc7,1,el,0,Asia/Nicosia,,2025-11-17 16:41:20.312479+00:00,
9866cfee-59fb-4ecb-be8d-f2046c788fbf,99734640-0a73-420b-806f-a69ba96ad7c4,1,el,1,Asia/Nicosia,,2025-11-17 16:41:20.312479+00:00,
51a0c05d-5a38-4dc1-a2f1-e9ae7ce8beed,9a869d31-1d1b-4db6-91aa-6df6b064169c,1,el,0,Asia/Nicosia,,2025-11-17 16:41:20.312479+00:00,
7dc8b501-33d3-4815-9c15-5aed644ea2c7,bd277947-994f-4a60-b3f1-60906a0a555b,0,el,0,Asia/Nicosia,,2025-11-17 16:41:20.312479+00:00,
06cf38e0-8fc6-4eac-873b-aab0285c818b,1b27aa8f-eaf3-412b-9105-a0e1c70290af,1,el,0,Asia/Nicosia,,2025-11-17 16:41:20.312479+00:00,
349ff192-10b4-48f8-9e8a-f56324d363da,6517adad-24e9-4d8b-95a4-432ff4f9af17,1,el,0,Asia/Nicosia,,2025-11-17 16:41:20.312479+00:00,
f89966cc-06c6-4c97-b2d3-6594955aa9fc,545b79db-135e-49e7-a20a-76ece1fe9721,1,el,1,Asia/Nicosia,,2025-11-17 16:41:20.312479+00:00,
9622d794-fe5c-4f29-a5f1-197d9468b732,e2ba0002-d6b5-4fdc-b5e9-fe985cefbd63,1,el,1,Asia/Nicosia,,2025-11-17 16:41:20.312479+00:00,
793ac2a0-ba2c-45e9-b7e3-d7612fac866a,20055616-4dce-491c-9c5b-d1e280ec5df3,0,el,1,Asia/Nicosia,,2025-11-17 16:41:20.312479+00:00,
0f4cd46b-614c-424b-bf28-3be103eed4c1,596c1eaf-89c0-4b49-ac6e-3bd39f4d70d4,1,el,1,Asia/Nicosia,,2025-11-17 16:41:20.312479+00:00,
4add3337-a4bc-4a3d-a306-3d63411f9c19,6323caf6-5e0e-49b4-8767-d02fba88531c,1,el,0,Asia/Nicosia,,2025-11-17 16:41:20.312479+00:00,
47751a99-505e-4b71-a4d8-3c9d895faea8,27f40c7a-ebd4-48d1-ab23-66c29d836497,1,el,1,Asia/Nicosia,,2025-11-17 16:41:20.312479+00:00,
a4468b14-2854-4b78-8506-60d1fe900e60,3f3bc86f-15fc-4b48-9ee4-4e2d37e34fbd,0,el,1,Asia/Nicosia,,2025-11-17 16:41:20.312479+00:00,
a6295140-df63-482e-af44-33c4640d1f03,05a44094-6e09-40fe-994d-11fde0ccd037,1,el,1,Asia/Nicosia,,2025-11-17 16:41:20.312479+00:00,
55026689-f82b-4f35-8995-e6758afc1295,472036a4-6739-4d58-a2a9-26a5a84f230d,0,el,1,Asia/Nicosia,,2025-11-17 16:41:20.312479+00:00,
e06340c3-6e61-4f3b-8cec-9993e654bcaa,1ab3c11c-d856-433a-adfe-5d462ae5eb45,0,el,1,Asia/Nicosia,,2025-11-17 16:41:20.312479+00:00,
6d8bb5c2-266d-4567-9eba-cfeb7a8998c0,8ca602b2-8657-4f35-ad5b-8ceec7b52e93,0,el,1,Asia/Nicosia,,2025-11-17 16:41:20.312479+00:00,
f02c4d06-08b5-46bd-a06d-fdc3f70111b4,c7d14dee-baa2-4e9e-83a9-7cf165ab0fb7,0,el,0,Asia/Nicosia,,2025-11-17 16:41:20.312479+00:00,
8952dfd2-1afd-4ee1-9497-6c7fdc335d84,fb78d364-0df3-4940-b603-9b96ce37d80e,1,el,1,Asia/Nicosia,,2025-11-17 16:41:20.312479+00:00,
d2263af3-0c1c-4d08-9200-8904ef026640,5817f842-2b4e-4644-9191-35babf79027c,0,el,1,Asia/Nicosia,,2025-11-17 16:41:20.312479+00:00,
4424821e-2191-413b-963a-4adcb7727abc,19af21f4-fe05-46fe-a37c-de8d3c9e6e49,1,el,1,Asia/Nicosia,,2025-11-17 16:41:20.312479+00:00,
9393a3db-9d9f-4e8d-9f6f-87315fd8995a,a1da1836-b503-4dda-ac07-4e77901c8711,1,el,0,Asia/Nicosia,,2025-11-17 16:41:20.312479+00:00,
522980bb-9c92-48eb-9956-16d740fd9b72,20f39c2c-54e2-4a3c-9420-4a39d22dd4f2,1,el,0,Asia/Nicosia,,2025-11-17 16:41:20.312479+00:00,
5122feab-f9aa-40ab-88c4-8ec65f942bc2,8441369a-d639-47c6-bb64-1e21bf11bc59,1,el,1,Asia/Nicosia,,2025-11-17 16:41:20.312479+00:00,
29ea222e-d769-4bda-98d1-4d76de93c656,f4ed142e-cccf-43e3-b74f-68b0f65c8cc7,0,el,0,Asia/Nicosia,,2025-11-17 16:41:20.312479+00:00,
ca4e8ef1-bf3d-4fdc-a6a0-1c39a2784c94,53c2db60-c168-4877-8a42-3d2c1bc19aaf,0,el,1,Asia/Nicosia,,2025-11-17 16:41:20.312479+00:00,
a6851ad3-68ed-4143-bc5f-4916a3d78d57,ab46b336-904c-402e-b379-79a770bee8e6,0,el,1,Asia/Nicosia,,2025-11-17 16:41:20.312479+00:00,
5c1c0d93-a60f-4b69-a76e-0c0952024e89,5f2f4dec-4cba-4b65-92b7-abe2ab855835,0,el,1,Asia/Nicosia,,2025-11-17 16:41:20.312479+00:00,
b481eacf-de8d-4917-aac4-a218b88b0c67,9d6edae8-8e84-4562-b379-a4418ebf6e0a,0,el,0,Asia/Nicosia,,2025-11-17 16:41:20.312479+00:00,
2ac530a2-ff60-4363-a951-80480c32ce5e,dda28f9c-b097-4e71-bd2d-30179078c57c,0,el,1,Asia/Nicosia,,2025-11-17 16:41:20.312479+00:00,
1ba7349d-556d-4b4a-b5f1-4207f4a4f6fd,52cb4092-9350-409e-a10a-cac5419d47bb,0,el,0,Asia/Nicosia,,2025-11-17 16:41:20.312479+00:00,
d55261d5-3c5e-419e-9b1d-56d3a17c468e,64d2b68c-8b82-4ecb-ba80-eff77b877deb,1,el,1,Asia/Nicosia,,2025-11-17 16:41:20.312479+00:00,
647ee65a-0d97-4bd2-bfa4-231cfa825fca,67eb3e35-7471-4e8c-8e77-2b3759671dbf,0,el,0,Asia/Nicosia,,2025-11-17 16:41:20.312479+00:00,
21dc6d6d-f2d7-46be-b8dc-d64eb576a78c,b0f47afc-cfb2-4b31-9796-23fd624e4795,0,el,0,Asia/Nicosia,,2025-11-17 16:41:20.312479+00:00,
d989334f-a501-4044-b401-e3567c14b75b,4eb4c971-cf52-49ae-8b60-ab92efcab4ff,1,el,0,Asia/Nicosia,,2025-11-17 16:41:20.312479+00:00,
5b4b5d85-07a1-4158-b1ad-c0f5d127636a,e8ccba68-6d24-4b6d-a289-2f63348539d5,1,el,0,Asia/Nicosia,,2025-11-17 16:41:20.312479+00:00,
5375ea26-4a94-4f7c-a13d-4e0663097b66,280f1a3b-092e-42dc-8f14-5a4e8de5d12d,1,el,0,Asia/Nicosia,,2025-11-17 16:41:20.312479+00:00,
5b264567-175e-4d23-bf33-2e50ad683ee4,a7c219b0-417a-4d22-b61f-eb5e2a95339c,0,el,0,Asia/Nicosia,,2025-11-17 16:41:20.312479+00:00,
44ea9563-38d6-4796-9f20-fea9a5d607a2,4c3ba835-b4c7-4185-8083-91091d333bf7,1,el,0,Asia/Nicosia,,2025-11-17 16:41:20.312479+00:00,
3c1df23b-c284-4bc9-946f-5204e2784f45,0b098021-dbc6-4fb2-b34f-bfd9a90e0001,0,el,0,Asia/Nicosia,,2025-11-17 16:41:20.312479+00:00,
a24a04e8-e5bd-472c-b17b-fe4eaa2d4c32,edd8bc31-a2d3-4ada-8fb4-6d4d55a5fcbc,1,el,0,Asia/Nicosia,,2025-11-17 16:41:20.312479+00:00,
8f4a79e7-0f1a-4c36-bbcf-c142a8af5050,6221b01c-a9d3-4060-aa09-852ea61225a7,0,el,0,Asia/Nicosia,,2025-11-17 16:41:20.312479+00:00,
dbbd336c-7491-4e6c-83a7-bab2e82c0e2a,6e006509-9a8d-40ea-9ced-47399ef1f3af,1,el,0,Asia/Nicosia,,2025-11-17 16:41:20.312479+00:00,
d7b3eec8-633a-4113-8b85-7cab6ef8f78a,32ad0530-320b-4e79-ab8f-8251a9a88c0d,0,el,1,Asia/Nicosia,,2025-11-17 16:41:20.312479+00:00,
bdbbbd79-bd4e-4313-8927-dcc275ff21e9,f8278093-d3c2-4f1f-8c17-7492f1d287db,0,el,0,Asia/Nicosia,,2025-11-17 16:41:20.312479+00:00,
a765b966-ce77-4331-a0d5-4f805bf44a8c,22650e99-2983-4a7a-95db-aa43d9ba66be,1,el,1,Asia/Nicosia,,2025-11-17 16:41:20.312479+00:00,
c0af48e1-a790-41f5-a885-1eb591c8f3bc,0988a297-9dca-4e5a-9352-5e44588c2e2d,1,el,0,Asia/Nicosia,,2025-11-17 16:41:20.312479+00:00,
582cd61a-da3b-4997-93f8-db0ae019b47f,3d82971a-8585-41a5-8312-56e713033842,0,el,0,Asia/Nicosia,,2025-11-17 16:41:20.312479+00:00,
7c8d2ea6-fbbf-4b0e-aa89-dba27c71c64d,4a7fec0e-3a13-4fda-858b-a9070572a631,1,el,0,Asia/Nicosia,,2025-11-17 16:41:20.312479+00:00,
d7988bbf-e2b7-4fb3-81ba-e8d914159f71,ac6b28cd-3d1d-4489-a860-d6c17e6a0820,1,el,0,Asia/Nicosia,,2025-11-17 16:41:20.312479+00:00,
ee8330ba-525f-41f5-870b-f0eadd9f22cf,6bea3e1f-10c7-4db7-a644-e5d78a6d998d,1,el,1,Asia/Nicosia,,2025-11-17 16:41:20.312479+00:00,
7ad3be13-1285-467d-a51d-2b95df472762,22849d63-d383-4230-9dd6-6a6dfe7edf47,0,el,1,Asia/Nicosia,,2025-11-17 16:41:20.312479+00:00,
c92d8365-5df8-4fa0-9a71-e010e25275b5,592f39ed-8b5e-4f8d-aa86-2c43cc26d2a0,0,el,0,Asia/Nicosia,,2025-11-17 16:41:20.312479+00:00,
f542f099-b8a6-4093-8a97-010805c2affe,452721cb-1c57-47b4-8f01-fe7703183ed9,1,el,1,Asia/Nicosia,,2025-11-17 16:41:20.312479+00:00,
3aa66bc0-7b32-4930-a31b-ada58a58e4fb,75744155-e46f-419e-a51f-1875fa42b1f5,0,el,0,Asia/Nicosia,,2025-11-17 16:41:20.312479+00:00,
8f3e6a05-83c2-44d4-9985-f3b077fb6547,35722c30-5f47-41b0-8670-14245f94a163,1,el,1,Asia/Nicosia,,2025-11-17 16:41:20.312479+00:00,
e13e01d1-bbe9-4c98-8644-e2fa03a88c3d,3bce1d16-ad94-4e24-9f74-39f665855efe,1,el,0,Asia/Nicosia,,2025-11-17 16:41:20.312479+00:00,
587c3df5-2907-41e0-89b3-f9b7fcc07495,0ae1ec13-b05d-444c-af26-3e258598b650,0,el,0,Asia/Nicosia,,2025-11-17 16:41:20.312479+00:00,
82845cbe-84c5-4c66-94bc-f6316882b546,017abbba-17e6-4f89-84d3-d9eb6d862cbb,0,el,1,Asia/Nicosia,,2025-11-17 16:41:20.312479+00:00,
ab162e0c-cef3-42c4-94c2-42bc4e3ff1c8,fde27436-7fd9-434f-bd98-b9d822eeca36,0,el,1,Asia/Nicosia,,2025-11-17 16:41:20.312479+00:00,
b60f1976-0f9f-4197-9a2a-9c6cede422ea,7a85284d-824d-49a4-a289-021f9835f24b,1,el,0,Asia/Nicosia,,2025-11-17 16:41:20.312479+00:00,
f38cc9f9-b350-4b9b-a54f-4813c52178d5,8da99c95-9a78-4a66-a47e-064821034f2b,1,el,0,Asia/Nicosia,,2025-11-17 16:41:20.312479+00:00,
5f37eed7-fc40-41e8-86ef-d02d08c31b19,1aa940b5-aae5-417c-a9b1-5555a1e36688,1,el,0,Asia/Nicosia,,2025-11-17 16:41:20.312479+00:00,
2fd68157-597d-475a-a5cd-d16df0021504,9b9a3098-5b77-4506-a857-d5bd7e8a955b,1,el,1,Asia/Nicosia,,2025-11-17 16:41:20.312479+00:00,
322af1e6-0f6a-48ce-8a45-6f6f19be523f,6a269315-449e-4442-aa1a-8fb4045b9bcf,0,el,1,Asia/Nicosia,,2025-11-17 16:41:20.312479+00:00,
248debcc-0f07-4270-8790-e93f67e286ee,38be87e7-ca00-4bb8-a9f2-283c387fc051,0,el,1,Asia/Nicosia,,2025-11-17 16:41:20.312479+00:00,
2490a4a0-b821-4988-8294-48ae7ba64c76,29261179-6c5a-4cf6-9521-8410ccdabf70,1,el,1,Asia/Nicosia,,2025-11-17 16:41:20.312479+00:00,
6fe41229-032e-4ab7-8ac4-48947783650a,d2b70f99-7e72-42f5-93e4-023dd6b122b8,1,el,1,Asia/Nicosia,,2025-11-17 16:41:20.312479+00:00,
35672987-3732-42a6-8550-349cba3ce497,6021d6ce-aff9-4197-879d-963160e508fe,0,el,1,Asia/Nicosia,,2025-11-17 16:41:20.312479+00:00,
4fb5492c-da49-43fb-92c1-638ccf4d7aad,86592977-1d50-4f9c-8329-5f6419a7f6c3,0,el,1,Asia/Nicosia,,2025-11-17 16:41:20.312479+00:00,
884bc925-7526-4b73-91ac-c531d9c8cde5,db65a12e-ea0a-4964-9b33-2b9988cfd9b3,1,el,1,Asia/Nicosia,,2025-11-17 16:41:20.312479+00:00,
4b5f3fe5-dc74-49ca-8418-131f6c53a631,5eff12df-b9aa-4f37-a81d-41f2e54aa46c,0,el,1,Asia/Nicosia,,2025-11-17 16:41:20.312479+00:00,
3c3c10d3-acdb-4f2a-8201-2ce36f398dfa,2dd33a67-dc4c-4a41-a304-78d1b3c752e1,1,el,0,Asia/Nicosia,,2025-11-17 16:41:20.312479+00:00,
a7e23106-a23a-43aa-83fa-ec4445921318,5e54ae95-6483-4591-a4c5-9dc457896933,0,el,0,Asia/Nicosia,,2025-11-17 16:41:20.312479+00:00,
b8866b5b-007d-45e1-b75c-b9fcadbf8da8,675858d5-5009-4c08-a7f5-91380115006a,1,el,0,Asia/Nicosia,,2025-11-17 16:41:20.312479+00:00,
ae6ba494-0bbf-4be6-bf55-1854b289cf6a,59a67030-6e57-406e-80de-d8753e33f56b,1,el,0,Asia/Nicosia,,2025-11-17 16:41:20.312479+00:00,
93a3f321-a0eb-4867-aac8-c1a45e0848cd,a70b7c4e-ad21-4722-9893-555ecd38795b,0,el,1,Asia/Nicosia,,2025-11-17 16:41:20.312479+00:00,
e7db0618-2479-49fe-a4ca-f4fa32231de9,9cec2486-1647-492a-9bd2-2ebd0b7c80fe,1,el,0,Asia/Nicosia,,2025-11-17 16:41:20.312479+00:00,
b53807ba-5367-4b13-baa0-05c2682f24fd,47043ee8-ec93-41c1-bd87-4007f182926b,0,el,0,Asia/Nicosia,,2025-11-17 16:41:20.312479+00:00,
dc354c87-5df4-4002-8184-b8f1f7c825d4,36a0f1db-40c7-47d7-95f0-34ac5ec760ec,0,el,1,Asia/Nicosia,,2025-11-17 16:41:20.312479+00:00,
3b884c6c-c750-4437-978b-ca6a4eed31cf,e1b31897-c9b0-4950-903b-1adc8f9a0456,0,el,1,Asia/Nicosia,,2025-11-17 16:41:20.312479+00:00,
69a18240-0756-4eb8-9dd3-463703d64240,288cf93e-7d3f-4e96-b05c-f97745887ff4,0,el,1,Asia/Nicosia,,2025-11-17 16:41:20.312479+00:00,
7014070d-88c5-4fcb-83c7-597b68a01ab9,b0247508-0f0b-40d3-91b1-4f265acd5125,0,el,0,Asia/Nicosia,,2025-11-17 16:41:20.312479+00:00,
37fc515b-caf5-4862-aed1-976013e7494c,d62122a4-c68e-472f-b589-f4c92cd18850,1,el,1,Asia/Nicosia,,2025-11-17 16:41:20.312479+00:00,
3c2fafc3-46df-45a7-b178-71f11c1c9ff3,6dbcb12c-b603-4451-8478-25a409123269,1,el,1,Asia/Nicosia,,2025-11-17 16:41:20.312479+00:00,
4cb015e7-a0b1-4c48-8f26-60a84603b88c,d8d59790-e44e-4bf9-9a9b-d5fce2943059,0,el,0,Asia/Nicosia,,2025-11-17 16:41:20.312479+00:00,
3bb0e9c3-5d01-4a8c-afdb-3ff49d06a798,31326108-bd1a-40c0-8ba6-9a0dee7e828e,1,el,1,Asia/Nicosia,,2025-11-17 16:41:20.312479+00:00,
640b4916-e738-4b50-8133-2ed88ea23873,17901be5-176a-4498-ba05-b7cd092bc44e,1,el,1,Asia/Nicosia,,2025-11-17 16:41:20.312479+00:00,
cde9c018-87a3-4bb3-a2a2-f127a3fb839a,568838a7-80dd-4f4e-9bdb-84fb79de595c,1,el,0,Asia/Nicosia,,2025-11-17 16:41:20.312479+00:00,
7cabc64b-05da-4d0b-81f5-0de2256dc552,ea3d6f46-9ad6-4bdc-879f-8bef875f23ca,1,el,0,Asia/Nicosia,,2025-11-17 16:41:20.312479+00:00,
79e710fc-a3cb-4d7c-a4ad-c31e0f5840b2,4f5a8aa6-b2e7-493c-bf33-9689a9a4d498,0,el,0,Asia/Nicosia,,2025-11-17 16:41:20.312479+00:00,
aaa14d94-4630-4d22-97ff-290723f1b499,8f9dc807-99cd-4ae9-aa9d-d2c94f550200,1,el,0,Asia/Nicosia,,2025-11-17 16:41:20.312479+00:00,
9b8f60a2-6398-4ac8-bef0-3d1f4d276317,dbadf964-fb72-431e-9495-3d3ad6544a00,1,el,1,Asia/Nicosia,,2025-11-17 16:41:20.312479+00:00,
a0e96ca7-7ef2-43bc-b6c5-ba08e380c828,7035eebf-9e87-45e6-9e87-379a0c1aebc9,1,el,1,Asia/Nicosia,,2025-11-17 16:41:20.312479+00:00,
e77dd58c-c406-4287-9eb3-62cce761dea8,27776102-ac0d-4eed-8f1f-1214bd046547,1,el,0,Asia/Nicosia,,2025-11-17 16:41:20.312479+00:00,
185fb431-8079-40b4-b22d-e39484a8259e,45fc4281-5b76-4174-b40c-0a97346f7627,1,el,1,Asia/Nicosia,,2025-11-17 16:41:20.312479+00:00,
88f8d9cd-cca2-438a-9d37-3437a5ae92bb,7d466550-3611-4e11-b87b-30ae434bee72,1,el,0,Asia/Nicosia,,2025-11-17 16:41:20.312479+00:00,
862096f7-5b9d-4e05-9e43-1a548b3e383d,5a4855d7-3284-47b4-8380-a671f55f8448,0,el,1,Asia/Nicosia,,2025-11-17 16:41:20.312479+00:00,
1a05afb5-5a1c-4280-a82c-55d1440c535c,bfca2810-b9f3-4753-b0a6-f505d1ed9d20,1,el,1,Asia/Nicosia,,2025-11-17 16:41:20.312479+00:00,
fbf97c99-36ee-49f4-98f0-f143f64e2f3d,01382ec2-c12b-43ec-b19d-e557dbcee731,0,el,1,Asia/Nicosia,,2025-11-17 16:41:20.312479+00:00,
c5985529-64fe-435a-8457-ccc5d09c013d,241d11d2-13ac-47c1-8dbf-193f4e25eb10,0,el,1,Asia/Nicosia,,2025-11-17 16:41:20.312479+00:00,
2a717060-9ca1-4cd0-9a7b-4d894ed5cbac,26ca59b4-4cdb-41e2-8b8f-075cad8d48e4,1,el,0,Asia/Nicosia,,2025-11-17 16:41:20.312479+00:00,
ce00a0a9-252a-4b49-aee7-d72a1933b857,8c45ac37-b7f9-42db-a568-a68dc5fbdb0b,0,el,0,Asia/Nicosia,,2025-11-17 16:41:20.312479+00:00,
e1198779-5343-4beb-836b-15335528a1de,baee55e4-acc4-4d59-8a82-1985be7c60f8,1,el,1,Asia/Nicosia,,2025-11-17 16:41:20.312479+00:00,
6df327d8-48a3-4fd3-97b0-06064845aac2,e38b599a-68ca-4e2b-be48-60ccc400d78d,1,el,1,Asia/Nicosia,,2025-11-17 16:41:20.312479+00:00,
a74a7402-afd6-4bf6-9eb4-1763d4e233a0,160e17e8-1984-486a-ab78-e6411edd64f7,1,el,0,Asia/Nicosia,,2025-11-17 16:41:20.312479+00:00,
78b6043a-ea63-4e8c-928f-d4152e5ff509,a7485cb6-9199-47e3-89e8-f65d67345df9,0,el,1,Asia/Nicosia,,2025-11-17 16:41:20.312479+00:00,
940e79d4-89b9-45e4-b672-ee6f5083db1f,a66878c8-db1d-431e-bbd3-8e6c4d685b1a,0,el,1,Asia/Nicosia,,2025-11-17 16:41:20.312479+00:00,
ee312214-c8d0-4ef0-aa77-788b01007884,80f67d1b-5a42-46ad-aeeb-2736e3e30ec3,0,el,1,Asia/Nicosia,,2025-11-17 16:41:20.312479+00:00,
b34fc24c-b260-424a-bbdb-de1cfc97ec1f,79548981-2dce-4df7-a4a9-470a9151115a,1,el,0,Asia/Nicosia,,2025-11-17 16:41:20.312479+00:00,
5f143847-7d94-4e55-bf21-9b185e215fd2,b13ae7b9-3a47-41b8-ad15-a637b97ec051,0,el,0,Asia/Nicosia,,2025-11-17 16:41:20.312479+00:00,
b9b2daa4-aa2f-437a-8c2d-6fe5c3db0e7d,ab56d23e-9e6f-4048-afec-f616b60e0e7c,1,el,1,Asia/Nicosia,,2025-11-17 16:41:20.312479+00:00,
4f5915ae-fdc6-46be-af28-0b1ebd91e6a4,6e7390dc-103c-4503-88ec-858eb9724f0b,1,el,0,Asia/Nicosia,,2025-11-17 16:41:20.312479+00:00,
a5a2a460-319e-424d-9065-f4c048d95412,aee348fa-1380-4bf1-b891-02ca86cc4840,0,el,0,Asia/Nicosia,,2025-11-17 16:41:20.312479+00:00,
9b8374f8-52e0-410e-94ed-ba77a08a5c55,82800f6c-53c9-4319-b6ec-688dd986937a,1,el,1,Asia/Nicosia,,2025-11-17 16:41:20.312479+00:00,
734c2937-bf86-4496-9a11-d76d1da4f021,ff2835bf-832c-4e8f-a2b0-49cce4f063f1,1,el,1,Asia/Nicosia,,2025-11-17 16:41:20.312479+00:00,
c084467f-ed8a-4ef6-82a5-c655461d924a,9bcf5dfa-a39f-4c91-a0c8-413f15d99a7c,0,el,0,Asia/Nicosia,,2025-11-17 16:41:20.312479+00:00,
504b9af1-e9c0-4e13-b545-bb260582227f,da9d4eae-9856-434b-8148-1c7d5f922395,0,el,1,Asia/Nicosia,,2025-11-17 16:41:20.312479+00:00,
f78bfef2-8f42-4982-8144-b994f36a09e6,65815a93-54af-4d38-a17a-1d5759f993c2,1,el,0,Asia/Nicosia,,2025-11-17 16:41:20.312479+00:00,
ffd3f15c-2830-4c3d-a4d8-643642096011,fca93eff-bd4c-4983-b032-a33c68f12fda,0,el,0,Asia/Nicosia,,2025-11-17 16:41:20.312479+00:00,
5a4db499-6506-4499-90b5-efdbc0d0df39,cdd0baeb-2f1b-4314-9639-8310243632e0,0,el,1,Asia/Nicosia,,2025-11-17 16:41:20.312479+00:00,
68179c72-d1f0-4a1a-bd9b-00f9d2637338,82fdfb2c-30c8-4ea5-a129-d913a86ea412,1,el,0,Asia/Nicosia,,2025-11-17 16:41:20.312479+00:00,
a87a0ffb-d6a8-4c05-bfcd-bb5a262738fc,36ee1426-fd0c-4e52-8a85-e44018e3ba67,1,el,0,Asia/Nicosia,,2025-11-17 16:41:20.312479+00:00,
e7936d9d-b6b5-496d-afaf-505b0dd6fbf8,d5e4432f-36ad-419a-8bc0-49f578c628a6,1,el,0,Asia/Nicosia,,2025-11-17 16:41:20.312479+00:00,
fe3a55a8-68a1-45ca-845e-2d4a23bdd07d,b9847c5f-8e9f-4832-95c2-77f284c6bbd2,1,el,0,Asia/Nicosia,,2025-11-17 16:41:20.312479+00:00,
a64513b3-40f6-4a8b-a94a-23d284921da7,324e7831-1820-4679-be2a-dc3977149246,1,el,0,Asia/Nicosia,,2025-11-17 16:41:20.312479+00:00,
33f5d4f9-1945-44eb-baee-24a4afa02b0a,5a4712bd-3d53-409e-a74d-0b15ce07f3e7,0,el,0,Asia/Nicosia,,2025-11-17 16:41:20.312479+00:00,
8af63437-23f1-4514-89db-fcc8e4eff909,e960089d-27e8-4397-aee1-3d368f485f32,0,el,0,Asia/Nicosia,,2025-11-17 16:41:20.312479+00:00,
58aa1d1c-3af3-4345-b14a-c1398fb8df40,87b0005d-660b-4f9a-b4e3-7827fda9a8af,1,el,1,Asia/Nicosia,,2025-11-17 16:41:20.312479+00:00,
b77bec3a-f4ad-490d-9272-223106cf9513,7cc9dea7-64e9-4d6d-aeea-18a1ca5ffad9,1,el,1,Asia/Nicosia,,2025-11-17 16:41:20.312479+00:00,
64fd4581-dbc5-4ac9-8675-324489af59ea,b27cdab1-a74a-4a64-8496-860d5c93d7f1,0,el,0,Asia/Nicosia,,2025-11-17 16:41:20.312479+00:00,
3000dbe1-726a-4337-8fce-4410277e86dd,fbda59be-f1bd-49d0-aed8-77a358193f69,1,el,1,Asia/Nicosia,,2025-11-17 16:41:20.312479+00:00,
6a09d7b3-293a-42c1-a16f-64a63cca3073,b40f5cd4-37d2-4de1-a76e-fc9da55a04eb,1,el,1,Asia/Nicosia,,2025-11-17 16:41:20.312479+00:00,
b43b35ba-45ba-4f68-8aa0-f1384149bdf7,094d4064-0668-49f8-9f0b-b6e12e95433a,1,el,0,Asia/Nicosia,,2025-11-17 16:41:20.312479+00:00,
948c1889-5e60-4400-a84e-eedfe2de82af,2b123a81-dcec-4081-895c-a1984f376c71,0,el,1,Asia/Nicosia,,2025-11-17 16:41:20.312479+00:00,
9459d67c-9ff3-41ea-bda7-d14470bf557d,02d1ec05-195b-407e-b7cb-3ba7b1a975d1,0,el,0,Asia/Nicosia,,2025-11-17 16:41:20.312479+00:00,
9b7c75a3-3f0c-4c6e-8993-48c1f06c20d4,394c3854-5115-49f4-ad84-3ff69cfa4f29,0,el,1,Asia/Nicosia,,2025-11-17 16:41:20.312479+00:00,
89e143c7-07b8-4a13-b842-5ae59bbd55af,112e5039-2ae6-49df-a48e-ac5929d2232f,0,el,1,Asia/Nicosia,,2025-11-17 16:41:20.312479+00:00,
a354a508-7775-4676-8d0d-30a61cc52a84,ee1d8ebd-ff59-4f43-9fad-825c2452c9ea,0,el,0,Asia/Nicosia,,2025-11-17 16:41:20.312479+00:00,
720c8b89-2e24-475c-9ada-343b3e29070f,d2670498-c415-4354-a8d9-a4314451c22d,1,el,0,Asia/Nicosia,,2025-11-17 16:41:20.312479+00:00,
ce3aca40-0d62-4dea-83a0-9c8c01ca6309,1e831590-388e-4ac6-b8bb-83032aee4a06,0,el,0,Asia/Nicosia,,2025-11-17 16:41:20.312479+00:00,
1e9e90f7-7837-476b-ac9a-ff374f20c637,598b8457-77f8-47ee-8935-1226a8be735f,0,el,0,Asia/Nicosia,,2025-11-17 16:41:20.312479+00:00,
20f81938-d5f0-4926-93f3-6cdc2d9a1d06,a08a881a-169a-4a5c-b4f7-1f6df54f76df,1,el,1,Asia/Nicosia,,2025-11-17 16:41:20.312479+00:00,
168253b2-f8d8-4c5c-8e52-cd78aa9baf88,0201b379-2c86-4942-8892-3ed84ea70c2b,1,el,0,Asia/Nicosia,,2025-11-17 16:41:20.312479+00:00,
32e5e021-d428-4bdc-8b28-aba3d4186004,9d24f8fd-d550-488c-a32f-5b27947ca6d9,1,el,1,Asia/Nicosia,,2025-11-17 16:41:20.312479+00:00,
27f92253-d4de-4b03-a10f-4a19dbbd36e3,ba355f8a-7fe0-4c2f-af6d-1e989624a923,1,el,1,Asia/Nicosia,,2025-11-17 16:41:20.312479+00:00,
2369f8d4-0f85-499c-8b9b-57e0a8b5dda1,f4ef15ca-1277-47f6-aef7-ead3c3ee8d99,0,el,1,Asia/Nicosia,,2025-11-17 16:41:20.312479+00:00,
e30a5f19-291a-4af9-9ab7-ad91c535a86c,6be085da-4d69-4964-aef5-def0a089643b,0,el,0,Asia/Nicosia,,2025-11-17 16:41:20.312479+00:00,
3f48d998-d31d-4e3a-9879-dcd5963e10a0,cbb9a378-1c19-4c1f-b690-da6c71392dc0,1,el,1,Asia/Nicosia,,2025-11-17 16:41:20.312479+00:00,
e0e16b1f-cbe9-4218-9889-58e0bdd76369,fc23136f-05f8-4c7f-a112-de700680ea95,0,el,0,Asia/Nicosia,,2025-11-17 16:41:20.312479+00:00,
08e36f1d-dfbd-4fad-bbcd-27d4c3479156,15f2d0e5-45f2-41f7-b065-d13081045b22,1,el,0,Asia/Nicosia,,2025-11-17 16:41:20.312479+00:00,
539b4446-d84a-4bad-a041-c9575ed46a07,a69eb9c9-950e-44b6-82a8-ad5ba18e802d,0,el,0,Asia/Nicosia,,2025-11-17 16:41:20.312479+00:00,
ef56bf9f-e801-4dbb-8be1-58866cf6f8e3,7e14fd76-0c38-44ff-a796-cba8e5443cf0,1,el,0,Asia/Nicosia,,2025-11-17 16:41:20.312479+00:00,
78b086c3-ec71-4cce-ab7b-aabc8c0e1fb6,512be2e2-6feb-4599-9293-3d674243bbb5,0,el,1,Asia/Nicosia,,2025-11-17 16:41:20.312479+00:00,
ff8c430c-3396-475c-af5a-50f8217b6f2e,81590454-d07e-40db-abe5-dbe23e325131,0,el,1,Asia/Nicosia,,2025-11-17 16:41:20.312479+00:00,
098d7e58-dcbd-4ada-9033-74f48eb50211,b953ae06-3329-4815-898d-2afa23193c5f,1,el,0,Asia/Nicosia,,2025-11-17 16:41:20.312479+00:00,
0a4bd63a-0c05-471f-a4d9-b324e0a9bade,44eea7c5-e322-4550-82fb-c76281b8024f,1,el,1,Asia/Nicosia,,2025-11-17 16:41:20.312479+00:00,
2f36e738-329e-4859-9a5f-4a462548cd66,fc79d1e4-60ab-44af-8c7b-d5c443321545,1,el,0,Asia/Nicosia,,2025-11-17 16:41:20.312479+00:00,
040ddf13-3d37-49e7-a826-34429202465b,85c18d2a-4338-4846-a0da-730b3660fbd4,0,el,1,Asia/Nicosia,,2025-11-17 16:41:20.312479+00:00,
41a96cff-8a63-4b22-95c9-2722142b36d5,2ed8b741-6820-4615-9899-654498b60967,0,el,1,Asia/Nicosia,,2025-11-17 16:41:20.312479+00:00,
c8833b9c-68a2-4d4d-ad5f-9314b901d9e6,457bcc7c-1bd6-491a-8156-c5e30f73fa8f,0,el,1,Asia/Nicosia,,2025-11-17 16:41:20.312479+00:00,
22438ebe-27f7-4a4a-a601-ee06657682ec,13ef274b-87e4-4261-aa5d-3f3bcd6e1f2d,1,el,0,Asia/Nicosia,,2025-11-17 16:41:20.312479+00:00,
99f064c5-af4d-4e7b-86bc-88b412265d49,1ff371d6-5de9-48a9-9443-cd5617ae4a55,1,el,1,Asia/Nicosia,,2025-11-17 16:41:20.312479+00:00,
f4b04de9-7696-4768-8c41-ddd8ff5aa952,c543bb7b-a8a6-4604-9a75-c2fe8e2d5128,0,el,1,Asia/Nicosia,,2025-11-17 16:41:20.312479+00:00,
ddcdd992-dbbf-41dd-9d36-a0259f595ba6,cd2572f7-31f0-4050-8fa2-c9e0fef9db62,0,el,0,Asia/Nicosia,,2025-11-17 16:41:20.312479+00:00,
8cdd0f6c-0d35-4ecc-8bf3-6875f2828914,200f795b-8244-4cb9-af6d-87a07506b2cd,1,el,0,Asia/Nicosia,,2025-11-17 16:41:20.312479+00:00,
7fed5b09-d4ab-454a-ae8a-3a6b58c79c19,c9277220-05d9-467c-bab5-c9fed48c508e,0,el,1,Asia/Nicosia,,2025-11-17 16:41:20.312479+00:00,
ec904d2e-402e-4afc-b50b-16ad5faef9ae,7971f79b-12a3-4886-a21a-9808d30c88d8,0,el,0,Asia/Nicosia,,2025-11-17 16:41:20.312479+00:00,
e080aed3-5991-4051-80bc-33d7ee9c32bd,ee788549-2d97-42b3-aae6-813a1dc3198e,1,el,1,Asia/Nicosia,,2025-11-17 16:41:20.312479+00:00,
32efcd49-a7f7-48d2-9fbc-350c6e86309d,4c4dca8c-3e41-4cab-b234-c67105e59711,1,el,0,Asia/Nicosia,,2025-11-17 16:41:20.312479+00:00,
8d1c4e4d-9f8e-4268-abaa-73a02f5311a6,182334f9-c318-4da0-a671-6a2de651c895,1,el,1,Asia/Nicosia,,2025-11-17 16:41:20.312479+00:00,
cb6e6ffb-7911-42e3-9dcf-36b29d671de1,5db43cdf-0b63-4fe5-b94f-299418236413,0,el,1,Asia/Nicosia,,2025-11-17 16:41:20.312479+00:00,
86b74cc9-ce6d-4fe9-96e2-3e802bd15f7d,9b2fa6d0-541e-44d8-ae69-11ecc9bcedca,1,el,1,Asia/Nicosia,,2025-11-17 16:41:20.312479+00:00,
bd26a777-17ef-411d-8cc6-bd7fe4d98eb8,dbe4faef-51ce-4458-8db7-3d18799dfde8,1,el,1,Asia/Nicosia,,2025-11-17 16:41:20.312479+00:00,
74a1dda9-1670-425f-b45a-92080436055e,aeebd602-0f08-449b-b376-3e6d9ecd2ce9,0,el,0,Asia/Nicosia,,2025-11-17 16:41:20.312479+00:00,
1170bd7a-f8be-4827-a95d-120d9b6d16ec,44faf511-dd05-4f1c-b277-c0f07c65f44a,1,el,1,Asia/Nicosia,,2025-11-17 16:41:20.312479+00:00,
2f89e62a-4d1d-43fd-a893-85eb5bf98241,5af8f427-e6cf-40e3-9b0c-8c5b53e264be,1,el,1,Asia/Nicosia,,2025-11-17 16:41:20.312479+00:00,
aa9c3940-9176-4039-a899-a466a01248c2,5df71b32-3dc2-4eb7-9c30-62e08d910dee,1,el,0,Asia/Nicosia,,2025-11-17 16:41:20.312479+00:00,
ec26f5ad-9fba-4eb9-ac8b-750599378436,816752d4-75ce-4085-91c8-7fd9abee67f1,1,el,0,Asia/Nicosia,,2025-11-17 16:41:20.312479+00:00,
5ca95526-26ac-4bc7-8462-081c67d78b29,692d004b-5ccd-4861-ae5f-f0084c57cbb4,0,el,0,Asia/Nicosia,,2025-11-17 16:41:20.312479+00:00,
755d763c-084c-44e5-8fa9-e6c262d49ddb,a4b0b8b1-1a2a-4477-a261-31b4bedda64f,1,el,1,Asia/Nicosia,,2025-11-17 16:41:20.312479+00:00,
57062272-9081-450c-ac50-d1ccf0b181a5,2204dbfa-1cad-4737-b177-7e36b1adf659,1,el,0,Asia/Nicosia,,2025-11-17 16:41:20.312479+00:00,
2c51903b-c84f-4ba3-a828-1a6520560519,a210e9cb-cdb5-4710-885e-411963c14445,0,el,1,Asia/Nicosia,,2025-11-17 16:41:20.312479+00:00,
04fadb0d-fc53-4c27-be71-0e3816d88ff9,c3749807-cc72-4151-bc55-93af8fe7325b,0,el,1,Asia/Nicosia,,2025-11-17 16:41:20.312479+00:00,
eefffee8-1738-402b-9b1a-05766a29b6df,c66b5921-0049-4203-834e-5732ca223f84,0,el,0,Asia/Nicosia,,2025-11-17 16:41:20.312479+00:00,
aff04098-2968-4c75-a481-49a61c87a2c5,84fa2307-6b15-4a8f-a64c-751b3b8f9d8c,1,el,1,Asia/Nicosia,,2025-11-17 16:41:20.312479+00:00,
5aa3aa75-1c83-47c4-aef1-5ba75aa568f8,ce6d9ed4-0910-4267-82a6-3d968a105b86,1,el,0,Asia/Nicosia,,2025-11-17 16:41:20.312479+00:00,
41462520-6d76-4d7c-89a2-d7ca7dc0a372,ff4136e4-2d51-41ac-a532-71d5726e0408,1,el,0,Asia/Nicosia,,2025-11-17 16:41:20.312479+00:00,
0d018b59-cc15-4d9f-9aca-19d456dc5051,055246c2-cabf-42f2-9d6a-b09637ddb6c6,1,el,1,Asia/Nicosia,,2025-11-17 16:41:20.312479+00:00,
d8828cd1-213b-42da-a5c1-8bb4f5288ca9,4ac9e3d1-8ed2-41c6-9e80-9410a72932fc,0,el,0,Asia/Nicosia,,2025-11-17 16:41:20.312479+00:00,
58e3a1e7-5185-4fe0-baf0-3cecc13eeed4,0716b345-7a58-47b2-ae5d-e36738a645c9,1,el,0,Asia/Nicosia,,2025-11-17 16:41:20.312479+00:00,
ba385012-4259-4376-9d01-6c8f95f1b188,abddb755-fce3-46d8-8238-5ad1a9ad4fd3,1,el,1,Asia/Nicosia,,2025-11-17 16:41:20.312479+00:00,
24ad4397-d759-497a-b226-9b1d0c60e987,b9420367-53fd-482b-a405-f1e37bcf2381,0,el,0,Asia/Nicosia,,2025-11-17 16:41:20.312479+00:00,
16cea977-b4c3-4107-bbb7-1354fae60e86,76f25f69-4b99-4c2f-8b4d-419af374d806,1,el,0,Asia/Nicosia,,2025-11-17 16:41:20.312479+00:00,
b71c4623-b522-4033-a04c-ed52d573cd19,aed22aed-7172-468d-8fb9-7e8789b60e88,1,el,1,Asia/Nicosia,,2025-11-17 16:41:20.312479+00:00,
ddf67c91-ff4d-4b45-814c-a5676bf5ca86,411327df-bc2b-4f23-aa28-ee44ec6010a2,0,el,0,Asia/Nicosia,,2025-11-17 16:41:20.312479+00:00,
a5109981-4e85-40d9-a69b-8975eab3b303,5fec7022-0301-4019-975f-ca7a950a1486,0,el,1,Asia/Nicosia,,2025-11-17 16:41:20.312479+00:00,
15421856-cf9b-4575-b420-51e8b3fcccfd,242768dc-f240-41ae-9bb0-c3e381c22367,1,el,0,Asia/Nicosia,,2025-11-17 16:41:20.312479+00:00,
b27543eb-04ff-436d-86ca-df4cd4961de0,e435af80-22be-4785-a692-95327536099f,1,el,1,Asia/Nicosia,,2025-11-17 16:41:20.312479+00:00,
d6310a42-7989-4b9c-8ae9-b4ffccd3dc46,6e5395a3-979c-4a07-912f-69ce396bb86d,0,el,1,Asia/Nicosia,,2025-11-17 16:41:20.312479+00:00,
9074f011-b50f-46dd-8565-971a1c03ca0b,80d9e6b7-eef9-4afb-9bf2-b8466ee046e2,1,el,0,Asia/Nicosia,,2025-11-17 16:41:20.312479+00:00,
4d8d5d74-304b-4501-a178-60945d268745,7af77bff-a542-4eec-9f55-27a73d672f52,1,el,1,Asia/Nicosia,,2025-11-17 16:41:20.312479+00:00,
548d67e3-3a53-4e64-af29-1db3daf8ff1c,522ae585-0ae7-4772-8790-7ab7721ef232,0,el,1,Asia/Nicosia,,2025-11-17 16:41:20.312479+00:00,
200b6bcf-72f7-4ebc-8138-fd56152d4395,ddcc983a-ec48-497e-8e6e-a2a3272cd648,1,el,1,Asia/Nicosia,,2025-11-17 16:41:20.312479+00:00,
8c2f10de-f463-44b6-a280-c46d127e7d12,40c9d9ab-62f9-4aa2-84c7-08b959173604,0,el,1,Asia/Nicosia,,2025-11-17 16:41:20.312479+00:00,
fcc8b48a-3d19-438d-a655-4caae75d5bfb,08035172-4b7e-4ea8-8ebb-b40dce2789f8,1,el,1,Asia/Nicosia,,2025-11-17 16:41:20.312479+00:00,
096b4b07-de0c-459a-bfa4-58f33c48ccef,5be44b4d-7fe2-4790-ac92-9d666c7a7cae,1,el,1,Asia/Nicosia,,2025-11-17 16:41:20.312479+00:00,
bc34853e-bbf3-4d5f-81c5-8614c52fe745,dde0e43a-01a4-4c05-b1e9-9e544a03317b,1,el,1,Asia/Nicosia,,2025-11-17 16:41:20.312479+00:00,
f11c05a5-ca86-4a8c-804e-a873eccaa1ca,4ac6ff25-56ba-40bf-9905-195260169de5,1,el,1,Asia/Nicosia,,2025-11-17 16:41:20.312479+00:00,
73a862c3-8b20-4d15-8931-1fa89b4ba9b5,97159ab3-61d2-4945-a3eb-7780ec78c105,0,el,0,Asia/Nicosia,,2025-11-17 16:41:20.312479+00:00,
886b0627-e69c-4a91-af82-64fca3684666,96af7f86-3c5a-4ff2-8fb1-5ef9b96575e5,0,el,0,Asia/Nicosia,,2025-11-17 16:41:20.312479+00:00,
f6e1a33c-c48e-4c25-9a61-715e43dca112,30d5e036-8d45-4fd8-aa2e-1fb9c4868bee,0,el,0,Asia/Nicosia,,2025-11-17 16:41:20.312479+00:00,
ffc423b5-c2e8-47d4-85f2-fde96b07a878,a1869735-6de9-4454-81b2-3075e1eb4a71,1,el,0,Asia/Nicosia,,2025-11-17 16:41:20.312479+00:00,
043d5bd5-9662-468b-aaf8-e801fd41d3b5,17001404-5ae3-4fee-9538-156ae55078b7,1,el,0,Asia/Nicosia,,2025-11-17 16:41:20.312479+00:00,
42ecd71f-99f3-4e30-948f-8d39f2d5e73b,91a3cab7-e4a8-49f0-a07f-abcbf4925e43,0,el,0,Asia/Nicosia,,2025-11-17 16:41:20.312479+00:00,
623c7660-942a-4aee-a0b8-54a57621ddaa,69521ab5-80d9-4950-9f66-1c2447364525,1,el,0,Asia/Nicosia,,2025-11-17 16:41:20.312479+00:00,
d9a1d1d6-4229-4ab1-b3f5-3aced878003a,cbd1c515-d3e9-467c-a5b0-0c45a1d4cd1e,0,el,0,Asia/Nicosia,,2025-11-17 16:41:20.312479+00:00,
5dfaa1c5-386f-4f6a-b904-a4b425b954e2,62868885-4268-4c1b-b3cd-2542667eb9b1,1,el,0,Asia/Nicosia,,2025-11-17 16:41:20.312479+00:00,
cef47f51-5425-4a9c-8281-bf4efbe4fc0f,06fa6c54-64c7-498a-8288-680eb5ffb0e0,1,el,1,Asia/Nicosia,,2025-11-17 16:41:20.312479+00:00,
5d24605a-37e2-4a19-845f-c79f14ad9847,ba073082-e506-4781-bd9b-dc64f5289274,1,el,1,Asia/Nicosia,,2025-11-17 16:41:20.312479+00:00,
ae5e6faf-bc2f-4835-a608-e0ae70406ae3,8fa5f07c-3444-49a7-a6e3-6ffa76f26f4b,1,el,0,Asia/Nicosia,,2025-11-17 16:41:20.312479+00:00,
84bb0de7-7da9-4d94-b4bf-8a439ed9db86,620fbfcb-f177-44b7-bbe9-e3d2d7f19d7e,1,el,0,Asia/Nicosia,,2025-11-17 16:41:20.312479+00:00,
d1c14d86-e685-4b5b-bc02-cbfb27b7ed1c,51bb3ef0-052e-4e8d-8379-b5274898563b,1,el,1,Asia/Nicosia,,2025-11-17 16:41:20.312479+00:00,
8a2135b6-1807-4e28-988f-71ab0bb88bdb,decd8e72-242e-486f-b29a-5e85488dd790,0,el,0,Asia/Nicosia,,2025-11-17 16:41:20.312479+00:00,
e0e6cef2-d6f5-4694-a9d9-cd0456fc7dc0,6938cc1b-05df-443e-8f65-cf9e0e3f0bfe,1,el,1,Asia/Nicosia,,2025-11-17 16:41:20.312479+00:00,
97480b4c-b1c2-4156-b79a-6ffc5fbe515b,5a031c64-c0eb-48da-ac86-54ae58c2c1f2,0,el,1,Asia/Nicosia,,2025-11-17 16:41:20.312479+00:00,
4d21a0b2-39dd-4dc9-963e-986538c5ef98,dfbf0a59-7647-40bf-b859-3a20ee932972,1,el,0,Asia/Nicosia,,2025-11-17 16:41:20.312479+00:00,
d152a0a7-2223-4376-aba7-1376cf40dfd3,8899e7c2-ad74-4442-bbab-b52b8b8ac286,1,el,0,Asia/Nicosia,,2025-11-17 16:41:20.312479+00:00,
8ffffb65-b455-45e3-8b34-20401beb90b8,1571859b-d43d-4263-8e6f-ff2c6b7c93f9,0,el,0,Asia/Nicosia,,2025-11-17 16:41:20.312479+00:00,
ed2fc0f0-97d6-4fde-b157-c6a15836e246,43a859d6-8da7-4a3c-8359-21ce1ea04105,0,el,0,Asia/Nicosia,,2025-11-17 16:41:20.312479+00:00,
eec8c059-f00b-4da5-b66a-d697ee736ce5,2597f0fe-2ac6-4a54-a096-446971a0b08d,0,el,1,Asia/Nicosia,,2025-11-17 16:41:20.312479+00:00,
b0ad1458-c1c9-4a0e-88b4-58e9233faf80,b42f11c9-f658-4ea0-9cfa-65cee0f1c91f,0,el,1,Asia/Nicosia,,2025-11-17 16:41:20.312479+00:00,
cff464f9-017e-4d6f-ace1-fa8b22be55dc,0f5b6912-b3d9-4a52-941f-a52c98acaa3f,1,el,1,Asia/Nicosia,,2025-11-17 16:41:20.312479+00:00,
7e018e13-0670-4662-8a46-3587a7218546,d3ab5073-1161-4c62-a5d2-f0c06594ba53,1,el,1,Asia/Nicosia,,2025-11-17 16:41:20.312479+00:00,
4d6fc6ce-881c-4654-8d2f-63a3fbe461dc,ed12c11e-276a-4ab5-8876-c6150581f321,0,el,1,Asia/Nicosia,,2025-11-17 16:41:20.312479+00:00,
84979ab5-96c5-4147-9c38-2b35132c65df,f293ab54-e297-46c9-a6c9-4a34f454b8f8,1,el,0,Asia/Nicosia,,2025-11-17 16:41:20.312479+00:00,
9032015e-b059-452b-b873-3bb24e22ed88,3c79eb46-f8b8-40b3-96f6-3468e988e08a,1,el,1,Asia/Nicosia,,2025-11-17 16:41:20.312479+00:00,
32a23754-1e7e-42dd-8d99-aff99fe9f849,4f88a713-cdd7-453c-9019-391a46ed35b9,0,el,1,Asia/Nicosia,,2025-11-17 16:41:20.312479+00:00,
ef3b3bb0-887e-4a27-9250-a68cffbcaf25,4561e4e9-2dd1-4eb6-b9d3-d58db2cad5d4,0,el,0,Asia/Nicosia,,2025-11-17 16:41:20.312479+00:00,
d45e700d-f38b-4303-95ad-f07d845b21e0,6a2c4598-e554-4c2f-81a2-3a99c4deb8ce,0,el,0,Asia/Nicosia,,2025-11-17 16:41:20.312479+00:00,
26e09175-b42b-4b30-a6a2-249fd19de1b2,1a855949-de69-437e-a95f-48a7171529a7,0,el,0,Asia/Nicosia,,2025-11-17 16:41:20.312479+00:00,
5268b2d0-0502-46a9-adcc-2e7881c0812e,e44cd833-4be9-4404-a7dd-086ac52059c6,1,el,1,Asia/Nicosia,,2025-11-17 16:41:20.312479+00:00,
30823c78-d953-40df-9409-56367676651d,c730275f-69a5-4b6b-8730-d9b6d9715a90,1,el,0,Asia/Nicosia,,2025-11-17 16:41:20.312479+00:00,
196a4f3d-10cf-4e12-ade3-5228a2e04ae5,1eee79b4-c3ac-4d97-aa74-4c875f183388,1,el,0,Asia/Nicosia,,2025-11-17 16:41:20.312479+00:00,
4cf612b6-6715-4d63-a676-7d9be8df1a84,22e61ca7-b4e1-4756-aa33-898af343e81a,0,el,1,Asia/Nicosia,,2025-11-17 16:41:20.312479+00:00,
ec6a9dfc-b2e0-46ed-aa42-d1def6354e53,0f7c73ef-e942-46f8-b6d7-9211febac092,1,el,0,Asia/Nicosia,,2025-11-17 16:41:20.312479+00:00,
940441dd-0513-4c07-bbc0-417042ec8dfd,c9a42751-7aab-4327-a84e-eb32c41d3c38,0,el,0,Asia/Nicosia,,2025-11-17 16:41:20.312479+00:00,
e9df745e-1155-4491-848c-5652b6f939c6,3ce83b36-96f7-4c27-833d-942176b1a10e,1,el,1,Asia/Nicosia,,2025-11-17 16:41:20.312479+00:00,
e9279b7a-2307-47a1-88a1-c277e573e802,52882e07-53b6-4534-b26f-4852a3b75d39,0,el,1,Asia/Nicosia,,2025-11-17 16:41:20.312479+00:00,
1d3f53ad-76ec-4f2b-b320-ea82cadbaaee,ce77d876-b98c-418f-b816-112276b25c9c,0,el,0,Asia/Nicosia,,2025-11-17 16:41:20.312479+00:00,
f042d5a2-f460-4629-afd3-0869dc0df2a7,3e62a754-4460-4ee7-bfe9-7d7086beabe1,1,el,1,Asia/Nicosia,,2025-11-17 16:41:20.312479+00:00,
515a9652-7e3b-45a0-a343-11d649a694d0,fa4e50fb-c116-4a63-9297-2f2239284121,0,el,1,Asia/Nicosia,,2025-11-17 16:41:20.312479+00:00,
a4f9cba9-f362-464e-aad9-3a180428be5c,036ba364-35e8-41c9-94af-c4b288e0009c,0,el,0,Asia/Nicosia,,2025-11-17 16:41:20.312479+00:00,
e7e66b93-93e3-43f1-a2dd-1bbd1a474722,7c91aed9-7d9a-4073-89f4-2da56573e61f,1,el,1,Asia/Nicosia,,2025-11-17 16:41:20.312479+00:00,
7b5ab326-96cc-44de-873b-a8d44c8c13a0,73148f6a-f827-495a-90ff-b40b19f6a0c1,0,el,0,Asia/Nicosia,,2025-11-17 16:41:20.312479+00:00,
27e42a07-d50b-41e3-9e91-f0d635c5bf0e,b03016c2-2313-41c2-92d6-6a78f761c8cb,0,el,0,Asia/Nicosia,,2025-11-17 16:41:20.312479+00:00,
c3f3d6e4-2e63-465d-863f-c2d1b0fa8a05,d934f959-8a24-4c92-a105-52fcaea2c082,1,el,0,Asia/Nicosia,,2025-11-17 16:41:20.312479+00:00,
19f3c2d2-a39f-4bfc-9588-f6b8ed93cb4e,eeed3e52-3dd3-4664-9c1d-b901c448fa79,0,el,0,Asia/Nicosia,,2025-11-17 16:41:20.312479+00:00,
44c21729-7b62-4c16-b049-1f6c5ecacd71,bde83e1c-0429-4f16-8f94-0e9b7383eafd,0,el,1,Asia/Nicosia,,2025-11-17 16:41:20.312479+00:00,
c5856067-3295-4e04-843f-2b5301659c57,768105be-cf5f-48c2-9274-24bf656262c5,0,el,0,Asia/Nicosia,,2025-11-17 16:41:20.312479+00:00,
be2ae06c-b4eb-4782-a287-4566c1285c24,91117c1c-d699-403a-b322-97006e350046,1,el,1,Asia/Nicosia,,2025-11-17 16:41:20.312479+00:00,
e47819c3-00aa-4c62-9674-fdfb073369ac,cb323c2f-7e6c-46dd-8202-c858454f8bd0,0,el,1,Asia/Nicosia,,2025-11-17 16:41:20.312479+00:00,
ef619534-19e4-45be-93d2-cbebcd8dcecb,36ea405c-3dab-496b-95a1-436f31769239,1,el,1,Asia/Nicosia,,2025-11-17 16:41:20.312479+00:00,
092ab5bd-b510-4971-af9e-49862a03a674,6e62f1a2-5357-4a05-a24e-a42807f08c75,0,el,0,Asia/Nicosia,,2025-11-17 16:41:20.312479+00:00,
2a9859ff-3a8a-4f7b-8066-890959ce4657,18c594c5-6492-4439-8be0-9cd12e826ea9,0,el,1,Asia/Nicosia,,2025-11-17 16:41:20.312479+00:00,
609860c7-0d5e-434e-bc0d-cab844b7c994,188c8e97-88e5-4dc4-ac8d-8b746c2d98c4,0,el,0,Asia/Nicosia,,2025-11-17 16:41:20.312479+00:00,
420d1986-9f09-4822-a8dd-c4e3295635f3,d0b36131-de42-4af3-aa6a-77c10810ac7f,0,el,1,Asia/Nicosia,,2025-11-17 16:41:20.312479+00:00,
c1935a63-547a-4370-88ef-faf271541242,09b87ca2-3513-45f4-aade-ba237364a4cb,1,el,0,Asia/Nicosia,,2025-11-17 16:41:20.312479+00:00,
6ab54876-a94a-44ef-a65f-f1df774aac5e,54870cbc-21d0-4900-a8a2-64c73dafdf4b,0,el,1,Asia/Nicosia,,2025-11-17 16:41:20.312479+00:00,
1c1cb6ff-1998-4bf9-b27e-b2e055048f24,518ba0be-dee7-4082-9775-5978a89d5d98,0,el,0,Asia/Nicosia,,2025-11-17 16:41:20.312479+00:00,
d06796b9-fa5a-49cc-95ba-12a5f2d90619,fee90902-e9ce-49da-ad8a-1e791a056884,1,el,0,Asia/Nicosia,,2025-11-17 16:41:20.312479+00:00,
1c6a2849-3856-4a0b-94a3-cc18ce2f7a4b,ff9ee9ff-67b0-4ea1-8d3c-97ebd0388959,0,el,1,Asia/Nicosia,,2025-11-17 16:41:20.312479+00:00,
fa361d30-2a07-429a-9473-0e0a98ebca25,72e4bbe8-4ae4-40c8-b5ed-5202d9264ad8,1,el,0,Asia/Nicosia,,2025-11-17 16:41:20.312479+00:00,
e8f0e6ab-1f38-4b22-8ca0-43fa209a394c,31e55d01-0652-4118-964c-7de542d30a1f,1,el,0,Asia/Nicosia,,2025-11-17 16:41:20.312479+00:00,
c25b4fdd-085d-4040-b061-b5a2c829c2a3,76247ff9-8a03-42d5-afd3-2ea98d991740,0,el,0,Asia/Nicosia,,2025-11-17 16:41:20.312479+00:00,
184232b2-e367-4445-a502-f0af225309df,720850c2-06df-4268-8dd4-6b4db47c2132,0,el,1,Asia/Nicosia,,2025-11-17 16:41:20.312479+00:00,
02d45e66-88ea-4270-9992-12dbd0efe33b,5fac3feb-ba21-4a09-a4a7-3260ebd3ab20,0,el,1,Asia/Nicosia,,2025-11-17 16:41:20.312479+00:00,
0a7cfe62-04bc-48b8-8cfb-cfc7d3185402,a735a4ca-e516-4479-adf4-cebee40247c1,1,el,1,Asia/Nicosia,,2025-11-17 16:41:20.312479+00:00,
2d110a53-8817-473d-8447-7cd868e12631,f5a318f1-a0c1-402d-ba75-44009b3b5d77,0,el,1,Asia/Nicosia,,2025-11-17 16:41:20.312479+00:00,
efd5be76-5920-482e-9535-80321accffc2,3e7522ab-cd08-42da-91e1-fdcfb4eb53df,1,el,1,Asia/Nicosia,,2025-11-17 16:41:20.312479+00:00,
5c241120-db88-48c5-a5ee-7939bbe7af3b,336b16a8-0b13-4121-b808-17640e7ec756,0,el,1,Asia/Nicosia,,2025-11-17 16:41:20.312479+00:00,
a15904f1-2dad-4cac-b194-37d774c490a8,f9b7c0da-bb6d-4026-9972-6b3666a14599,1,el,1,Asia/Nicosia,,2025-11-17 16:41:20.312479+00:00,
2a1aa73e-12b7-4730-80b7-e5ff50d648cc,3b9bb511-5a36-4bd0-bfdc-e14be18ebcdc,1,el,0,Asia/Nicosia,,2025-11-17 16:41:20.312479+00:00,
e080e119-fef8-4e09-8a6f-e655067189fb,7995699c-d4a8-4165-89af-4ca96d148c45,1,el,0,Asia/Nicosia,,2025-11-17 16:41:20.312479+00:00,
dacafdaa-e4d6-4801-a862-1a550f34c9cd,5219a4f9-4afa-4eb4-84f9-40493f412535,1,el,0,Asia/Nicosia,,2025-11-17 16:41:20.312479+00:00,
7a56291c-636d-43a6-9fe0-2d0dfac14f0b,b62297f0-a9b7-4079-a7f5-67dc3eba7535,0,el,0,Asia/Nicosia,,2025-11-17 16:41:20.312479+00:00,
e175a23b-0497-434b-ba3f-d79f004dd778,84ff1fb9-493a-409f-95d6-97dc8ca0ebf1,0,el,0,Asia/Nicosia,,2025-11-17 16:41:20.312479+00:00,
809a1392-5df2-402a-8a1b-7cd2fbad8960,f4b2c9c1-e3bb-4b36-884a-de12e365a8b0,0,el,1,Asia/Nicosia,,2025-11-17 16:41:20.312479+00:00,
365257af-e67b-4854-9135-c3c7bcaf97c2,5a582213-6062-4649-9c27-57a0b34b3b0b,1,el,0,Asia/Nicosia,,2025-11-17 16:41:20.312479+00:00,
d9a7befe-46ea-466f-9061-92e52a686772,88a7e92b-11fa-4606-9d5d-69b938c45861,1,el,1,Asia/Nicosia,,2025-11-17 16:41:20.312479+00:00,
65839d3e-d7b9-4392-8305-b717d047b552,d54a531c-077d-41d0-b496-4294d796a898,0,el,1,Asia/Nicosia,,2025-11-17 16:41:20.312479+00:00,
f0855be8-0faa-423d-b010-75ba70f87678,0386f22a-bf80-4522-a167-eae1aa91fea9,0,el,1,Asia/Nicosia,,2025-11-17 16:41:20.312479+00:00,
fb392948-e344-46ba-9ed3-466031cf1cfc,ae5a3429-8d16-442a-a11e-3cc11d052677,1,el,1,Asia/Nicosia,,2025-11-17 16:41:20.312479+00:00,
fb4a5644-2fdb-4708-899d-9835b12e9180,b4a0bb3d-8061-4e08-ae68-07422408fc43,1,el,0,Asia/Nicosia,,2025-11-17 16:41:20.312479+00:00,
b242bf22-40c3-42bc-9e83-69b5ea687ec0,4ebe59ff-568b-47b9-a3d3-46f237654ced,1,el,0,Asia/Nicosia,,2025-11-17 16:41:20.312479+00:00,
08e89c95-db6d-47c9-9974-5ad3a9bf012e,e5659458-91a9-4ef7-9564-c0061ab660fb,0,el,0,Asia/Nicosia,,2025-11-17 16:41:20.312479+00:00,
e9536ac8-8a67-484b-9da8-57944f1ac786,5dc47a47-f314-4120-b334-795e8c71f102,1,el,1,Asia/Nicosia,,2025-11-17 16:41:20.312479+00:00,
38188ebc-764c-4c6c-b84f-2785fcfb022a,99b08d4b-7c53-4a06-9358-366fa3b43869,1,el,0,Asia/Nicosia,,2025-11-17 16:41:20.312479+00:00,
5044a747-b4bf-466f-bbee-e1f4fcbf05ae,92a8fec5-e6ce-4c0a-97b7-abefa59599a2,1,el,0,Asia/Nicosia,,2025-11-17 16:41:20.312479+00:00,
9e31405d-c62d-4b1d-8961-7e4fe0f97196,7c27311a-7f51-4908-b588-7ed544ac3ceb,0,el,1,Asia/Nicosia,,2025-11-17 16:41:20.312479+00:00,
7dbc8d41-97bd-4e74-9435-478b7824471d,762fcf0c-590b-4b4d-8979-43072a11c1c4,0,el,1,Asia/Nicosia,,2025-11-17 16:41:20.312479+00:00,
72ff0602-0395-4f20-9a8f-432849dfd54c,975173c5-5ebe-4111-9822-debbc86bd628,1,el,0,Asia/Nicosia,,2025-11-17 16:41:20.312479+00:00,
528dc2ec-493c-4100-ad11-751b654e3ee8,9ad84aff-d144-4cb5-b988-23c54ae5e3c0,1,el,1,Asia/Nicosia,,2025-11-17 16:41:20.312479+00:00,
381acf06-e945-40ef-ab72-61514776aad8,720c2434-ca01-4bf5-9d7f-ccad63945946,1,el,1,Asia/Nicosia,,2025-11-17 16:41:20.312479+00:00,
cb1edb8a-8811-4418-a8b8-4767ed3b559a,074f3b58-124f-400c-b161-687d12183130,1,el,0,Asia/Nicosia,,2025-11-17 16:41:20.312479+00:00,
296e8ec5-2af7-417c-82e7-484bdc112e1f,579660e7-9313-4a77-9f12-3a3ab00f15e0,0,el,0,Asia/Nicosia,,2025-11-17 16:41:20.312479+00:00,
a3753cc5-5010-49f0-bd7d-02940c6142f1,c80031dc-770e-4117-9654-a4ec6abbf65f,0,el,1,Asia/Nicosia,,2025-11-17 16:41:20.312479+00:00,
0c0bec48-f3eb-4a3d-99eb-d10121582822,57da44ec-7269-4312-9ac3-e40f10b91d54,0,el,1,Asia/Nicosia,,2025-11-17 16:41:20.312479+00:00,
35c6d76d-b1b5-40ae-9f92-a2aa7ae7f0a7,b9100718-01a4-4ead-9c86-6206233360ce,0,el,1,Asia/Nicosia,,2025-11-17 16:41:20.312479+00:00,
6caafaf7-a941-4205-b3f4-09c78eda31e3,3e4d0004-7243-4924-8816-7efc4961fffb,1,el,1,Asia/Nicosia,,2025-11-17 16:41:20.312479+00:00,
c7fc5e96-52c7-43a9-bae6-b317fd040f41,0852304e-b332-4b7c-b2e1-b76dc315571c,0,el,1,Asia/Nicosia,,2025-11-17 16:41:20.312479+00:00,
7a70cda2-6e0c-4578-b068-469efa112fa7,715c7a3c-453d-41ec-a5e4-018b9673ac31,0,el,0,Asia/Nicosia,,2025-11-17 16:41:20.312479+00:00,
46728a5e-8ffd-4abe-9c80-158c46c0480b,c29aaf32-d6c1-472d-b2ca-7daf309965f0,1,el,1,Asia/Nicosia,,2025-11-17 16:41:20.312479+00:00,
e8e49a15-dee6-44d4-b0f8-972ee5c4b159,c4dcfb87-a20f-47a9-9768-db123a6d28c0,0,el,0,Asia/Nicosia,,2025-11-17 16:41:20.312479+00:00,
9085bbf3-9e44-46c3-9b23-dcbe4daa45f6,83684435-d89e-4558-b19c-e3d2410ea403,0,el,0,Asia/Nicosia,,2025-11-17 16:41:20.312479+00:00,
4dbf142f-6aca-483b-89f6-a89c463e043b,f5332875-a590-4805-bcb2-9601ac8f6846,0,el,0,Asia/Nicosia,,2025-11-17 16:41:20.312479+00:00,
190a1b33-2906-4162-b52e-c58dc264d04c,cadf7fc3-a016-40ed-9c48-119e0770b9ac,1,el,1,Asia/Nicosia,,2025-11-17 16:41:20.312479+00:00,
1e7ee2fc-1c66-4635-86b0-1b6847755ef7,80d822a4-cd3c-4049-9fc7-ebc33268ec74,1,el,1,Asia/Nicosia,,2025-11-17 16:41:20.312479+00:00,
d5140be4-f73c-4784-87a9-96d69870828b,a465bd31-08c3-4d56-a74a-6a02a829e605,1,el,0,Asia/Nicosia,,2025-11-17 16:41:20.312479+00:00,
586be0f8-8da1-438f-9331-aecd14d68585,9c8ea16b-d2d1-48da-a275-fb98f9a19ced,0,el,1,Asia/Nicosia,,2025-11-17 16:41:20.312479+00:00,
31060c3f-6d9d-437f-af04-88cbcc430d91,89e46ca9-e7ff-4995-94f3-dfffeb895408,0,el,1,Asia/Nicosia,,2025-11-17 16:41:20.312479+00:00,
12277b81-2504-4341-8c04-1b7e547ba159,7fcb90a7-d641-46e8-9a22-5bb832e93dc8,1,el,0,Asia/Nicosia,,2025-11-17 16:41:20.312479+00:00,
a3f65b4d-d955-4895-b5e3-0c6173008268,88da99ad-6b45-4efc-a638-00ec3dcd7c0a,0,el,0,Asia/Nicosia,,2025-11-17 16:41:20.312479+00:00,
26a36c5f-f5b2-440b-9c65-043509076b9b,b4cd5902-3d8e-43c0-923c-606835ec391b,1,el,0,Asia/Nicosia,,2025-11-17 16:41:20.312479+00:00,
4f50c361-290a-4825-9ca7-3410a2a3b0d5,2f58116c-042e-4124-8687-e90e3af19455,1,el,1,Asia/Nicosia,,2025-11-17 16:41:20.312479+00:00,
bf8e4eeb-ed95-4254-b182-1abfa999a05f,55db62af-6675-49f0-a9b0-5799b8eacb78,0,el,1,Asia/Nicosia,,2025-11-17 16:41:20.312479+00:00,
b2e5537b-0195-4f5b-bee7-0080ed30b11f,a2900645-f656-4c9f-8d74-b89fa477a739,0,el,1,Asia/Nicosia,,2025-11-17 16:41:20.312479+00:00,
4aad3acc-f22f-4d56-813c-c800ec1eaaaf,587dcd8e-566b-4e44-94c3-828a7623463d,1,el,0,Asia/Nicosia,,2025-11-17 16:41:20.312479+00:00,
1897fc9a-567e-4bb2-afc5-4eb4f091e64e,89f1acc4-852e-49ff-aed7-d300524877c9,1,el,1,Asia/Nicosia,,2025-11-17 16:41:20.312479+00:00,
c5f0150d-5558-4545-9709-16bf296e84ec,2a1ff7b4-cbd2-419e-9a61-8e5af46c0e8a,1,el,0,Asia/Nicosia,,2025-11-17 16:41:20.312479+00:00,
b78761bf-cfe3-466a-87df-05b0652dc471,740c01f3-b0ba-4cdc-825f-710c6dd06242,1,el,1,Asia/Nicosia,,2025-11-17 16:41:20.312479+00:00,
b8ffa0f1-a36c-4100-bde6-7c524fa8699a,d93125b1-2e91-4c31-8968-3d9c11c08033,1,el,0,Asia/Nicosia,,2025-11-17 16:41:20.312479+00:00,
a4f157a4-eb3a-47f6-ad6b-ee8230661576,3f7a6799-8725-4f56-9ed4-2bbc86ed44f0,0,el,0,Asia/Nicosia,,2025-11-17 16:41:20.312479+00:00,
3ac0f540-5b6f-4446-82e8-8f65b2037571,3728e647-9b8b-4188-8d5b-557eace58fb5,0,el,1,Asia/Nicosia,,2025-11-17 16:41:20.312479+00:00,
d49fe220-cf5f-440b-a95c-9942b9f0cef7,9d49a6cc-4002-444f-b901-5bcf417f487f,0,el,0,Asia/Nicosia,,2025-11-17 16:41:20.312479+00:00,
6eedac23-6963-4b65-bc84-9511de3fa624,a395c92e-9c2e-4b5d-bfe6-bdab377aac4d,0,el,0,Asia/Nicosia,,2025-11-17 16:41:20.312479+00:00,
fc089a98-d37f-4eb9-b4e0-1e3c367c5529,e22813bb-394f-4ae2-b086-bcff55c1ab72,0,el,1,Asia/Nicosia,,2025-11-17 16:41:20.312479+00:00,
5eafe012-fda3-435d-93f5-b73a5ec8b93c,ea268430-0895-46bd-abfe-f1854dff3a9b,1,el,1,Asia/Nicosia,,2025-11-17 16:41:20.312479+00:00,
3db09d8a-235c-48d1-b82e-39068f3562a1,bb9a3ba0-289f-46ba-a065-f5aa41809e0f,1,el,1,Asia/Nicosia,,2025-11-17 16:41:20.312479+00:00,
9c5fb53b-2247-4958-9534-56d87434abd9,0e743565-e016-4459-8731-76172b4e1c3a,0,el,0,Asia/Nicosia,,2025-11-17 16:41:20.312479+00:00,
639104dc-c06e-4879-816e-1197302c83f6,662eaa2c-4141-4340-a0df-bbde2cc0407c,1,el,0,Asia/Nicosia,,2025-11-17 16:41:20.312479+00:00,
f27a90ad-2524-4c69-8cfb-6ca8e27338ea,80073ede-3333-49d3-a144-80ea5dcc9c41,0,el,1,Asia/Nicosia,,2025-11-17 16:41:20.312479+00:00,
325acb62-8550-4dd8-98ae-775eba227a0b,20c8045f-e55b-48b7-8223-20dd3fcf61b5,0,el,0,Asia/Nicosia,,2025-11-17 16:41:20.312479+00:00,
862102f0-efa8-4403-a120-210e757628aa,c216f777-eb83-43b4-8373-bb47a7c93c01,0,el,1,Asia/Nicosia,,2025-11-17 16:41:20.312479+00:00,
0b4d13ea-414e-4575-b9ac-83dfc509ca9f,9c4a1349-2fb4-4cec-aa0d-68cc58fd111f,0,el,1,Asia/Nicosia,,2025-11-17 16:41:20.312479+00:00,
6f09acc8-3934-40a9-833b-af3131f7756c,8e3161d7-5c49-46ab-aff1-798bebcf935c,0,el,0,Asia/Nicosia,,2025-11-17 16:41:20.312479+00:00,
e21f9865-3bed-4905-be94-9a0415521b32,5b3b1eed-21d7-43d5-82c0-40197d92b464,1,el,1,Asia/Nicosia,,2025-11-17 16:41:20.312479+00:00,
af2da237-3630-4192-b12c-9f7ccb22bbf3,5fe12669-d025-4b3b-854e-4cd5a729468f,0,el,1,Asia/Nicosia,,2025-11-17 16:41:20.312479+00:00,
b06556a3-743d-42d4-9556-56b1ffefd372,15eb0d4d-37d6-4b60-8346-b8e18185ae55,1,el,0,Asia/Nicosia,,2025-11-17 16:41:20.312479+00:00,
ecc0642f-edaf-4741-a55f-d87a1659b885,95c1f411-6f89-4a69-b34e-6b36cbf8afd9,1,el,1,Asia/Nicosia,,2025-11-17 16:41:20.312479+00:00,
7f85850b-eddb-4213-81ee-f54d6aa10055,6f7960e7-7e24-4115-a9b9-b383433a5ef5,1,el,1,Asia/Nicosia,,2025-11-17 16:41:20.312479+00:00,
84017a38-5530-48a4-951d-0aa486cfd7d2,61e9fa85-9e08-48b4-aca1-fd6d887ddaff,0,el,1,Asia/Nicosia,,2025-11-17 16:41:20.312479+00:00,
053f9953-85c9-4bfb-b926-c2f7ce1bd0c1,79b08a45-1735-40e7-ad64-b15e78507bf9,0,el,1,Asia/Nicosia,,2025-11-17 16:41:20.312479+00:00,
29a6a08b-4aec-482b-a6e8-becd3f1684ed,2ef17700-c680-4df2-8295-c7bb05f561ea,1,el,0,Asia/Nicosia,,2025-11-17 16:41:20.312479+00:00,
6fc204c4-e11e-49f3-b638-f38765cc485f,312f9abe-c133-4e95-8900-e5e376991f07,0,el,0,Asia/Nicosia,,2025-11-17 16:41:20.312479+00:00,
099a3d00-3cc4-4784-9533-c3b0e00be209,ee502f8e-fcda-4827-99fa-552a0c27139b,1,el,1,Asia/Nicosia,,2025-11-17 16:41:20.312479+00:00,
3f02e13e-6cb4-44db-954a-ccc15737f37d,ac2d17d7-120a-418a-8e7f-edcfa8174678,1,el,1,Asia/Nicosia,,2025-11-17 16:41:20.312479+00:00,
c04b9458-5097-4ef3-951a-0d23e68f8f72,3664cc21-8a8e-44ce-bc77-7333d587372b,0,el,1,Asia/Nicosia,,2025-11-17 16:41:20.312479+00:00,
6c582135-7d50-49dc-a738-10c82e597689,908183b3-1cd4-4224-9682-463652209c98,1,el,1,Asia/Nicosia,,2025-11-17 16:41:20.312479+00:00,
e8c7de20-e393-44c2-a2d0-98384936599c,139217a3-5665-4603-aa82-57874c8597fe,1,el,0,Asia/Nicosia,,2025-11-17 16:41:20.312479+00:00,
28cb3075-defd-46b3-81de-167a3c76be9e,a90b04be-9fdc-496c-ad69-8c56e19a43a2,1,el,1,Asia/Nicosia,,2025-11-17 16:41:20.312479+00:00,
85c9d4f9-e842-4cdb-8f9d-2cba6ffa3213,816ba658-8ec1-4467-ad69-23d3f1c2cfdf,1,el,1,Asia/Nicosia,,2025-11-17 16:41:20.312479+00:00,
00802f9a-bc36-476b-9e2c-1192c252ae61,0543c11a-e05a-4847-9c29-5964beb8814f,1,el,1,Asia/Nicosia,,2025-11-17 16:41:20.312479+00:00,
04603233-3e63-4b5e-849a-e2ac4f306e1c,56c864e1-9891-4295-bd1d-db350fda293d,1,el,1,Asia/Nicosia,,2025-11-17 16:41:20.312479+00:00,
72e0a7f9-2645-4962-8ec7-440be15dedd7,3923f635-d928-45db-a3cb-bc35180d552d,1,el,0,Asia/Nicosia,,2025-11-17 16:41:20.312479+00:00,
8469608b-7229-4562-ae62-9e1f10275fff,c1c0b33e-0b58-4d7e-b1dc-d9e32595ab4b,0,el,0,Asia/Nicosia,,2025-11-17 16:41:20.312479+00:00,
421f0e71-0cde-4ca0-a68e-c06147c48b55,be8551af-921c-4db2-8d42-9f094c083768,0,el,1,Asia/Nicosia,,2025-11-17 16:41:20.312479+00:00,
e0cfb150-14db-4a6b-8c47-d447e0cc6feb,d2f826a3-1c4f-4c01-99e9-3209c57116e1,0,el,0,Asia/Nicosia,,2025-11-17 16:41:20.312479+00:00,
6d452ea9-e6f3-45a5-b7e2-1931df59b858,5654e869-9fd4-4e37-908e-32a4f30ea221,1,el,0,Asia/Nicosia,,2025-11-17 16:41:20.312479+00:00,
401db9f9-372a-4c95-9f65-667d73cb80df,a87f512a-f91e-403f-84b1-06b8c039d53e,0,el,0,Asia/Nicosia,,2025-11-17 16:41:20.312479+00:00,
0266cb2e-1bad-4d29-a0e3-acde2d86a594,212aea64-8ea2-4b06-b8bb-999db7c1bb61,1,el,0,Asia/Nicosia,,2025-11-17 16:41:20.312479+00:00,
5a67993f-c6e2-482e-b208-0ec4622d295f,f247b724-cafc-4741-a0eb-a4c1774322cb,1,el,0,Asia/Nicosia,,2025-11-17 16:41:20.312479+00:00,
424d3155-344a-42c6-9233-accd466e769c,e45a214c-63ae-413c-a572-66439c18d201,1,el,0,Asia/Nicosia,,2025-11-17 16:41:20.312479+00:00,
034ce6dd-8bb6-4ff2-ada9-2f651e298f59,5cabdcfe-a5df-4a6d-904e-cb560ffdb5ed,1,el,1,Asia/Nicosia,,2025-11-17 16:41:20.312479+00:00,
9365fb91-0c7f-43ae-806b-d69917ddbdc0,0db90e51-3c91-40c5-9cb2-38102432cab5,0,el,0,Asia/Nicosia,,2025-11-17 16:41:20.312479+00:00,
aaedad76-5744-4426-93d8-0e1b72147859,9da56003-3042-4042-aa49-9f85bc718d56,0,el,0,Asia/Nicosia,,2025-11-17 16:41:20.312479+00:00,
fa0f3b35-f308-4444-8017-908b7705b80d,5b636615-a17c-4c68-9e62-8179ac58ba49,0,el,0,Asia/Nicosia,,2025-11-17 16:41:20.312479+00:00,
bb3ba7ab-ad3b-4bc8-baf6-1b654312bd2d,ab9d7d41-72f5-4e15-90f6-69b31cd63f6c,0,el,1,Asia/Nicosia,,2025-11-17 16:41:20.312479+00:00,
7b7d874d-768a-4cc8-b932-1d19e071fc7d,f37b5e29-c2c5-4ca1-8d0c-9a48a0deacb7,1,el,1,Asia/Nicosia,,2025-11-17 16:41:20.312479+00:00,
26f81d12-0066-4455-b0bc-d829c97cae56,bedc7b37-25b6-4d49-a48f-4d7c95580fae,1,el,0,Asia/Nicosia,,2025-11-17 16:41:20.312479+00:00,
0bc5a26e-8d3c-409f-848b-6ec6ef353b9d,15fb0a82-1092-4212-908f-fb2fe893e23a,1,el,0,Asia/Nicosia,,2025-11-17 16:41:20.312479+00:00,
1178487c-3882-4f8c-8ec8-9efadb2f12f5,ee61f405-71db-4316-8f43-7dc2c9317410,0,el,1,Asia/Nicosia,,2025-11-17 16:41:20.312479+00:00,
5660b091-8a2f-4be5-af8d-2be8cfce5fc9,011efd57-5d09-4ba5-9dbf-5d3eb0bf15a6,1,el,0,Asia/Nicosia,,2025-11-17 16:41:20.312479+00:00,
ca695063-6a74-49a2-b120-7aead37f9f3b,f55e4bef-d76f-49a7-8cd0-b969a4c54a47,1,el,0,Asia/Nicosia,,2025-11-17 16:41:20.312479+00:00,
8b22f724-b704-42ab-89ce-ca1398f5684d,2d80c298-50d8-4d0c-be16-a9b1c7ad653e,1,el,0,Asia/Nicosia,,2025-11-17 16:41:20.312479+00:00,
23d9a91b-7d82-40f6-b83c-88b55c5c53ef,e262ebb9-c11f-44d9-8bd7-9fe960c73f51,0,el,1,Asia/Nicosia,,2025-11-17 16:41:20.312479+00:00,
f798963e-f448-4599-aa8b-d483a4357551,72e60db2-3254-4151-bd92-26478e9f6f8e,0,el,0,Asia/Nicosia,,2025-11-17 16:41:20.312479+00:00,
100576e2-f79b-467b-837e-1968002e737d,fd54a407-d3ea-415a-8e31-e06c6a7d739b,1,el,0,Asia/Nicosia,,2025-11-17 16:41:20.312479+00:00,
12b058ae-b211-49a6-8f35-91e3081a6deb,b5aca914-b491-48e7-b52a-c805047a2549,1,el,0,Asia/Nicosia,,2025-11-17 16:41:20.312479+00:00,
fe794f58-4974-48b9-8f00-2b5a07accb0f,e0a7a19d-ac25-444c-b7f6-17063e953254,1,el,1,Asia/Nicosia,,2025-11-17 16:41:20.312479+00:00,
b84d0a82-40b4-4d2e-8811-b91f0f8d0dcb,6ad1f4f8-e98e-4129-8e30-92b0bc6ac8ff,0,el,0,Asia/Nicosia,,2025-11-17 16:41:20.312479+00:00,
66209382-b312-4470-ac98-f260764b8397,64f7aaf7-476b-4fdd-9a01-bc9df99da937,1,el,1,Asia/Nicosia,,2025-11-17 16:41:20.312479+00:00,
ebbb2f62-bdf1-485d-9ef3-40d722a0f70b,6dedce16-f0a3-4747-80cc-ce2fd43f630f,1,el,1,Asia/Nicosia,,2025-11-17 16:41:20.312479+00:00,
0e538b8b-013e-4695-adf0-66d9dcc8a9fc,aa3db85b-e060-48f5-bc3c-9c315252961e,0,el,0,Asia/Nicosia,,2025-11-17 16:41:20.312479+00:00,
276efd48-1c7c-42bf-a1dc-589a7e79dcfe,f92267bb-16b7-44b4-8cef-8df1661f58b8,0,el,1,Asia/Nicosia,,2025-11-17 16:41:20.312479+00:00,
4b5e7b59-0b9d-4326-b23f-dea25e9bd567,ae0332bd-a1c1-46d0-93f6-3e975f8d27de,1,el,0,Asia/Nicosia,,2025-11-17 16:41:20.312479+00:00,
dcfcfa57-e07b-4318-a00e-18667ce931d7,98c9a8fc-eb6f-4c57-b14c-7d97d7940938,0,el,1,Asia/Nicosia,,2025-11-17 16:41:20.312479+00:00,
1720931b-6a63-4cc1-b026-67a413b385e7,d0052657-cbe5-4484-b83f-c56f0606b77b,1,el,1,Asia/Nicosia,,2025-11-17 16:41:20.312479+00:00,
83b3f18c-9a00-490a-8b60-626ba430e101,f9f8c6ed-882d-4277-8e85-60943503538c,0,el,0,Asia/Nicosia,,2025-11-17 16:41:20.312479+00:00,
1e8e1818-51a9-4c18-8427-668d6654aecd,5590902d-eb71-4a04-8cfe-8300197861fa,1,el,0,Asia/Nicosia,,2025-11-17 16:41:20.312479+00:00,
18cff831-f375-41a6-934e-1eeea46074f7,19b38d65-3fe3-4036-8c34-0e366482f272,1,el,0,Asia/Nicosia,,2025-11-17 16:41:20.312479+00:00,
3e56b91f-4a48-4a8f-b6ab-34c75c0ad37a,c93d1b26-79b9-4004-bc28-1214db98da5c,0,el,0,Asia/Nicosia,,2025-11-17 16:41:20.312479+00:00,
7290b052-3a54-4fe1-8b26-6ec9b8b0c94b,8bd097cd-2cd5-4be4-85e5-ed68524642a0,1,el,0,Asia/Nicosia,,2025-11-17 16:41:20.312479+00:00,
c663e5f3-8fe0-4f67-ae4a-7ecda5ab757b,6dd36bd6-ea41-43b3-bea5-a5f58d92456b,1,el,1,Asia/Nicosia,,2025-11-17 16:41:20.312479+00:00,
ecb3a5d4-68d6-49ff-bb55-b832e8db5375,893697b1-2118-480c-b2f0-321c33573aa0,1,el,0,Asia/Nicosia,,2025-11-17 16:41:20.312479+00:00,
5fe0d479-3185-4df2-a1b6-4f78d510b6db,fc2d050b-dedb-4314-afa5-4b95e4918db5,1,el,1,Asia/Nicosia,,2025-11-17 16:41:20.312479+00:00,
79f7390b-4dca-4f66-b0c2-8b1f58256b79,22135772-6106-402f-8a1c-1e1e56696219,1,el,1,Asia/Nicosia,,2025-11-17 16:41:20.312479+00:00,
0fdc15bf-8726-4a2f-b6c2-db544c630a01,075b3efc-56c0-42e0-9b9b-ec548e59f9ee,1,el,0,Asia/Nicosia,,2025-11-17 16:41:20.312479+00:00,
852c9a60-f800-48f2-88bd-44079ae8884c,dfda9eb9-48a2-45b7-90c7-3a6ba5d98592,0,el,1,Asia/Nicosia,,2025-11-17 16:41:20.312479+00:00,
b7a7d669-40a8-4a08-ad43-39b51fe0b4d4,e8d7fef0-dcbe-4e78-b4b9-4bb1eb45741a,1,el,1,Asia/Nicosia,,2025-11-17 16:41:20.312479+00:00,
2a0e175b-770f-4da5-8b55-6b0d45c667f7,be72b2a1-a5d9-4a08-bf8f-ee075b1c82ba,0,el,0,Asia/Nicosia,,2025-11-17 16:41:20.312479+00:00,
45ba788d-dea3-44a9-a98f-e2b4d03f241e,08a712c4-1bb6-4a32-9752-611f69ceab3a,1,el,0,Asia/Nicosia,,2025-11-17 16:41:20.312479+00:00,
093d6d03-55b8-4094-a257-31af2d45ff3c,bdcda454-eddc-4ccd-bc10-c33d170403c5,0,el,0,Asia/Nicosia,,2025-11-17 16:41:20.312479+00:00,
37b0d873-49ba-4a6a-8769-b2f56c6592b0,57356484-f08a-4293-9beb-18003ae8dc57,0,el,0,Asia/Nicosia,,2025-11-17 16:41:20.312479+00:00,
dbaeb43c-48a4-45d9-af77-3d717cff111a,620577ba-7ace-4fbd-936f-4d5b688d09aa,1,el,0,Asia/Nicosia,,2025-11-17 16:41:20.312479+00:00,
a5c41e76-7c33-424b-9f69-128b0ef49ef1,218959de-7659-480f-a741-48854fb08c84,0,el,0,Asia/Nicosia,,2025-11-17 16:41:20.312479+00:00,
cfaca623-52bb-47d7-a14f-2bfeae977b24,193d8353-9254-43cf-9351-66b8c474c417,0,el,1,Asia/Nicosia,,2025-11-17 16:41:20.312479+00:00,
1f51b45d-be4d-4217-bc7a-27c9b50136e1,fb24ae8d-f03f-4c4d-8df3-d669926d0057,1,el,0,Asia/Nicosia,,2025-11-17 16:41:20.312479+00:00,
f9d2c79c-e94a-46ce-b008-663da9e60c1d,e383704f-5fdf-4642-b120-144ada7445a7,1,el,1,Asia/Nicosia,,2025-11-17 16:41:20.312479+00:00,
7ecfe432-3697-4908-bc04-5f714edf5cef,770a96cc-62bf-4f40-b061-f8b4f5e74b6a,0,el,0,Asia/Nicosia,,2025-11-17 16:41:20.312479+00:00,
751b5fd3-c551-4a86-8cc8-0923afcca6b5,02029798-4635-4c8a-86a2-a6ef39163ab8,0,el,0,Asia/Nicosia,,2025-11-17 16:41:20.312479+00:00,
cfddedc8-916a-4db5-8ea0-228fb45b1738,e2545a3c-4796-4ad4-8211-8c08d63c9a40,0,el,0,Asia/Nicosia,,2025-11-17 16:41:20.312479+00:00,
13660e50-806e-4b34-9f87-d0c4f58b9bcd,307ea017-2843-4c90-8d9a-cd995623b5c1,0,el,1,Asia/Nicosia,,2025-11-17 16:41:20.312479+00:00,
fbb88a77-ecae-4e81-9eee-c782db9c50b7,2a8bc522-2250-459a-946f-b4c92856cab2,0,el,0,Asia/Nicosia,,2025-11-17 16:41:20.312479+00:00,
278f2f22-4d8f-45ca-8ecf-3e24b5c200f2,bb73f0d0-fa94-42fc-9209-5543bc363f9b,0,el,0,Asia/Nicosia,,2025-11-17 16:41:20.312479+00:00,
18955013-243c-468a-9eb4-fba5f688247e,16ef7113-0ab1-4a18-97dc-469ac679e300,1,el,1,Asia/Nicosia,,2025-11-17 16:41:20.312479+00:00,
f1a6f799-707a-46e9-be68-c8b4968979ed,16ae7047-cec5-4ea4-b453-83087f230ee7,0,el,1,Asia/Nicosia,,2025-11-17 16:41:20.312479+00:00,
151793b2-a2d2-4393-9311-c5e845401b63,6178f923-9c7e-4351-9629-7a6e913b5421,1,el,1,Asia/Nicosia,,2025-11-17 16:41:20.312479+00:00,
31ba432e-686b-441a-bd02-3dab5c457f8e,67a37e1f-c456-4f65-a24f-5e105d84cad4,1,el,0,Asia/Nicosia,,2025-11-17 16:41:20.312479+00:00,
c9ff3b12-4aee-49c6-9596-682377c05171,dca8323c-1640-4255-ad1f-3cad553ad722,0,el,0,Asia/Nicosia,,2025-11-17 16:41:20.312479+00:00,
5d177540-2008-4c0a-b1c4-30318db709c7,ab5c8895-0202-47d3-9a0d-441e3ef6ddcf,1,el,1,Asia/Nicosia,,2025-11-17 16:41:20.312479+00:00,
1110820d-96ac-406e-813e-231a811f42ef,731d1379-f94d-4cab-8692-a9035161f522,0,el,0,Asia/Nicosia,,2025-11-17 16:41:20.312479+00:00,
e2c378a0-06d6-4e31-8262-055db83c2727,5df22b66-2c1e-4278-8d99-d8092b59a6c0,0,el,1,Asia/Nicosia,,2025-11-17 16:41:20.312479+00:00,
02679da9-e222-4a43-91e7-db8cf848f097,3fd68ef8-e1ea-439f-8c05-72ced0bf36b7,0,el,1,Asia/Nicosia,,2025-11-17 16:41:20.312479+00:00,
27110fcd-d556-4f3e-a6a7-be97f178e2cf,57c883c5-1abb-4758-a799-3a3b325b2240,0,el,1,Asia/Nicosia,,2025-11-17 16:41:20.312479+00:00,
8bc931c1-6794-4f27-80c4-4d96173f19d3,d8ff14b8-894d-4201-879a-3d594158aa50,0,el,0,Asia/Nicosia,,2025-11-17 16:41:20.312479+00:00,
532a416a-8d67-44d6-bcbc-7a965a02e3c4,03b704b1-2028-4b9a-9b21-97befc1b6d87,0,el,0,Asia/Nicosia,,2025-11-17 16:41:20.312479+00:00,
3d47d893-ebf1-4da3-915a-68065a82ff72,3280afb7-2e39-4f73-8dfe-a1509589996e,0,el,1,Asia/Nicosia,,2025-11-17 16:41:20.312479+00:00,
9d78a716-24b6-4554-aeda-c874de11e632,b081e696-ea28-4714-9507-fc2512239ee6,0,el,0,Asia/Nicosia,,2025-11-17 16:41:20.312479+00:00,
2027846f-d733-48fb-ad41-994ab93175f6,8608a952-eb32-4ffb-82f2-91d2b2d84528,0,el,1,Asia/Nicosia,,2025-11-17 16:41:20.312479+00:00,
66d296e7-4656-40bb-a69f-2b5d1b5d88ec,2190c25c-6f39-466f-9987-87e4b0236b5f,0,el,0,Asia/Nicosia,,2025-11-17 16:41:20.312479+00:00,
34c7d077-d985-49dc-8e2e-ecd2c4eaa939,bedc0ff2-3df9-453e-a4a9-4528e1f52d82,0,el,0,Asia/Nicosia,,2025-11-17 16:41:20.312479+00:00,
69a59ba4-a2c9-4f3a-b421-eb36c344a338,088e0360-d44d-4372-b1aa-92d5601163e5,1,el,1,Asia/Nicosia,,2025-11-17 16:41:20.312479+00:00,
eea088d1-3713-43c0-a767-4e70251da493,fd5db8a3-d2dd-4fea-bffd-0f637a7ce970,1,el,1,Asia/Nicosia,,2025-11-17 16:41:20.312479+00:00,
ecd02040-0d98-4770-908a-e1d0946c9308,2a4a71cb-a0ff-4385-b36b-652bf6a40099,1,el,0,Asia/Nicosia,,2025-11-17 16:41:20.312479+00:00,
75aa9eac-16ff-40cf-bce1-213fd99ce589,2df237d0-f52e-4bb8-8c21-c72b6568445c,1,el,0,Asia/Nicosia,,2025-11-17 16:41:20.312479+00:00,
07626866-14b1-43c4-854a-7f1a3981ec84,55fd909b-73cc-4cc0-8158-b07f18d64348,1,el,1,Asia/Nicosia,,2025-11-17 16:41:20.312479+00:00,
d1d49079-9a91-41d4-8bfc-489f06344ef8,e4d76034-03bc-42d3-949b-a869f4f424e7,1,el,1,Asia/Nicosia,,2025-11-17 16:41:20.312479+00:00,
db68ef7a-6f3d-4e53-8217-95bb9f8286a9,35742098-4f25-444b-acba-9a96817d3146,0,el,0,Asia/Nicosia,,2025-11-17 16:41:20.312479+00:00,
c231a4e2-76cc-4349-9a99-e6f034231b82,b24acb05-78e5-46bf-8d42-88d69c4c8062,0,el,0,Asia/Nicosia,,2025-11-17 16:41:20.312479+00:00,
e574bbe7-4c4f-43c2-a7bc-1e6b9cfa675e,9816e2eb-249a-44c2-95f2-e9b2d5dc2873,0,el,1,Asia/Nicosia,,2025-11-17 16:41:20.312479+00:00,
5a3a5dc3-60b2-4232-970e-559e20c6f9d4,38fccf0a-f443-4429-b91c-4e8465298ece,1,el,1,Asia/Nicosia,,2025-11-17 16:41:20.312479+00:00,
5cc0160b-cc4a-41ef-a780-390418323aca,1e057bf1-de16-4e55-aa49-79a290f132c1,0,el,0,Asia/Nicosia,,2025-11-17 16:41:20.312479+00:00,
1680097d-a1ec-4609-acf1-46b8cc14989f,60ff7925-60af-49d2-bb3d-6319d6774cf5,1,el,0,Asia/Nicosia,,2025-11-17 16:41:20.312479+00:00,
9c0d0dc1-6586-42e7-936e-7b35b873c740,833f9f71-9c6b-4ea0-b887-1a104fc7c862,1,el,1,Asia/Nicosia,,2025-11-17 16:41:20.312479+00:00,
4f7dbd56-cb77-4a35-8f8f-9db9594ddebd,e4d53cf7-9be4-4bdc-b689-7f722515a744,1,el,1,Asia/Nicosia,,2025-11-17 16:41:20.312479+00:00,
130931fd-1019-43d9-98ca-5b14c38eb45c,339deda6-d7e3-498a-9136-8163c9193dd1,1,el,0,Asia/Nicosia,,2025-11-17 16:41:20.312479+00:00,
58c8f142-248f-4f1a-be6f-6c80b97aef4f,4a9f66ad-c06e-4a2d-b07f-cc76881d98de,0,el,1,Asia/Nicosia,,2025-11-17 16:41:20.312479+00:00,
f2b80bee-f135-435d-895f-ce0e07bb6fa9,6eff3de6-b416-4bf9-a6bc-6e990415bfed,0,el,1,Asia/Nicosia,,2025-11-17 16:41:20.312479+00:00,
186eeacc-eef1-4bf2-ba7a-9aaaae76813e,75d4aabf-9d4e-4f96-8816-2089d6120522,0,el,0,Asia/Nicosia,,2025-11-17 16:41:20.312479+00:00,
0a0448e0-59e7-4a26-b33b-6334424a1594,a20ea555-a6be-436e-a885-de4662c43912,1,el,0,Asia/Nicosia,,2025-11-17 16:41:20.312479+00:00,
bddca6ae-a182-4d74-bb18-3c71d282fdb9,476e8d54-8b4b-4e2e-8ebf-833c59928bd6,1,el,0,Asia/Nicosia,,2025-11-17 16:41:20.312479+00:00,
02eebad7-9e61-40fe-8167-ee024a28aca3,01fa52d4-03c4-4917-bc7e-8c83a07f3858,0,el,0,Asia/Nicosia,,2025-11-17 16:41:20.312479+00:00,
03142df0-fbdf-4396-860b-b2e499b35578,c9e9a501-ae80-4c12-ab7c-230d5caed2e7,0,el,1,Asia/Nicosia,,2025-11-17 16:41:20.312479+00:00,
c7798f82-8e04-49c2-8968-5fbdccdb01e4,7555e3aa-6716-4ace-b974-1e91442f06c1,1,el,0,Asia/Nicosia,,2025-11-17 16:41:20.312479+00:00,
d9139a23-cf54-4553-a7ac-56f08339e39d,e06b5eb8-3460-4ec0-9326-bcbf8b415290,1,el,0,Asia/Nicosia,,2025-11-17 16:41:20.312479+00:00,
c4e4457c-eb4d-4d22-8142-ecc6e4d2c7df,a6faf088-df71-4155-8006-d3fc00d55ab7,0,el,1,Asia/Nicosia,,2025-11-17 16:41:20.312479+00:00,
7c716e4e-56b5-4499-a893-55eb75c258b2,3cd67e41-445c-4a6a-8664-17870754f113,1,el,1,Asia/Nicosia,,2025-11-17 16:41:20.312479+00:00,
3fceb303-14d0-409c-b897-e7ae40e618f7,18097cab-74a9-4f30-839f-e7ff5e7705a4,1,el,0,Asia/Nicosia,,2025-11-17 16:41:20.312479+00:00,
86f81467-5fdc-4d68-a274-601fa4fb26bb,57566742-0cb2-4e4c-96fc-301634a3319b,0,el,0,Asia/Nicosia,,2025-11-17 16:41:20.312479+00:00,
33db2e68-dd2f-4414-bae2-11a9008c8193,d2717a50-51bf-4797-bdd7-76d638541658,0,el,0,Asia/Nicosia,,2025-11-17 16:41:20.312479+00:00,
8e608ecb-3aa1-49c4-80f4-a612e0102ab2,2181b484-1879-4224-a668-f161f772081b,1,el,1,Asia/Nicosia,,2025-11-17 16:41:20.312479+00:00,
28a1f132-5c39-42ad-8ddb-22290abb638c,880d49b7-b7fa-4824-986f-847af31ce38b,1,el,1,Asia/Nicosia,,2025-11-17 16:41:20.312479+00:00,
57d45db9-82b4-42e4-99d4-a7378f3ae0bf,8e96cbb1-c631-4020-a3b1-ee59f7b3ec21,0,el,1,Asia/Nicosia,,2025-11-17 16:41:20.312479+00:00,
707169c1-c404-4a73-9751-085c05b4d3b4,4b9c4db6-e1cb-4b13-b11e-8072d28a3573,1,el,0,Asia/Nicosia,,2025-11-17 16:41:20.312479+00:00,
1687fff0-40c4-4fdc-a575-a6e87ecd4099,319f8924-5aeb-482b-b088-98f54bbbcf5d,0,el,1,Asia/Nicosia,,2025-11-17 16:41:20.312479+00:00,
bcd0ae14-016f-430a-9733-e8762cb6d232,b3d09d8c-9a60-4762-a99f-b1e4f2ebe7ea,1,el,0,Asia/Nicosia,,2025-11-17 16:41:20.312479+00:00,
d1a32cba-5d94-4199-8270-33e771b0745c,979cbff8-d605-47f9-aa9b-0cf7e7eddfc6,0,el,0,Asia/Nicosia,,2025-11-17 16:41:20.312479+00:00,
2ba894c0-3584-4b43-9c40-d6ea9450907c,86f77d4f-f499-4724-bcbf-72a4e7d13b52,1,el,0,Asia/Nicosia,,2025-11-17 16:41:20.312479+00:00,
6fe59f9c-a8a6-4014-9572-a5c8925cec96,fcba54bf-3422-499f-80bc-5ac72a0f484e,1,el,0,Asia/Nicosia,,2025-11-17 16:41:20.312479+00:00,
27eb0174-c0ee-462c-8d6f-c79e43ddefda,6f29ae1d-2d36-467d-ad64-79de06e01462,0,el,0,Asia/Nicosia,,2025-11-17 16:41:20.312479+00:00,
7db09d90-36aa-48b3-b0bf-d4b66a86743d,5c8463d2-791f-456b-9dc7-4c4b384d1fa1,1,el,0,Asia/Nicosia,,2025-11-17 16:41:20.312479+00:00,
45453a64-e3fb-47bd-b851-c40f64ed641c,1c11e642-33c8-4956-9577-95e7d00f386e,1,el,1,Asia/Nicosia,,2025-11-17 16:41:20.312479+00:00,
7c445aa0-9e0e-4159-8e3e-e821cb9a3b69,a858a9c7-3511-4bc8-be3e-ab2ac7980e7c,0,el,0,Asia/Nicosia,,2025-11-17 16:41:20.312479+00:00,
c43d82cd-0fb1-42a6-a4c5-3b89ea45fc59,5b544c24-b221-4203-b6eb-914193214872,0,el,0,Asia/Nicosia,,2025-11-17 16:41:20.312479+00:00,
42ca95f8-eb15-4687-9054-2b48f85da7f8,d885f57e-07d7-40af-8241-bf014ea9e48a,0,el,0,Asia/Nicosia,,2025-11-17 16:41:20.312479+00:00,
f16a9f80-32f0-49c2-80d4-e422d000b2f0,a7cc83a9-5974-48bc-9fcc-c9722cb4876a,1,el,1,Asia/Nicosia,,2025-11-17 16:41:20.312479+00:00,
8b629963-09ee-4038-bb74-8da8f1ca88f5,7492f59f-a016-45c4-8ffe-3e7ce5ec12a2,1,el,1,Asia/Nicosia,,2025-11-17 16:41:20.312479+00:00,
6e7edcfc-29fd-4ae9-9f9c-d72ea019597a,254cb942-1972-436e-a92c-a99e46a2f24b,1,el,0,Asia/Nicosia,,2025-11-17 16:41:20.312479+00:00,
33e9195b-287d-4363-a2bc-9bf18b4228a9,0a0452f6-b5d1-4b4b-998a-c7a20051dea9,1,el,0,Asia/Nicosia,,2025-11-17 16:41:20.312479+00:00,
4f3f2204-b36f-4851-8971-ac3ca4a55223,71562e24-41d6-402a-9142-48d130c0660e,0,el,1,Asia/Nicosia,,2025-11-17 16:41:20.312479+00:00,
e8462627-9218-4105-9e6d-a58b77038676,066de22e-100a-4dac-9333-b6c24fbc9abc,1,el,1,Asia/Nicosia,,2025-11-17 16:41:20.312479+00:00,
5b7654bb-a540-4da4-8466-b9cb3de7241a,a7627462-4051-44b6-a124-ef993b2e3f3d,0,el,0,Asia/Nicosia,,2025-11-17 16:41:20.312479+00:00,
29f8cb29-ce5a-4013-9e13-b708257a4dda,0cbcef54-89b0-4b89-8511-49cdddae512b,0,el,1,Asia/Nicosia,,2025-11-17 16:41:20.312479+00:00,
1ea20faf-646c-4c7f-adac-dba1bdc82479,1b0d391b-c916-4e68-81f5-b3f48632dd80,0,el,0,Asia/Nicosia,,2025-11-17 16:41:20.312479+00:00,
d8d5daca-47c1-401e-911a-88e45a274a5c,80002175-2549-40c7-8ca5-097ea1133133,1,el,0,Asia/Nicosia,,2025-11-17 16:41:20.312479+00:00,
72ac0a88-6d02-48ec-8206-47a3797087f9,caefc09f-7070-4620-a0ef-cadf663eebea,1,el,1,Asia/Nicosia,,2025-11-17 16:41:20.312479+00:00,
f0bf6041-1342-4ad7-9649-d9b332d25daf,82ee8f46-9e3f-4715-89cc-24838dd13eef,0,el,1,Asia/Nicosia,,2025-11-17 16:41:20.312479+00:00,
89535757-d940-4342-9623-10f7d91b2130,36591a39-9b2f-4269-ba1b-a291688a2a43,1,el,0,Asia/Nicosia,,2025-11-17 16:41:20.312479+00:00,
2fd6f609-ed69-4745-b6bc-770f8cba64d2,a469c688-110a-45b2-9f30-b3781f9a294a,1,el,0,Asia/Nicosia,,2025-11-17 16:41:20.312479+00:00,
b894b994-ecd3-406c-9c9b-43d5c65b193b,72c5a626-d411-49cf-bd66-4d501f2c70b1,0,el,1,Asia/Nicosia,,2025-11-17 16:41:20.312479+00:00,
47a565ef-f3ca-43c9-a86b-7e0c9c6390d3,cbad4ea0-a116-45b3-b9a0-8d90c7c2c35e,0,el,1,Asia/Nicosia,,2025-11-17 16:41:20.312479+00:00,
3b1ba9fa-e5e5-4ad3-933e-e7a536d6a437,b06dede4-65a3-4ac7-8f59-ac4105c63fea,1,el,1,Asia/Nicosia,,2025-11-17 16:41:20.312479+00:00,
e2412d4e-2d44-425c-997b-969a0175040d,0e39f5f4-f9e6-48d7-8b65-176c87bfd81a,1,el,0,Asia/Nicosia,,2025-11-17 16:41:20.312479+00:00,
769dcbdf-4b26-4711-b004-4aaa41179080,e0e4b918-5314-40bb-9278-858e3f559090,0,el,1,Asia/Nicosia,,2025-11-17 16:41:20.312479+00:00,
2c3972d6-612a-4ee3-80e6-de05873fd6c6,893a5289-d9bb-4766-bd41-888f86a58437,0,el,1,Asia/Nicosia,,2025-11-17 16:41:20.312479+00:00,
5a63f474-3758-4f78-b52d-998f9585ee6d,a5a94e97-be2c-48bd-b65e-51fc56391197,0,el,0,Asia/Nicosia,,2025-11-17 16:41:20.312479+00:00,
292eb3cb-62ab-4691-ba69-0c12363ac7d5,b87c43e9-3be1-46aa-979c-0c81155ee342,1,el,0,Asia/Nicosia,,2025-11-17 16:41:20.312479+00:00,
cfeb3c94-f250-41f9-9820-ca8ce711ce22,58241d38-28b9-4b9d-929e-d467b8c75600,0,el,1,Asia/Nicosia,,2025-11-17 16:41:20.312479+00:00,
eff28d32-7c9b-4151-87bd-2b95ac646b74,a914f57c-43eb-4117-84f1-761592efeab2,0,el,0,Asia/Nicosia,,2025-11-17 16:41:20.312479+00:00,
3fcdee78-0008-45f1-8e1b-7da50973612e,05b51910-f170-4be9-87df-2762d530617e,0,el,1,Asia/Nicosia,,2025-11-17 16:41:20.312479+00:00,
536f7411-71e7-4b30-a510-211e140f82a8,8e50b5a4-10fd-4d6d-b5a4-7a0d9c5226e0,1,el,0,Asia/Nicosia,,2025-11-17 16:41:20.312479+00:00,
e8a449ff-268d-4cd1-ab87-95fdfb8932b1,93ad646e-55b1-4fa6-a4d6-ff1ad809301f,0,el,0,Asia/Nicosia,,2025-11-17 16:41:20.312479+00:00,
064d1de7-3f18-4660-8475-b178910d6b99,37a54ef6-d337-4733-998b-e87112299ae9,1,el,0,Asia/Nicosia,,2025-11-17 16:41:20.312479+00:00,
0254ad32-59ef-4b74-a645-c1034cecf48f,cbae7638-93fd-4140-a5e6-909bbb04bbbe,1,el,0,Asia/Nicosia,,2025-11-17 16:41:20.312479+00:00,
99669382-3615-4b18-b3e5-779a1952a464,3c647630-1310-40d2-a61f-bf18fa5fe667,1,el,1,Asia/Nicosia,,2025-11-17 16:41:20.312479+00:00,
22a6d66c-25ee-4530-97b2-efdaea02fe2a,9fd06cac-ea8e-4bf6-a000-576466665f6e,1,el,1,Asia/Nicosia,,2025-11-17 16:41:20.312479+00:00,
78601a6b-0bd2-4c77-943b-5148d27e8048,e20d841f-0fd4-41ac-8d1f-04c41887b0ec,0,el,0,Asia/Nicosia,,2025-11-17 16:41:20.312479+00:00,
5a068111-7035-4442-9858-4eef5226bc3f,5b6dbca8-105f-42ff-9969-25a9811d0e21,0,el,0,Asia/Nicosia,,2025-11-17 16:41:20.312479+00:00,
fbd51fc7-77f7-4676-93fe-36907e1c5318,ce43c141-e923-42d7-a07e-da82bba6afeb,0,el,1,Asia/Nicosia,,2025-11-17 16:41:20.312479+00:00,
8e687ded-e524-4b79-9d51-5cb2a441fded,88b28284-ecc1-4f19-b64c-57e543be2de3,1,el,1,Asia/Nicosia,,2025-11-17 16:41:20.312479+00:00,
526beab9-d265-4911-8e86-a98e0bb38b09,475f01b5-ec25-43e6-8b65-1848631c04ad,0,el,1,Asia/Nicosia,,2025-11-17 16:41:20.312479+00:00,
0acc18cf-b52d-4267-a316-eae97b23932e,9550277b-2fe6-4761-86ff-ffcf7a2772ae,0,el,1,Asia/Nicosia,,2025-11-17 16:41:20.312479+00:00,
47d1b1e3-f2a9-4da6-9145-20e52bf2a634,c0273b19-51ce-48d2-b6e6-f67f4b70a7b9,0,el,0,Asia/Nicosia,,2025-11-17 16:41:20.312479+00:00,
076c510a-4f99-451d-a2e4-642b625f0479,00733caa-7376-4b0f-8f2e-e17efdb524eb,1,el,0,Asia/Nicosia,,2025-11-17 16:41:20.312479+00:00,
932b1d9d-37e1-4b64-bac0-f777c4cf4f99,21a24fbd-bc2e-402a-8d1a-f2dc6df7b7df,1,el,0,Asia/Nicosia,,2025-11-17 16:41:20.312479+00:00,
1e8cca96-5de6-4044-8729-530e3df57799,438a3c1f-114b-4d28-9a46-0650e7e36d27,1,el,0,Asia/Nicosia,,2025-11-17 16:41:20.312479+00:00,
4eae289f-3195-4976-b8c0-60d320fe5e45,9bb87317-0847-45e7-92e3-f0570abf44ef,0,el,1,Asia/Nicosia,,2025-11-17 16:41:20.312479+00:00,
071b772f-563f-450f-bc86-69a0e95abba9,790f38de-4fe1-4f53-b0b6-645d75f0a698,0,el,1,Asia/Nicosia,,2025-11-17 16:41:20.312479+00:00,
dd673674-57cf-4db8-9a12-57266908036a,6b1e8a5a-1f73-4718-98fc-79ca15decdeb,1,el,1,Asia/Nicosia,,2025-11-17 16:41:20.312479+00:00,
da9b517b-097a-421d-b66d-990c1e28c35e,12730096-2917-429e-89ac-400f85e1ccb7,0,el,0,Asia/Nicosia,,2025-11-17 16:41:20.312479+00:00,
400d6b39-0e51-4187-8b1a-3975b36671e8,258890ab-93c0-4fc6-981b-f1444ce174dc,0,el,0,Asia/Nicosia,,2025-11-17 16:41:20.312479+00:00,
38112a67-a9b6-4de1-b0d1-24102f0338a6,7a02e521-dc17-45d3-93db-7505737b1689,0,el,0,Asia/Nicosia,,2025-11-17 16:41:20.312479+00:00,
b916ce24-53ae-456b-90fa-bb8f74b5b866,563d912e-b90d-467e-b3c3-f968d2878700,1,el,1,Asia/Nicosia,,2025-11-17 16:41:20.312479+00:00,
a9ed987b-a237-46f9-8894-044c47aa5f3e,1a4f59d3-d2f5-4bae-bfd0-332b9c0e8fcd,0,el,1,Asia/Nicosia,,2025-11-17 16:41:20.312479+00:00,
0579c45c-e30d-4e86-ad1a-3503b3c13762,e7c182e9-716d-4d2c-aca0-ba2e89c1c431,0,el,0,Asia/Nicosia,,2025-11-17 16:41:20.312479+00:00,
61fbc982-db38-4a90-97bb-15be71ac715c,15b71cb9-0d88-4552-9f14-a6964607683b,0,el,1,Asia/Nicosia,,2025-11-17 16:41:20.312479+00:00,
410478da-18e4-4d1c-b219-7ba0eac121b9,23f23452-1649-444a-bd3c-30433a6253f1,0,el,0,Asia/Nicosia,,2025-11-17 16:41:20.312479+00:00,
9f6bd989-8976-4fc3-acb8-5a132a222b79,bcc680cf-0bf0-422a-bd7d-1b907767d270,1,el,1,Asia/Nicosia,,2025-11-17 16:41:20.312479+00:00,
682b82fb-e7bc-4622-82a5-9f80c9763908,594a8492-3dca-4ad6-919e-706542d37eb4,0,el,0,Asia/Nicosia,,2025-11-17 16:41:20.312479+00:00,
5b17a8e4-0d94-417c-8b69-6d17433d1083,a9500f2f-94dd-40e4-9386-78526ee891db,1,el,1,Asia/Nicosia,,2025-11-17 16:41:20.312479+00:00,
d242519a-a494-4f4f-a0fa-21cb9d6ec7b4,28e9fc80-ada5-4645-88f8-0115ca7fbf3f,0,el,0,Asia/Nicosia,,2025-11-17 16:41:20.312479+00:00,
ea380b0b-6001-4e4f-8aa2-403f752c048b,103084c6-2b16-4759-9101-f1321547f726,1,el,1,Asia/Nicosia,,2025-11-17 16:41:20.312479+00:00,
f1ae4afd-a619-45cc-ba2b-386cb5b73e67,38ef8bad-b028-4830-9686-ab20ea03c8cb,1,el,1,Asia/Nicosia,,2025-11-17 16:41:20.312479+00:00,
9c3df428-3981-4df8-b0ca-4dbdcc2d351b,c626747a-597f-4e08-b912-3229191ad6e2,1,el,1,Asia/Nicosia,,2025-11-17 16:41:20.312479+00:00,
5a65eecb-ec5c-4b8b-8648-5bd092b2c7cc,0d2d4fae-0d87-4683-80e6-5a214c91700c,1,el,0,Asia/Nicosia,,2025-11-17 16:41:20.312479+00:00,
645f532f-fc78-47d0-be00-1e3b7c735b3a,f8493258-b948-464c-b241-a425b3ba5679,0,el,1,Asia/Nicosia,,2025-11-17 16:41:20.312479+00:00,
8d8319a1-35fc-4cb1-a9e7-8f69ab7fe627,84401511-244b-426e-aeac-2788da07c43d,0,el,0,Asia/Nicosia,,2025-11-17 16:41:20.312479+00:00,
b3ab766c-33e9-4d1c-a258-b65b13ab3657,11c1a763-f6e7-4b23-b71d-01e221a5daf4,0,el,0,Asia/Nicosia,,2025-11-17 16:41:20.312479+00:00,
8cd82a38-bfea-4dde-ba3d-dcafc03b3f8c,b313c5b9-170f-4c52-92e9-c5c028915d71,0,el,1,Asia/Nicosia,,2025-11-17 16:41:20.312479+00:00,
e532843b-26f7-4ad8-9668-ecb66fed17f4,a736b6db-6252-49d4-ab93-45d84b3619dd,0,el,0,Asia/Nicosia,,2025-11-17 16:41:20.312479+00:00,
d6f7d70d-29c3-4ccb-a828-0faa67a1c8ba,592bbf84-fc32-42f5-b58b-9e18cd453ac8,1,el,0,Asia/Nicosia,,2025-11-17 16:41:20.312479+00:00,
59512c0a-2c91-4a1d-b045-87e44bcc0e3d,3dcaeecc-146a-48e1-8e4d-6202df5e3ab4,1,el,1,Asia/Nicosia,,2025-11-17 16:41:20.312479+00:00,
efe3c55c-f677-4d81-b439-d9a70026e541,b90f781d-87ab-4d67-8ff7-b192810a4176,1,el,0,Asia/Nicosia,,2025-11-17 16:41:20.312479+00:00,
4bd9fe65-fadc-4b14-9a4a-1687fe6ac663,472b7cf8-9fb3-4a48-a410-5d8252a3276f,1,el,0,Asia/Nicosia,,2025-11-17 16:41:20.312479+00:00,
b026c172-dd8d-4634-963e-580742c320ea,44e4b044-239a-41f0-9e93-68240fb63461,1,el,0,Asia/Nicosia,,2025-11-17 16:41:20.312479+00:00,
8a3e5531-3bfe-438b-a6ee-d1cd16fb27fc,26e86cf4-adee-441f-af6c-ddc833a0ed99,1,el,1,Asia/Nicosia,,2025-11-17 16:41:20.312479+00:00,
c348df20-4f94-4c3d-b25b-8e12d4965eb8,6cd6997c-7c5d-4779-97e6-d85c4afdddeb,0,el,1,Asia/Nicosia,,2025-11-17 16:41:20.312479+00:00,
45b21bae-e2a0-4de3-9e80-bf75aa512522,ae0ce985-1395-4b41-af09-f6761074a453,0,el,1,Asia/Nicosia,,2025-11-17 16:41:20.312479+00:00,
508e159e-fde9-4e3d-b65c-367f70850112,8779ea05-6c52-4af3-b496-13daf4674cc1,1,el,1,Asia/Nicosia,,2025-11-17 16:41:20.312479+00:00,
30cc1997-239f-40a4-9e76-d3426494174e,34a50fe6-a9fa-447d-8e4a-e48bf4523adf,0,el,1,Asia/Nicosia,,2025-11-17 16:41:20.312479+00:00,
fea91cd8-b0e0-4854-9b87-012accd8477d,e438ca53-0990-4110-86a5-d242ffc0c4e5,1,el,1,Asia/Nicosia,,2025-11-17 16:41:20.312479+00:00,
4634ab69-c7c8-44b5-9375-1ac512ec5a6e,51829e0a-13ac-450b-91fd-2bf21d33860d,1,el,0,Asia/Nicosia,,2025-11-17 16:41:20.312479+00:00,
87032eb9-8081-481c-8750-013a04cd1594,4914e234-6835-43cf-92b5-9613a7002c7e,0,el,0,Asia/Nicosia,,2025-11-17 16:41:20.312479+00:00,
b6bf45e2-3224-47fb-9d36-7ad75e5d8061,ac6cf97f-4239-4a7a-8356-89a2b22e0580,1,el,0,Asia/Nicosia,,2025-11-17 16:41:20.312479+00:00,
dcad1cb1-ad1c-40d9-98ce-3e4322898bf8,55b907ca-b479-407d-9f3b-dbbceb247269,0,el,1,Asia/Nicosia,,2025-11-17 16:41:20.312479+00:00,
02ac8213-0bab-46a2-8ed6-7a571cf425e8,a1b67cbf-b18b-4c18-87ea-533662175edd,0,el,0,Asia/Nicosia,,2025-11-17 16:41:20.312479+00:00,
6789c19c-84c2-4d26-aeec-4f57b5a244cd,fed3b106-7533-47ec-bca4-de65769091b6,1,el,0,Asia/Nicosia,,2025-11-17 16:41:20.312479+00:00,
2d5a648a-5f29-483e-bacf-c414bcbef3fe,ea02f68e-a7a1-4c10-b8e6-4f90a038292a,0,el,1,Asia/Nicosia,,2025-11-17 16:41:20.312479+00:00,
428f1679-9738-442e-a475-294904a5f7d6,a5a51b92-faa4-4805-a280-d13ac9235328,1,el,0,Asia/Nicosia,,2025-11-17 16:41:20.312479+00:00,
e0abd960-095d-45ef-b936-ff7442196db8,8a0fdbbe-056d-4e04-8a81-ac417093368f,0,el,0,Asia/Nicosia,,2025-11-17 16:41:20.312479+00:00,
f4911b11-623b-4fcd-8103-bf1be442f6c1,30abd052-57ba-47f9-ad15-aba582a867f9,1,el,0,Asia/Nicosia,,2025-11-17 16:41:20.312479+00:00,
a249c2b9-a687-45bc-b032-96cdb326c45b,eac89ba1-0136-4d0b-9024-9e6c3e73e91e,1,el,1,Asia/Nicosia,,2025-11-17 16:41:20.312479+00:00,
f6c205af-8a64-427a-91e8-475c4e32ea37,0aab8283-5a65-4ef3-a017-ff32d44f080f,0,el,1,Asia/Nicosia,,2025-11-17 16:41:20.312479+00:00,
84ae72eb-c307-4256-a899-5973bccf6d59,08d4dae7-a0b6-46dd-98c5-9cf307ad167f,1,el,1,Asia/Nicosia,,2025-11-17 16:41:20.312479+00:00,
b612f327-8329-4203-af34-e399bdbade6c,8b15fbba-282e-40b4-a06d-00dd2db28463,0,el,1,Asia/Nicosia,,2025-11-17 16:41:20.312479+00:00,
3df802d2-d5d6-4d55-9bd6-39a320091f3a,f636bb72-be11-4263-b6d7-6d7e2d2b552b,1,el,0,Asia/Nicosia,,2025-11-17 16:41:20.312479+00:00,
b5b27d82-24fc-4df6-920b-10ce975b17f8,e36fbe0f-e2ff-4bbd-a8da-baa373e9c58b,1,el,0,Asia/Nicosia,,2025-11-17 16:41:20.312479+00:00,
c6d39cce-75c2-4955-8c7c-e647c0d432f0,e1f5f5a5-a3ff-4a31-b569-9c9beb0642ff,1,el,1,Asia/Nicosia,,2025-11-17 16:41:20.312479+00:00,
592f9947-1eb1-4070-8519-51c0d7a99b63,c655a5b7-4aab-4227-9ce1-e6be129bcab0,1,el,0,Asia/Nicosia,,2025-11-17 16:41:20.312479+00:00,
f27edccf-17d3-41d1-b5d0-045092e3a235,e8324167-5cf3-4c5b-8e4e-845381cba616,1,el,1,Asia/Nicosia,,2025-11-17 16:41:20.312479+00:00,
252fa326-cb83-4c7b-b452-22b47aed6c95,e2a2d587-c4c8-432a-8040-fdf8ff525b29,1,el,0,Asia/Nicosia,,2025-11-17 16:41:20.312479+00:00,
8eec61da-bac0-4e74-9662-62cc99ae7ecd,f25ac6bd-556d-48d3-89b6-73f11b78265e,0,el,0,Asia/Nicosia,,2025-11-17 16:41:20.312479+00:00,
c84413ca-7049-4b8a-8a34-28964b72656a,d91245d0-d2b6-4979-bf11-c28fd1cfa696,0,el,0,Asia/Nicosia,,2025-11-17 16:41:20.312479+00:00,
86f23994-2b11-4311-99a9-86543ebbbf9e,e7973c98-e889-42f4-b9e4-6baa6a286381,0,el,1,Asia/Nicosia,,2025-11-17 16:41:20.312479+00:00,
1aaa618f-7d51-4761-b8b3-f865cb77994e,cb1b3dac-9f55-4bc7-9d21-587fb3608e69,0,el,0,Asia/Nicosia,,2025-11-17 16:41:20.312479+00:00,
f09efd56-6372-4e13-bb74-a61b9b4052df,ccd60e20-4120-41ca-9a29-6377b0475a33,1,el,0,Asia/Nicosia,,2025-11-17 16:41:20.312479+00:00,
b4000dc6-160f-441b-af48-428837f5ab27,8339c1f3-0eb9-48a5-a31f-4653245cc262,1,el,0,Asia/Nicosia,,2025-11-17 16:41:20.312479+00:00,
354e4a27-4ed1-4f9d-b474-1f42f2985f57,37d1ef1b-7ea2-4b46-a992-0d52accc9c80,1,el,0,Asia/Nicosia,,2025-11-17 16:41:20.312479+00:00,
d03b3c43-b474-476b-9adf-7218df06ddaf,f82c7604-07e5-43bb-89cf-4bfcd8e8bc07,0,el,1,Asia/Nicosia,,2025-11-17 16:41:20.312479+00:00,
1b118cda-78f8-48e9-a806-179b4322d05f,721158f7-342c-4796-9842-69f3b39f980f,1,el,1,Asia/Nicosia,,2025-11-17 16:41:20.312479+00:00,
b4b08f2d-9786-4122-a4b7-fd94928af6b4,b9763bc8-f559-4464-9729-356ce224fe53,0,el,1,Asia/Nicosia,,2025-11-17 16:41:20.312479+00:00,
1025a8bf-c2f8-4379-8467-6ad255196471,cd803a97-44f7-4c95-a958-4f191fd801a1,0,el,1,Asia/Nicosia,,2025-11-17 16:41:20.312479+00:00,
4cd52c6f-ad1a-4796-b9da-de47561596e3,ed02dab1-ee51-4956-b613-a136ac446b50,1,el,0,Asia/Nicosia,,2025-11-17 16:41:20.312479+00:00,
4690ac64-ae73-4219-a1b3-bb0a05f651b4,1859b4dc-9754-4f9b-9e47-9cc1dddddb85,1,el,0,Asia/Nicosia,,2025-11-17 16:41:20.312479+00:00,
c1560397-7a6b-4410-b59d-3640c94f69cd,e460aab5-ca1e-4857-a11f-ace25eb77b74,1,el,0,Asia/Nicosia,,2025-11-17 16:41:20.312479+00:00,
b1110de5-a237-40d6-aad1-7f463062650b,f4afba88-b81a-4b72-849d-797c962647e5,0,el,1,Asia/Nicosia,,2025-11-17 16:41:20.312479+00:00,
c5af2477-4967-467a-8c31-f0eb0d8f25cd,4ca8d711-271c-44a6-ac45-13b54cf34166,1,el,1,Asia/Nicosia,,2025-11-17 16:41:20.312479+00:00,
06d653ac-5534-4690-abaf-afcc3c6a400b,e464a2bc-0c45-49b5-a039-ade79619c593,0,el,0,Asia/Nicosia,,2025-11-17 16:41:20.312479+00:00,
58562400-b8cb-4288-aaea-a068157e805d,4380ca2f-49f5-40f1-8007-50764c55eeb5,0,el,0,Asia/Nicosia,,2025-11-17 16:41:20.312479+00:00,
eef3e4ef-402d-49dc-a95e-f83962cd0308,3bc2ae56-cd28-4295-96d5-6e22925bc301,1,el,0,Asia/Nicosia,,2025-11-17 16:41:20.312479+00:00,
6098171a-72e7-4dbc-a179-c14f9d967ec0,a63ba687-769a-4f5e-85ea-56b9166ab066,1,el,1,Asia/Nicosia,,2025-11-17 16:41:20.312479+00:00,
2654ca52-4679-4e31-a52e-6fa3c67fd7d2,83eda000-a616-4ac3-a939-a5e4b27db595,0,el,1,Asia/Nicosia,,2025-11-17 16:41:20.312479+00:00,
e02b587f-5529-4902-ac57-d98472ac4cd3,aec75337-7445-4d0d-9ece-8856e0ca571a,1,el,1,Asia/Nicosia,,2025-11-17 16:41:20.312479+00:00,
d036c950-c491-44b7-9ab7-5a1454dec32b,afacd47c-5f96-4db9-a8ec-db726e6ee6b1,1,el,1,Asia/Nicosia,,2025-11-17 16:41:20.312479+00:00,
d41f63d6-280d-4ae4-8de2-b1832da5af6e,654dc55e-9073-42f5-a319-11ee8be4188e,1,el,0,Asia/Nicosia,,2025-11-17 16:41:20.312479+00:00,
c4fc64d7-f3a6-4bae-9ae6-21bf050c434d,6270cd21-038d-43e7-a12a-fb9919a1ff44,0,el,1,Asia/Nicosia,,2025-11-17 16:41:20.312479+00:00,
4972ba67-4d8a-44c9-a07e-25e6107034b2,8e08d822-7cb4-498b-bb87-7e439ce97aff,0,el,0,Asia/Nicosia,,2025-11-17 16:41:20.312479+00:00,
b04026ee-18d3-4964-a0a1-9fef9acef154,df69960e-fe99-4cc6-9dea-385a19148c0c,0,el,1,Asia/Nicosia,,2025-11-17 16:41:20.312479+00:00,
23e58151-594f-426a-8cfe-a9666e594a33,23d44a22-7bb3-490b-90e9-f383e35e4e70,1,el,0,Asia/Nicosia,,2025-11-17 16:41:20.312479+00:00,
5c28b297-3710-4575-abc9-a19f3e9a6798,20451c1c-23b5-4dcb-8781-38ad070b9b9b,0,el,0,Asia/Nicosia,,2025-11-17 16:41:20.312479+00:00,
4d653652-e5cf-4fe9-bd80-7d47c8243491,95d6d70c-5353-42b4-8214-11b797110ccf,1,el,0,Asia/Nicosia,,2025-11-17 16:41:20.312479+00:00,
e334a56a-3c4c-4872-bbbe-05e296b1c66a,088661bb-1066-493c-b9e2-c289d5f194bd,0,el,0,Asia/Nicosia,,2025-11-17 16:41:20.312479+00:00,
0ceb493d-6306-4f95-baf0-a90a01c3f64f,127d9331-6935-4503-9f17-826598c3e9c2,0,el,1,Asia/Nicosia,,2025-11-17 16:41:20.312479+00:00,
3a14fc50-53ee-45db-84c1-ca954e7bd91d,b2b5e220-adda-4590-ad72-51e780d02b3b,0,el,0,Asia/Nicosia,,2025-11-17 16:41:20.312479+00:00,
631df8ba-06f2-456d-90c9-c478604ef208,2fa6bb1e-a35b-450b-ad75-e914454ebf46,0,el,1,Asia/Nicosia,,2025-11-17 16:41:20.312479+00:00,
f05486a4-6090-4f43-9107-dee8cb51a0df,1e7eb61f-8369-47fb-9f55-867bc212f8ae,0,el,0,Asia/Nicosia,,2025-11-17 16:41:20.312479+00:00,
e9f0123d-205b-4a3f-9427-b6c3b294785f,f1997b07-998e-4cb3-8c48-b91afe94226e,0,el,0,Asia/Nicosia,,2025-11-17 16:41:20.312479+00:00,
100df48d-0567-4d02-ad1f-23427b06640e,6186b11b-d64e-4ef7-9f51-a357e1477068,0,el,1,Asia/Nicosia,,2025-11-17 16:41:20.312479+00:00,
1bdcff11-bffa-4613-a7a3-c297477b8463,5eaee27d-2653-4441-9b43-ae750c5acdfe,1,el,0,Asia/Nicosia,,2025-11-17 16:41:20.312479+00:00,
f1b79b82-5436-47da-8228-a5660e75a176,4d27de1c-5827-4e90-9570-8a98c5e9bfea,0,el,0,Asia/Nicosia,,2025-11-17 16:41:20.312479+00:00,
b75c5959-9bd3-4e7b-90e8-ebf8865a8d77,039336cb-5dc6-4b14-ade1-6f2f8dcb49fe,1,el,0,Asia/Nicosia,,2025-11-17 16:41:20.312479+00:00,
7a9dcc4b-cdc4-435e-afd7-9f8a3856f4d7,1f03a189-fa9f-4768-9fee-55c75475fe2d,1,el,1,Asia/Nicosia,,2025-11-17 16:41:20.312479+00:00,
188bb96b-6413-4c9e-8876-39afe4d713e8,aced7d97-de12-4c61-a3a3-e88b8ab40ba9,0,el,0,Asia/Nicosia,,2025-11-17 16:41:20.312479+00:00,
60823c7c-3384-48aa-b3a3-00fd91c9bafb,8debabc8-ac52-4454-addd-fd549412b69b,0,el,0,Asia/Nicosia,,2025-11-17 16:41:20.312479+00:00,
d72cbcff-c3cd-495b-b930-dac189ed5b8b,4163442b-09ed-4c8c-9902-5137b1b4278d,1,el,1,Asia/Nicosia,,2025-11-17 16:41:20.312479+00:00,
45d6e1a8-d0aa-4759-994b-c94b1587d689,9908f44f-dadc-4237-a0e3-2eb4a70f97f4,1,el,1,Asia/Nicosia,,2025-11-17 16:41:20.312479+00:00,
62dbc066-7940-401e-a716-e53779e9f573,a65ee2ac-1942-4c69-8f4f-408980eb3687,0,el,1,Asia/Nicosia,,2025-11-17 16:41:20.312479+00:00,
4cedbf11-c5af-44c3-9f96-30b1ab475b41,976354d0-306f-4fa7-a7cd-592adf3ac004,1,el,0,Asia/Nicosia,,2025-11-17 16:41:20.312479+00:00,
54562747-2d0b-4aad-86b4-ceeae3cf07d4,6f307333-9e0e-4bd3-8413-6746358a38a9,0,el,0,Asia/Nicosia,,2025-11-17 16:41:20.312479+00:00,
f976ddc6-a224-43b7-a148-f78854d69961,73017cf7-dd7f-42d1-b641-eec5204bed2a,0,el,1,Asia/Nicosia,,2025-11-17 16:41:20.312479+00:00,
89a935be-f241-43df-b88a-62c4a86f351b,337dad79-cc5c-49cf-b4ff-40760cc2151a,0,el,0,Asia/Nicosia,,2025-11-17 16:41:20.312479+00:00,
307c7a35-bc48-4e5b-9fd2-72a4f02fc956,0f12bb13-2ea5-4b46-a16f-18ee6b136750,0,el,1,Asia/Nicosia,,2025-11-17 16:41:20.312479+00:00,
1a6c8902-5eca-4dc0-b0de-fd460f014f01,6bb7ed2a-8c9f-44bf-9d74-09d733cfa5ce,0,el,1,Asia/Nicosia,,2025-11-17 16:41:20.312479+00:00,
70d0db96-14f2-4d6e-a8e3-8a7c5edf6ade,3a7e4098-f077-46e6-8151-9b440f1222bb,0,el,1,Asia/Nicosia,,2025-11-17 16:41:20.312479+00:00,
cbf84c95-cd1e-4183-9af0-c7c43d3e4494,65be7314-c382-4c58-af2d-21284a6f4cd6,0,el,0,Asia/Nicosia,,2025-11-17 16:41:20.312479+00:00,
dcea2333-4a2b-42b2-887b-ec4c5a53fe2d,0c40aff9-4e24-4823-9135-be21a6cbe2f9,1,el,0,Asia/Nicosia,,2025-11-17 16:41:20.312479+00:00,
8b419c37-4ba9-492b-bcba-553a8da4eef1,990bc4af-3f85-4a08-b4ee-a3bd00127296,1,el,0,Asia/Nicosia,,2025-11-17 16:41:20.312479+00:00,
6da064c2-2d71-4051-b8e5-032055a71576,77a10718-627f-4a69-9987-f535267c580b,1,el,0,Asia/Nicosia,,2025-11-17 16:41:20.312479+00:00,
5a5dce4b-8818-44cc-9ce8-239a155b8cf8,d905f49e-c44a-4b73-926f-f24012b65619,1,el,0,Asia/Nicosia,,2025-11-17 16:41:20.312479+00:00,
26316a9a-7e39-4855-aa12-46ac8d525b08,1f28bc07-8e8a-40dd-9c30-61462a3baa93,0,el,0,Asia/Nicosia,,2025-11-17 16:41:20.312479+00:00,
cb636196-b5c8-44bd-a6fd-14c036890fcd,7b57dc2a-1379-4b4c-8c12-0d982c9ad1fc,1,el,1,Asia/Nicosia,,2025-11-17 16:41:20.312479+00:00,
1b4952b6-5489-4e6e-badd-22bd76ea5fba,d5f7cfcb-2bff-49db-9175-3067855d83b6,1,el,0,Asia/Nicosia,,2025-11-17 16:41:20.312479+00:00,
993bdfc5-1367-461a-b22d-492ee1c7ee17,09e32363-2e86-4a1f-9f1c-3794f9ece735,1,el,0,Asia/Nicosia,,2025-11-17 16:41:20.312479+00:00,
23326a1a-b20f-42ba-9f62-27fb8a075639,199733ae-df02-4c04-8807-0f2c2ef1da87,0,el,0,Asia/Nicosia,,2025-11-17 16:41:20.312479+00:00,
bef07614-da7b-4e5e-81a6-736e99a034ba,704af45e-297a-4ca4-be16-32c45f3afdfa,1,el,0,Asia/Nicosia,,2025-11-17 16:41:20.312479+00:00,
d6364a2a-694e-4179-b8c4-85a716be4cdd,40a5c0b6-88cd-4b8f-aeec-c4f33aa097a3,1,el,0,Asia/Nicosia,,2025-11-17 16:41:20.312479+00:00,
b0b545e0-502d-44d5-a9bd-38fb36fe17fd,f2335c8e-1e21-4894-a8e6-9a2ec3b8ba37,0,el,1,Asia/Nicosia,,2025-11-17 16:41:20.312479+00:00,
29348322-6607-4bff-9967-76a1edc84158,5642a25e-dab1-4b5d-9f77-a63bccbd6fb8,1,el,1,Asia/Nicosia,,2025-11-17 16:41:20.312479+00:00,
76328ede-40b1-4ee8-b2c6-6adac50728a1,3bc9baa7-359a-46c2-b1d5-8ef924b900ae,0,el,1,Asia/Nicosia,,2025-11-17 16:41:20.312479+00:00,
0cc2fbd5-9f23-4b57-9f23-767fd49c94b3,f93457b3-21f7-4305-b034-b3f7967778be,1,el,1,Asia/Nicosia,,2025-11-17 16:41:20.312479+00:00,
bfe8887f-ea52-4d8e-aea9-e5b421bc7d1d,90c9900f-cb46-47b4-980d-0c9b08c09ac2,1,el,1,Asia/Nicosia,,2025-11-17 16:41:20.312479+00:00,
625050d7-593d-4772-aaff-8a5c0f6371f4,ea73a779-41ab-4772-8abd-3a6bffe1f5a8,0,el,0,Asia/Nicosia,,2025-11-17 16:41:20.312479+00:00,
3ab61481-4fd4-4ff1-a539-3b3570969c33,59ceaf2c-22ec-4429-bc4f-29f3ed93af9a,0,el,1,Asia/Nicosia,,2025-11-17 16:41:20.312479+00:00,
13f10743-af92-4c33-baa3-a7476fae9125,f5a86842-b9be-4332-b051-e6d36dea1718,0,el,1,Asia/Nicosia,,2025-11-17 16:41:20.312479+00:00,
0e170fd1-669f-4364-9861-427566f54bcf,c360fbe5-ddf1-4002-b283-b0ea3a003818,0,el,1,Asia/Nicosia,,2025-11-17 16:41:20.312479+00:00,
4a06c0c5-f23c-4928-8c5e-fd088ab8a0a6,208aec25-a2f8-4967-9ea0-ceb56c0e0619,1,el,1,Asia/Nicosia,,2025-11-17 16:41:20.312479+00:00,
78440a87-225b-45d2-ae23-01538436c290,dfa72884-802c-4ea1-8ef0-d9a23caf860a,0,el,0,Asia/Nicosia,,2025-11-17 16:41:20.312479+00:00,
5779661b-b393-4cb6-9a1a-31ddcfb69226,82c9e4e2-b6a3-4ff1-819c-b731138a2e74,0,el,1,Asia/Nicosia,,2025-11-17 16:41:20.312479+00:00,
e15ba023-3af3-4f2f-aa51-3acb5dc7a0bf,343f6a4c-b895-46fb-8034-506fa0ed1903,1,el,1,Asia/Nicosia,,2025-11-17 16:41:20.312479+00:00,
078bea02-82f6-48aa-b277-06809fde8e6e,5fe7eeda-8fc1-4fd3-8058-a061505ce8ef,1,el,1,Asia/Nicosia,,2025-11-17 16:41:20.312479+00:00,
d402591f-f481-4c10-a6ae-a3390dcf33b1,25426a36-8c22-44e3-9def-9eb844453c4e,0,el,0,Asia/Nicosia,,2025-11-17 16:41:20.312479+00:00,
c75957af-4cb1-4747-ac33-9070e5904b88,0efee8e3-f772-4e95-a360-c58e398e3e7e,0,el,0,Asia/Nicosia,,2025-11-17 16:41:20.312479+00:00,
e0acbcbc-2fb9-4032-ac00-8e9dd9b3fc2e,02650687-06a8-43f0-b3fb-070c295f4839,1,el,1,Asia/Nicosia,,2025-11-17 16:41:20.312479+00:00,
88322525-c287-4fcd-aca4-73b634cb99f7,555027ca-226f-49f5-8ece-443f89888ce0,0,el,1,Asia/Nicosia,,2025-11-17 16:41:20.312479+00:00,
34a7c5e6-d1a1-4b14-be84-22ef80e93c13,b38d025e-990a-44ea-b9df-e338dbda67ad,0,el,0,Asia/Nicosia,,2025-11-17 16:41:20.312479+00:00,
5aa348a1-61a4-4b17-b0af-c615a87e823d,5399e828-b2b5-4563-9aac-b76d3f2f302a,1,el,0,Asia/Nicosia,,2025-11-17 16:41:20.312479+00:00,
1ca75c83-2977-4715-b766-03bc0e1bac14,1c99e619-2faf-422d-80ed-f5ba4263c07b,0,el,1,Asia/Nicosia,,2025-11-17 16:41:20.312479+00:00,
5b7b6cf6-d740-4a3d-a261-92403dd08855,88fb27a6-7507-4f50-91b2-0035abe5fb2d,1,el,1,Asia/Nicosia,,2025-11-17 16:41:20.312479+00:00,
6194810f-f275-4326-b0cc-c71a9fd83bc5,c473db7b-ab01-427b-81eb-15a17a9f047f,0,el,0,Asia/Nicosia,,2025-11-17 16:41:20.312479+00:00,
1d8a0503-7fb4-41c5-8040-6aaa011e427d,ff547881-1b7a-44b9-8ed0-38135eb34004,0,el,1,Asia/Nicosia,,2025-11-17 16:41:20.312479+00:00,
5a59f93c-c984-499d-96d7-8d41ff279fe6,a0f306bf-e60d-4c43-9b2b-25407a8f8975,0,el,1,Asia/Nicosia,,2025-11-17 16:41:20.312479+00:00,
8cfe97f7-d973-4029-a707-688829a62aef,aaa525d5-0bed-432d-aee8-aff8d277f997,1,el,1,Asia/Nicosia,,2025-11-17 16:41:20.312479+00:00,
f97b156f-2e4b-47a4-b562-38ac5b30ded6,a7c6fc40-f454-4d03-99c5-d0cb7f47376e,0,el,0,Asia/Nicosia,,2025-11-17 16:41:20.312479+00:00,
98b774dc-4473-4391-b2f3-e9ff0bb96c64,c787c0d5-a94c-43e5-bcd8-d1a0c1be2f75,1,el,0,Asia/Nicosia,,2025-11-17 16:41:20.312479+00:00,
ebb2f193-ff03-4f3b-b799-932be8fe97d1,76978263-9d80-41da-bf19-a0f245ba339c,0,el,1,Asia/Nicosia,,2025-11-17 16:41:20.312479+00:00,
76bd5b35-56ab-40ee-99bd-6ff19edb1cf0,5a0f3481-475b-42ae-8926-0b658d367ec5,0,el,1,Asia/Nicosia,,2025-11-17 16:41:20.312479+00:00,
f6968a55-a5e7-47b7-9f39-915060a0d9e4,a20c5a4d-fd6b-4da9-af5c-1d923b91b6f9,0,el,0,Asia/Nicosia,,2025-11-17 16:41:20.312479+00:00,
3bf6b7e7-bf66-4820-b3e0-9f1affc28bfa,37dc2c6a-fba0-48c7-b0a2-9e8725c31f33,1,el,1,Asia/Nicosia,,2025-11-17 16:41:20.312479+00:00,
50d3e211-6b64-4c77-be05-562e3fa08038,d05efa02-a307-481f-ac2b-82ed735a810d,1,el,0,Asia/Nicosia,,2025-11-17 16:41:20.312479+00:00,
36d618b4-8b5e-4595-af92-e4a77be35d1b,9c148c2b-17e3-41ce-8478-377cee4d3f0c,1,el,0,Asia/Nicosia,,2025-11-17 16:41:20.312479+00:00,
eb617133-86eb-445d-8039-1f68ad04ade7,7a34e083-c294-46a2-90e1-dcf59bda6888,1,el,0,Asia/Nicosia,,2025-11-17 16:41:20.312479+00:00,
a557079b-9440-4d6c-8e4f-ea67895b6003,9fba34ea-45ea-4e18-bd4d-dc79c1415fee,0,el,1,Asia/Nicosia,,2025-11-17 16:41:20.312479+00:00,
b7024f22-4d7e-42ae-9df7-f2938d7224d9,d73fa049-2daa-4031-b3cd-a65acd3e3d2a,1,el,0,Asia/Nicosia,,2025-11-17 16:41:20.312479+00:00,
64f1df2d-3f3e-4374-bec0-472dbc6837cf,ec710fb8-f327-452c-9065-c7a86f383462,0,el,1,Asia/Nicosia,,2025-11-17 16:41:20.312479+00:00,
eab6b1dd-0668-4a1e-9fe6-7b18eab57d7e,e1c7b73e-1b43-4c8a-8552-e5db40cb0ad0,1,el,0,Asia/Nicosia,,2025-11-17 16:41:20.312479+00:00,
42e80290-ffff-407a-800b-c33d1d3584a6,54cb2f71-f278-4d06-8ebf-50ae3a24d926,1,el,1,Asia/Nicosia,,2025-11-17 16:41:20.312479+00:00,
939f481e-8652-4988-8469-ca4d7e42727e,8a4fe8c3-64f6-45a1-87f7-6382b8ad63c6,0,el,1,Asia/Nicosia,,2025-11-17 16:41:20.312479+00:00,
1b01adde-496b-418a-ae7c-ba787a1ec582,9467b78a-6d35-4dd5-a074-b953fdab6006,0,el,0,Asia/Nicosia,,2025-11-17 16:41:20.312479+00:00,
23c677e7-5096-430e-8835-5bd6837a8225,aca1c139-554d-483a-a5b4-a08a0dc666a4,0,el,1,Asia/Nicosia,,2025-11-17 16:41:20.312479+00:00,
33d38820-9636-41a9-8c64-3e9b3e35492f,4afc8036-d720-4d1d-8b0c-847da9c1d0e7,0,el,1,Asia/Nicosia,,2025-11-17 16:41:20.312479+00:00,
eb1805b6-cc9d-4879-a3ff-3d3486e9b936,a1c43d3b-7fc8-46d6-8750-9d030ebb4841,0,el,0,Asia/Nicosia,,2025-11-17 16:41:20.312479+00:00,
b2bf1677-cfaa-4bb4-80e9-ef2785c2a2fc,07d0ae1d-b8f8-4c7b-8263-8fa44a548e7b,0,el,1,Asia/Nicosia,,2025-11-17 16:41:20.312479+00:00,
46da114a-0f2f-4328-9cba-1be61b24069e,f5e94420-4329-4852-96c5-52669ca8658e,1,el,0,Asia/Nicosia,,2025-11-17 16:41:20.312479+00:00,
48fee933-445b-4ac4-8b29-9f52da4ff53a,d7a28ec3-1043-4f61-a1e6-43740af6aad2,1,el,1,Asia/Nicosia,,2025-11-17 16:41:20.312479+00:00,
860450fb-25ae-4c51-a5a9-28b797526e32,4f985113-d3eb-4af1-8e89-bd29808f6ebe,1,el,1,Asia/Nicosia,,2025-11-17 16:41:20.312479+00:00,
374bcc8a-4929-4bc2-9ce4-bd046208e688,a4c36f5d-217d-4067-bbd1-34a243a27ddd,1,el,1,Asia/Nicosia,,2025-11-17 16:41:20.312479+00:00,
037161c4-0e9a-4808-a7d6-f53766e3d6dc,214a5a66-b8b1-4ba2-a4b0-460dbd3651ac,1,el,0,Asia/Nicosia,,2025-11-17 16:41:20.312479+00:00,
f3a2e184-7e81-4a13-8367-0a99a8f51154,a5f3ae85-1106-4914-9d52-75fe0951ab88,1,el,0,Asia/Nicosia,,2025-11-17 16:41:20.312479+00:00,
fe3a006c-d311-4a47-862d-31643c4d8fb3,efd88073-c2cd-4c60-b320-fd27e199fbff,0,el,0,Asia/Nicosia,,2025-11-17 16:41:20.312479+00:00,
82716f17-0f95-4e47-b341-49d1e2496ffa,f487f5bb-82c6-47cd-a435-f1853e5b65fe,1,el,1,Asia/Nicosia,,2025-11-17 16:41:20.312479+00:00,
1b687a11-06fa-4a49-b2b7-691368b300aa,891d0b6f-1e62-446b-a9ce-ee3870d6f08e,1,el,1,Asia/Nicosia,,2025-11-17 16:41:20.312479+00:00,
f56852a8-69d1-4e64-b9d8-b856b9a75532,33146755-6352-4f2e-a696-5bf79acd8e4e,0,el,1,Asia/Nicosia,,2025-11-17 16:41:20.312479+00:00,
7dc28b4b-a063-43a5-bb03-a19105d10e2a,bad6aacd-069b-4135-a6b6-4ecca5a57af0,1,el,0,Asia/Nicosia,,2025-11-17 16:41:20.312479+00:00,
435e2539-a5cd-4259-8ac7-1d4033129619,64574f26-15e4-49b0-8bfb-35d0931c3152,1,el,1,Asia/Nicosia,,2025-11-17 16:41:20.312479+00:00,
65902293-815a-4bf2-8a8a-bae624b5a8bf,62770d48-2ab2-4a46-8d39-50e6a036f3f9,0,el,0,Asia/Nicosia,,2025-11-17 16:41:20.312479+00:00,
6eddb1c3-b8fd-476d-b682-a1c76cb2b011,63e816cb-b3a4-431f-ab13-7284d39c1216,1,el,1,Asia/Nicosia,,2025-11-17 16:41:20.312479+00:00,
88072f46-408f-4b49-b175-674ea23706e1,0e5fe890-21e9-4436-b4ac-4cf165cfbe88,0,el,1,Asia/Nicosia,,2025-11-17 16:41:20.312479+00:00,
e6df52d3-9fd7-4b06-a1b9-93820f3fd99e,34e4f322-2a15-4812-8511-3a32d2fa5792,0,el,1,Asia/Nicosia,,2025-11-17 16:41:20.312479+00:00,
da17c356-7a3f-4076-8921-103120e00f4c,80e45750-cb0c-4384-b389-b3a86acef4ff,1,el,0,Asia/Nicosia,,2025-11-17 16:41:20.312479+00:00,
3383bd75-383d-4794-a28c-62efadef6885,00304fe1-8466-4c6f-8da9-78f7cb7c1eb7,1,el,0,Asia/Nicosia,,2025-11-17 16:41:20.312479+00:00,
20cbd639-cba1-4d24-b20e-012a347f148e,4ebb29aa-8238-4e7d-9ad0-68049f00af2a,0,el,1,Asia/Nicosia,,2025-11-17 16:41:20.312479+00:00,
374cf503-5be4-4a78-91e9-7df352c8ad3c,123c28c7-8c42-45d5-aebd-55adab6e8b27,1,el,0,Asia/Nicosia,,2025-11-17 16:41:20.312479+00:00,
ba194bf8-e73a-4bbc-ad7e-63ce0e36ad25,06d4d260-779f-4a12-b383-11b02eee2c80,1,el,1,Asia/Nicosia,,2025-11-17 16:41:20.312479+00:00,
e19977ab-2b30-4f53-be5f-49dc92fff1e3,d3a6c5e9-3a6b-41c1-adb4-d1ec08fb1b62,0,el,0,Asia/Nicosia,,2025-11-17 16:41:20.312479+00:00,
4ef6e66e-a14c-4b0a-a10e-f37c2f7764e2,7d2ca732-37a4-4a8c-971a-cf4a4a1e0422,0,el,0,Asia/Nicosia,,2025-11-17 16:41:20.312479+00:00,
de05d46f-a42a-4c99-a019-42a0ca147bf4,b67c5bef-01a4-4509-a9e1-84646e1629da,1,el,0,Asia/Nicosia,,2025-11-17 16:41:20.312479+00:00,
9aa313c6-d435-4028-a472-9e9cdfe81f59,012122ce-e755-4853-bf63-3b09d76dff35,0,el,1,Asia/Nicosia,,2025-11-17 16:41:20.312479+00:00,
f7bcd4ae-ed92-4b3b-a54a-3cca21c9b2aa,e1958424-f040-4b1e-8849-d4af2609ba7d,0,el,0,Asia/Nicosia,,2025-11-17 16:41:20.312479+00:00,
a8ae50b1-62ff-4504-a099-d5c97c5f6215,3163c7cf-90d1-4b05-92d9-f03f440a9b58,0,el,0,Asia/Nicosia,,2025-11-17 16:41:20.312479+00:00,
af4ece2a-ab48-4018-b84f-aed14e10b1f8,b55235ce-daa8-469c-8092-e162da7e4729,1,el,1,Asia/Nicosia,,2025-11-17 16:41:20.312479+00:00,
969f268d-126d-4d58-a8a0-b758cf134ba3,5bda5907-184d-48ef-bf68-6f3ab8328664,1,el,0,Asia/Nicosia,,2025-11-17 16:41:20.312479+00:00,
068ca3e1-6d83-4d52-8609-2ffd03bd9d4d,266fdd07-07cd-4196-8041-5ae8dc29d0bb,1,el,1,Asia/Nicosia,,2025-11-17 16:41:20.312479+00:00,
1d231380-ca49-4516-98db-60fdadcb8de8,760d07df-ff88-48bb-8f88-3223a4dcbc48,0,el,1,Asia/Nicosia,,2025-11-17 16:41:20.312479+00:00,
38836555-40fb-4c02-8489-234f6e04399f,9c8481c5-e8b6-4ae2-8b8b-339fdfa58e1f,0,el,0,Asia/Nicosia,,2025-11-17 16:41:20.312479+00:00,
caa35d4d-60d9-4430-9be3-e6278ced2216,537e094f-8797-40e3-a43f-441e34be12be,0,el,1,Asia/Nicosia,,2025-11-17 16:41:20.312479+00:00,
f8545da0-84af-4c4c-b9fa-249b32d9c69e,8b36f8cf-b58f-4130-ac0c-b250a363acc2,0,el,0,Asia/Nicosia,,2025-11-17 16:41:20.312479+00:00,
668f3e72-9617-479b-aee6-1d3738cf756e,490b3e33-21ce-4c61-ac2c-fd9fdd2bbe29,0,el,0,Asia/Nicosia,,2025-11-17 16:41:20.312479+00:00,
9dc4fb6f-6453-4ece-bf9b-45045e794865,af8dd9fa-79d0-4635-8af1-8b60ad13a202,1,el,0,Asia/Nicosia,,2025-11-17 16:41:20.312479+00:00,
5cd09163-f86e-48a1-99cd-28d75d927356,97ae12df-da47-4596-80fb-5d4b4778b037,0,el,1,Asia/Nicosia,,2025-11-17 16:41:20.312479+00:00,
f90d0adf-b9fd-43b9-bf17-04f373c5e109,068693bf-f916-4d5c-9bf8-9b2839735d3a,1,el,1,Asia/Nicosia,,2025-11-17 16:41:20.312479+00:00,
ec743d19-50a0-4b05-b99b-87519aea0c04,b115fb5e-ec8b-4e2a-9130-2376df559366,1,el,0,Asia/Nicosia,,2025-11-17 16:41:20.312479+00:00,
bf1499b4-05f3-4aa6-b07a-995a1e31f923,3961471e-1864-4e18-8a6b-9d0f18ddc34e,0,el,0,Asia/Nicosia,,2025-11-17 16:41:20.312479+00:00,
5b8d1a14-e0a8-418b-b8cf-f486a6e2eb49,fa44268c-bf10-4d69-886d-6c94b9121050,0,el,0,Asia/Nicosia,,2025-11-17 16:41:20.312479+00:00,
997878cd-98a8-4a33-a4a9-63a7437221db,348e7b7b-7cda-439d-985e-f0b0ddc346b6,1,el,0,Asia/Nicosia,,2025-11-17 16:41:20.312479+00:00,
5160999e-6b9a-447f-bf58-5f6ad95dbf5a,a9d80bcd-d9c7-4d05-8dea-51b63501c1da,0,el,1,Asia/Nicosia,,2025-11-17 16:41:20.312479+00:00,
3d782a82-ca26-4904-9ee1-6edc38b59e59,f5e21dbe-cecc-431e-911f-1af07c1ee54d,0,el,0,Asia/Nicosia,,2025-11-17 16:41:20.312479+00:00,
58f4d208-b4b5-4198-b783-5195c52650fd,dc643c3c-d4f6-423f-a04d-313c1b947b0e,0,el,0,Asia/Nicosia,,2025-11-17 16:41:20.312479+00:00,
74b9a583-139f-4a3f-b955-1124b7fab69a,b5ac5ac8-c666-4153-83d5-0963c7a447cf,0,el,1,Asia/Nicosia,,2025-11-17 16:41:20.312479+00:00,
581f7425-74de-480e-b220-65b7cc56b1ed,fe7d6387-360d-46dc-acce-a0170b99f71c,0,el,0,Asia/Nicosia,,2025-11-17 16:41:20.312479+00:00,
127871d0-b2e7-4cd5-90bc-96a03f5e6139,6885d8fd-0235-4a45-8446-bb9f0d97d28c,0,el,0,Asia/Nicosia,,2025-11-17 16:41:20.312479+00:00,
85b100f3-3a6c-49a6-8da3-d804caf482f3,31addd4b-1924-48a4-9fbc-a75f5e998806,1,el,0,Asia/Nicosia,,2025-11-17 16:41:20.312479+00:00,
8368e4fd-f0ac-4285-bd7c-f581ba98684a,bb42b75e-7735-4a46-a973-aa817969a390,0,el,1,Asia/Nicosia,,2025-11-17 16:41:20.312479+00:00,
6bc66325-ab12-44d0-a28d-ca9d8cb43f47,d222a934-936e-419c-9e70-98efff0d5c2e,0,el,0,Asia/Nicosia,,2025-11-17 16:41:20.312479+00:00,
65e40152-577a-4dc4-8857-05dd3747507b,18964265-69be-4fb4-b891-7481da81e10d,1,el,0,Asia/Nicosia,,2025-11-17 16:41:20.312479+00:00,
b0e0356a-11e6-40dd-a561-94919690476c,ba93dae3-30db-4ca4-a6a2-8a72cba21419,1,el,0,Asia/Nicosia,,2025-11-17 16:41:20.312479+00:00,
e2229bd8-81e0-4ec1-9a51-29219f6ac88d,a318140f-f82b-4f64-b03f-5e44ddbbf2ce,0,el,0,Asia/Nicosia,,2025-11-17 16:41:20.312479+00:00,
b9fceb37-e239-4696-b33b-1c8dec6438f6,e0f8399b-a74c-4653-9a8d-1440763b5021,1,el,0,Asia/Nicosia,,2025-11-17 16:41:20.312479+00:00,
76d16722-eb58-48da-b7b3-3eca531d6e27,c5c3429e-73cc-442e-a461-70ccbd7c7fac,0,el,0,Asia/Nicosia,,2025-11-17 16:41:20.312479+00:00,
22cf506a-e4e6-4376-835e-9fd64def5543,19df7fbc-71e4-4ae2-a5df-c7436d751910,0,el,0,Asia/Nicosia,,2025-11-17 16:41:20.312479+00:00,
f123fa38-2e3d-468c-9b4a-79925e84b383,4fa0b11c-00fe-468e-8ea0-fb64f6838b8e,1,el,0,Asia/Nicosia,,2025-11-17 16:41:20.312479+00:00,
61832fa0-05a0-4f4a-bba1-7de0d276f06e,ae761244-dd05-4f09-b8f1-bb58aafa2f8a,0,el,0,Asia/Nicosia,,2025-11-17 16:41:20.312479+00:00,
eb2c731e-caf2-4fcb-8c89-20ac702b8f8e,1d2f656a-b503-40d2-a6d3-e557fdc99638,0,el,1,Asia/Nicosia,,2025-11-17 16:41:20.312479+00:00,
d38112f1-ec2a-473a-8512-461c09258102,372eb993-9d1b-4f2c-8085-e35746c683a3,0,el,1,Asia/Nicosia,,2025-11-17 16:41:20.312479+00:00,
96061d08-b8ac-4e52-9382-3a5dd1d94241,b2107904-cc98-46b1-8966-adc7ad4fc21c,0,el,0,Asia/Nicosia,,2025-11-17 16:41:20.312479+00:00,
7f32194f-6c7e-4d50-8541-9304be7b302e,594a1d80-a025-4fae-b956-922b68bb0a58,1,el,0,Asia/Nicosia,,2025-11-17 16:41:20.312479+00:00,
e7bd6c31-c9a3-4261-b7e6-9d91d3e7c074,4097f58b-4759-4505-96b7-64f12696349f,0,el,0,Asia/Nicosia,,2025-11-17 16:41:20.312479+00:00,
ecfb2743-7fec-4b7c-a942-8de507b9b016,36fe2411-a268-4a6e-a026-185eab7988e4,0,el,1,Asia/Nicosia,,2025-11-17 16:41:20.312479+00:00,
3f5f1ea6-d7e4-4757-9e15-f7991954dc5b,9a608fdc-305c-475a-b14d-f7343c377275,1,el,0,Asia/Nicosia,,2025-11-17 16:41:20.312479+00:00,
d76f1ddd-098c-48f6-8fd0-209916f9be2b,06cb2c43-7e48-4c60-9b9c-978a2d243ed7,1,el,1,Asia/Nicosia,,2025-11-17 16:41:20.312479+00:00,
c4ea7d6a-2d73-45d3-bfab-991a7e5af554,b1df419b-3d28-4d45-869d-091686c5ace3,1,el,1,Asia/Nicosia,,2025-11-17 16:41:20.312479+00:00,
3f9f5c44-42f8-4475-ba79-6a191123548f,b7592c82-3738-4dcc-ac12-f6a651dd24c1,0,el,0,Asia/Nicosia,,2025-11-17 16:41:20.312479+00:00,
0d910250-74f3-49a0-8e16-3c412d395019,edc6a6a6-e55a-4871-96c8-328cbf2111ae,0,el,1,Asia/Nicosia,,2025-11-17 16:41:20.312479+00:00,
46bd6df3-8305-44a2-b144-e846fa709736,d113fead-b558-4575-8c20-c22fef6157e8,1,el,0,Asia/Nicosia,,2025-11-17 16:41:20.312479+00:00,
a33d3411-7319-4a54-b27a-4ce11e524f6e,1dd8bc92-3187-4743-983f-d80a1d2aae2a,1,el,1,Asia/Nicosia,,2025-11-17 16:41:20.312479+00:00,
d9487c05-8334-4abb-bf15-5bad301023f4,cef9a13c-4de0-438e-8e5c-bc4e8267ea17,0,el,1,Asia/Nicosia,,2025-11-17 16:41:20.312479+00:00,
6eb06361-95f8-4be4-b759-b2e14f3a99fe,6d690aab-819b-4848-bd41-4c907e70fee5,1,el,1,Asia/Nicosia,,2025-11-17 16:41:20.312479+00:00,
9195ea64-7801-4019-b1df-a6d3295f8fe7,ca6111c9-9024-48fd-bd3d-995861f034ce,1,el,1,Asia/Nicosia,,2025-11-17 16:41:20.312479+00:00,
3b9e1637-bf7c-4e62-bcd7-605f96610436,6d7b69ea-4011-4e04-b30d-5a91251ef060,1,el,1,Asia/Nicosia,,2025-11-17 16:41:20.312479+00:00,
ca709069-87d8-442a-96fd-981c5bb1c66f,c532bcde-c192-4030-aa1c-fcaf6c33c993,0,el,1,Asia/Nicosia,,2025-11-17 16:41:20.312479+00:00,
eefd1003-f134-4713-ae66-6509e83ac215,a26b14bd-1e2c-4ae5-908a-18b3039c1989,1,el,0,Asia/Nicosia,,2025-11-17 16:41:20.312479+00:00,
7174dd20-1af1-4e5d-80fa-a83f5085bee8,37e3f364-345a-4612-91c8-24625d94b4f0,1,el,1,Asia/Nicosia,,2025-11-17 16:41:20.312479+00:00,
043d7f50-29ba-4afb-b689-fd97624fe0ae,5010e2e6-ec2d-496e-aab2-2be5b724aec7,0,el,1,Asia/Nicosia,,2025-11-17 16:41:20.312479+00:00,
9783b38e-8bf8-455c-abc6-6495f8dbc049,d53caef7-bf57-48cb-94cd-36131816dcd6,0,el,0,Asia/Nicosia,,2025-11-17 16:41:20.312479+00:00,
ba3866c2-af32-4ab9-95e0-f6769e455958,c428c271-994b-4b05-ab3d-f298e23d43f9,1,el,0,Asia/Nicosia,,2025-11-17 16:41:20.312479+00:00,
3f78519a-3958-4f95-942b-10583555232d,c996b290-c604-40af-8728-79999f893925,0,el,0,Asia/Nicosia,,2025-11-17 16:41:20.312479+00:00,
c2be86a9-c5f0-4986-bac7-2368a967e31d,84651504-b4fd-4e53-ac8c-70bfecb9aa5d,0,el,1,Asia/Nicosia,,2025-11-17 16:41:20.312479+00:00,
e5a368b2-ab92-439d-a105-44c05f8fac76,a802fcc5-67f9-414f-9ce1-1d31e6dd2204,0,el,0,Asia/Nicosia,,2025-11-17 16:41:20.312479+00:00,
ef6ad5f9-cb5a-4c82-b4c5-4e9cdf9c7c70,c6bf2147-92fa-43c1-bfff-a67a7a276a2d,1,el,1,Asia/Nicosia,,2025-11-17 16:41:20.312479+00:00,
a6c63a18-a608-4f99-825a-5d58ececaa13,1422b778-794c-4001-8af4-9fd72266984b,1,el,1,Asia/Nicosia,,2025-11-17 16:41:20.312479+00:00,
9dd53b14-7e61-4a19-8b6a-fc397eea8adb,7b0da640-2fa5-4624-af89-63eecb4b442e,1,el,0,Asia/Nicosia,,2025-11-17 16:41:20.312479+00:00,
0499525b-9d77-430d-8a63-eaefd4e89bab,998f185e-080b-471f-8130-04a4832b9b68,1,el,0,Asia/Nicosia,,2025-11-17 16:41:20.312479+00:00,
f2c2b4e9-3516-4d38-a06f-dbf5daf92048,a358e6b2-ad7c-466e-831e-9b546d6b2ffb,0,el,1,Asia/Nicosia,,2025-11-17 16:41:20.312479+00:00,
5d73571e-00c9-45c0-95f6-1e97b5b904ad,03bac69b-367c-473c-9a5c-8cbbaf2eae3d,1,el,1,Asia/Nicosia,,2025-11-17 16:41:20.312479+00:00,
fe7e93aa-40dd-4ae1-907d-624f40b3c367,534355ab-c774-46e8-a79a-7c51eba9ec93,1,el,1,Asia/Nicosia,,2025-11-17 16:41:20.312479+00:00,
13642155-9a14-484f-b121-cf4dc6fc281c,a21e2554-6f77-43bc-8bfe-123366631fd1,1,el,1,Asia/Nicosia,,2025-11-17 16:41:20.312479+00:00,
96271dc0-c5e5-41ad-a33d-b4991b5352f3,af14af86-286c-4162-9187-6d862efdea5f,1,el,1,Asia/Nicosia,,2025-11-17 16:41:20.312479+00:00,
87148c9b-a04b-4855-817e-31ebb9fd2f9e,83017a97-c2e4-4c13-9f3b-c96103806b39,0,el,1,Asia/Nicosia,,2025-11-17 16:41:20.312479+00:00,
07412195-0c5e-4e1e-8531-f725b8735c40,7944d324-9fec-4df6-bc90-ee6aee43dbef,1,el,0,Asia/Nicosia,,2025-11-17 16:41:20.312479+00:00,
83e58d43-d3e4-49d4-83ef-54de970b07de,ab46ef5b-af8b-47a3-91b3-e7a6be4446ee,0,el,0,Asia/Nicosia,,2025-11-17 16:41:20.312479+00:00,
0979f7ac-aff9-48f2-8390-cf6e88adde58,0374a29a-de80-4126-922d-bde8d03d40bd,0,el,0,Asia/Nicosia,,2025-11-17 16:41:20.312479+00:00,
15155959-9202-411d-8b98-5da46d08cf8b,7f833028-ea59-47e4-afd5-b6d86a2682bc,1,el,0,Asia/Nicosia,,2025-11-17 16:41:20.312479+00:00,
346fc61d-b8ac-428e-a314-77bd89acf819,0f1a645f-b2eb-48f7-a46c-09ab710569a5,1,el,0,Asia/Nicosia,,2025-11-17 16:41:20.312479+00:00,
559c8263-3816-468a-97fa-9712afb96b4e,59f18c85-bb35-4699-a3d2-b62b5a81fe32,1,el,1,Asia/Nicosia,,2025-11-17 16:41:20.312479+00:00,
b82edbc4-6d49-4181-a2b0-ff77073e065b,f694dcb3-a8f3-4ac6-b9af-0dc4e8cac956,1,el,1,Asia/Nicosia,,2025-11-17 16:41:20.312479+00:00,
fa372efb-2239-4031-87fe-2e4c346ba30e,cb4b27a9-23fe-4ece-81b2-4d650530812f,0,el,1,Asia/Nicosia,,2025-11-17 16:41:20.312479+00:00,
fb495f33-9748-4a26-9c14-fc38e68b6ea0,5c9ea5fd-91fb-4c6c-830c-2a96346fc745,1,el,0,Asia/Nicosia,,2025-11-17 16:41:20.312479+00:00,
c038a565-fc47-42a5-93f9-3f804e955af3,6d94f2f2-9cf5-43b3-8036-fdb415f475af,1,el,1,Asia/Nicosia,,2025-11-17 16:41:20.312479+00:00,
5be53ad1-9712-4213-9ad7-d7ed7f8781ed,9731eb9e-101f-4f84-8559-40d0f7db1fbd,1,el,0,Asia/Nicosia,,2025-11-17 16:41:20.312479+00:00,
0dd23181-3165-4554-a499-32f65b56902f,ccb7b3e7-1a6a-42bc-a14b-855b8c89bfdd,0,el,1,Asia/Nicosia,,2025-11-17 16:41:20.312479+00:00,
f081b762-55c4-43c7-87ee-df7fcd72c286,f7466cf7-fe22-409e-b770-0d585f93113f,1,el,1,Asia/Nicosia,,2025-11-17 16:41:20.312479+00:00,
a6296722-a4ce-4adf-93e8-90c4c18da0fd,fd6c0037-803a-401b-a98f-1ffa3b6be512,1,el,0,Asia/Nicosia,,2025-11-17 16:41:20.312479+00:00,
4103f83d-ddc9-49f3-8151-d1b677481d9b,4e699b21-3b46-48a2-8a92-1e1b511b2971,1,el,1,Asia/Nicosia,,2025-11-17 16:41:20.312479+00:00,
a2c53adb-547f-42bc-a616-4da6f5713317,dbe86c93-525e-4bd8-91a9-d37ccf69c44a,1,el,1,Asia/Nicosia,,2025-11-17 16:41:20.312479+00:00,
f51384a1-50a5-4d9e-8e65-23bb94b06769,e66c4274-30e0-45c7-a5a3-87e0599058a1,0,el,0,Asia/Nicosia,,2025-11-17 16:41:20.312479+00:00,
b878090a-471a-4ff5-bb61-ddd8959d9411,6f867b8e-b416-48c3-9c20-e273ae389086,1,el,1,Asia/Nicosia,,2025-11-17 16:41:20.312479+00:00,
6e2e9036-8227-414c-bd73-76e8b2600273,b6d41bc7-2b55-4804-b46c-fd531e2e2f70,1,el,0,Asia/Nicosia,,2025-11-17 16:41:20.312479+00:00,
c7eb5293-cf38-4ee7-8097-e726e7278622,79e6f5f9-93e2-47e8-b390-b6ade12fb63c,0,el,1,Asia/Nicosia,,2025-11-17 16:41:20.312479+00:00,
1e542cd7-2331-478f-a5be-44ff4062cc51,db1d308e-305b-4b03-8ce7-cc1388d027e0,0,el,1,Asia/Nicosia,,2025-11-17 16:41:20.312479+00:00,
98efa131-fec9-4541-a220-70b0ff248da2,930226ca-93c8-473b-8cf4-45dc017a3644,1,el,0,Asia/Nicosia,,2025-11-17 16:41:20.312479+00:00,
5a1091ee-0445-4182-ab96-8ed62e9f6225,f65ab54c-9334-4bbf-ada2-2a5f1e2e4e3d,0,el,0,Asia/Nicosia,,2025-11-17 16:41:20.312479+00:00,
8c6ccbaa-828f-4903-bbd3-0b9a5331e944,b844aad6-c030-4520-925f-f511a8352133,0,el,1,Asia/Nicosia,,2025-11-17 16:41:20.312479+00:00,
7b232595-dbf5-48b7-9611-49e0808b0486,0b41c791-1fbb-4ecb-9203-5540e0cb217f,1,el,0,Asia/Nicosia,,2025-11-17 16:41:20.312479+00:00,
f78d0595-889f-4a47-85b4-03dc18864d36,480314d0-1016-4cd9-a14e-fe381ca9a62b,0,el,1,Asia/Nicosia,,2025-11-17 16:41:20.312479+00:00,
24d9d5dd-5c89-417e-ae82-f80da8fd87bb,dbd0492f-08e3-4277-90ac-f80d0d05893b,1,el,0,Asia/Nicosia,,2025-11-17 16:41:20.312479+00:00,
429562f2-bf68-4f37-94d3-a5efc56b7e1e,6cc649ba-962b-4547-989d-f596b2db0f44,1,el,1,Asia/Nicosia,,2025-11-17 16:41:20.312479+00:00,
99071a3a-785e-454b-9e28-3fcdc74e314e,e462cf33-13fb-40b2-ac54-fe277e32c0a4,0,el,1,Asia/Nicosia,,2025-11-17 16:41:20.312479+00:00,
3402e768-a270-4387-9627-d1c533c44127,cad67a18-4b89-461d-9a89-a7a879ef8d59,1,el,1,Asia/Nicosia,,2025-11-17 16:41:20.312479+00:00,
b6eb13b7-5876-4095-be67-211c8eb35ced,0a97019a-2685-4bdd-8cf3-5b2d0b588880,1,el,1,Asia/Nicosia,,2025-11-17 16:41:20.312479+00:00,
4f8fd85b-8541-407f-b6df-ec8e86531233,0289946e-162e-4124-b9f0-77818338ec44,0,el,1,Asia/Nicosia,,2025-11-17 16:41:20.312479+00:00,
5158a3c3-c813-4a68-b654-bcba87648102,de98b5e3-04aa-4d01-b58a-4da1a0cc4b61,1,el,1,Asia/Nicosia,,2025-11-17 16:41:20.312479+00:00,
9c891eda-af76-4ace-9d98-12158e53f4fb,e88f18b4-0d71-47f7-971a-2500c3f99f46,0,el,0,Asia/Nicosia,,2025-11-17 16:41:20.312479+00:00,
54792e01-34b9-412e-a8af-89fb50783c35,277cde51-032f-4b2e-80b3-365e74aaa3c3,0,el,0,Asia/Nicosia,,2025-11-17 16:41:20.312479+00:00,
ef2aa3dc-b05f-4fe6-abcd-d76ecebd8119,bff9ff55-fb16-47ff-809c-3096caabf5c9,1,el,0,Asia/Nicosia,,2025-11-17 16:41:20.312479+00:00,
9d84b2e9-a855-4fd4-9552-eba07eae1e1d,2ca0b065-15d8-4b6a-ad5e-439bf5749786,0,el,0,Asia/Nicosia,,2025-11-17 16:41:20.312479+00:00,
fdae8847-2948-4e3f-9e3b-32cfe7850067,301b495c-10fe-4ec2-883f-2c05e322c57b,1,el,1,Asia/Nicosia,,2025-11-17 16:41:20.312479+00:00,
585faa60-dc28-40e4-8e9b-9b635e27434a,1af1eb6e-cc97-48f3-8ba2-f78d15d8c211,1,el,0,Asia/Nicosia,,2025-11-17 16:41:20.312479+00:00,
63caa1d8-a937-455a-823e-dee2ce93a227,4a36a35e-386e-4791-a65b-1564c68d7a94,0,el,0,Asia/Nicosia,,2025-11-17 16:41:20.312479+00:00,
ea11399d-c215-48b6-8e00-c5b955f49646,23349b56-ea48-43bb-aa6b-b1eb21a1646f,1,el,0,Asia/Nicosia,,2025-11-17 16:41:20.312479+00:00,
0e40dd60-1b90-4e3b-8d4c-98d59ef63069,ee9c6a7a-6a87-443a-8d9f-840a4fcf263a,1,el,0,Asia/Nicosia,,2025-11-17 16:41:20.312479+00:00,
62ee42fe-52f6-4563-a975-70d64f2a839b,dae00b67-dbbf-46b2-b645-3a1519f8c169,0,el,1,Asia/Nicosia,,2025-11-17 16:41:20.312479+00:00,
437f35c6-7d01-4b9f-b8c2-fe96ef531f1b,de686cb5-2539-43ef-908e-c44c6b58b2db,1,el,1,Asia/Nicosia,,2025-11-17 16:41:20.312479+00:00,
50c2d4ef-556b-41d8-b53b-b605f60a85ea,8a447887-a155-4f0f-b690-7c5b5b96d180,1,el,0,Asia/Nicosia,,2025-11-17 16:41:20.312479+00:00,
96b7439e-b777-47b8-9f8b-bb45ad968624,f4f559dc-6598-4696-a7e6-d1ff0903e1b9,0,el,1,Asia/Nicosia,,2025-11-17 16:41:20.312479+00:00,
5a93dc05-7868-4754-9741-283af054337b,4758a09e-a197-4c4a-9ae4-ebac47c2e8ee,0,el,0,Asia/Nicosia,,2025-11-17 16:41:20.312479+00:00,
a06743af-e7f1-4c1c-8ca0-638a396d10c8,337c8a49-c9f9-4cd4-821f-737f9a119318,0,el,1,Asia/Nicosia,,2025-11-17 16:41:20.312479+00:00,
7f74bc83-a0fc-4e48-ae8c-cb16a101e18b,ff645142-3853-4686-b725-4aabf87f6f42,0,el,1,Asia/Nicosia,,2025-11-17 16:41:20.312479+00:00,
68b03f5d-be17-4ad9-abd5-ce2871cf8569,1ac72794-23ce-4444-bc46-c65131ccc41f,1,el,0,Asia/Nicosia,,2025-11-17 16:41:20.312479+00:00,
43d0134a-b08e-49d9-a282-9e8394af14f8,b6f1cd23-7489-43ca-834a-670cceb73d1a,1,el,1,Asia/Nicosia,,2025-11-17 16:41:20.312479+00:00,
30081f8d-a02a-4231-b14a-cdf9cfaec13f,06ace819-3172-491c-bd0a-1a04e54b3b25,1,el,0,Asia/Nicosia,,2025-11-17 16:41:20.312479+00:00,
25e91b86-c82a-4dc0-b87b-adb7bc5db706,68461109-491c-4666-9588-0c98d131d381,1,el,0,Asia/Nicosia,,2025-11-17 16:41:20.312479+00:00,
59dbcb41-1640-4322-ae18-22cd4feeb5e2,e7af6ae1-da0a-4cc4-a03e-ffe9111aca34,0,el,1,Asia/Nicosia,,2025-11-17 16:41:20.312479+00:00,
7c44b231-5a22-40d8-8e73-830218df9407,2556a3c0-82e2-4e43-8d5d-62bc5a70a6f8,0,el,0,Asia/Nicosia,,2025-11-17 16:41:20.312479+00:00,
3b29d3ed-c3a4-4f7d-9b3a-49b1108460fc,f312829b-7c58-4830-bcc5-befb234c33bc,1,el,1,Asia/Nicosia,,2025-11-17 16:41:20.312479+00:00,
42f1cd67-532e-4ac2-9166-844144f59899,f978d64d-57ef-455e-b622-c55eb536a5c9,1,el,0,Asia/Nicosia,,2025-11-17 16:41:20.312479+00:00,
27c5b35d-dea5-435d-9fca-d3c0d63d6a27,86f86f34-d89e-4dae-9067-afa548c1e71b,0,el,1,Asia/Nicosia,,2025-11-17 16:41:20.312479+00:00,
a426ea86-7025-4e9f-9b9f-ae43039f1030,846ab842-f304-4250-963d-b49f78c46d79,1,el,1,Asia/Nicosia,,2025-11-17 16:41:20.312479+00:00,
4ecb9cea-3b6c-477a-8744-39a96cfe051d,691d3b80-aec2-449e-b0e0-8c1bc77dd53b,1,el,1,Asia/Nicosia,,2025-11-17 16:41:20.312479+00:00,
f3aa1659-949b-442b-9bcd-4a4c009bd643,dabdc308-ec6e-44dc-97f8-5b3df6f20387,1,el,0,Asia/Nicosia,,2025-11-17 16:41:20.312479+00:00,
e05156a8-96c0-488d-9ffa-44244574d002,57484da9-5171-4bf8-9ee4-dde67275a2e4,0,el,1,Asia/Nicosia,,2025-11-17 16:41:20.312479+00:00,
f8085ebc-c47f-4307-8e45-9dc0788276a5,aab74647-6b68-4ced-9c38-7fecdbb03d57,1,el,0,Asia/Nicosia,,2025-11-17 16:41:20.312479+00:00,
3228fabe-c044-4105-9f23-ba09735bffcd,405563a8-67a1-4e55-bb1d-e87524cf626e,0,el,1,Asia/Nicosia,,2025-11-17 16:41:20.312479+00:00,
6118204a-9f96-4b1c-b8ca-422e3a72c855,bc46b803-cb9b-45c1-b5c4-1dc35cf69bea,1,el,1,Asia/Nicosia,,2025-11-17 16:41:20.312479+00:00,
6bcde5d3-cebc-4ea6-beb5-5a4c2db78c21,c3007624-bf3e-451d-bb3e-4fdb1d6d7e56,0,el,1,Asia/Nicosia,,2025-11-17 16:41:20.312479+00:00,
36de96db-487e-4607-b92f-b3aeb1607ffa,b71b45b6-4b59-4959-925c-2800b4d9e5b6,0,el,0,Asia/Nicosia,,2025-11-17 16:41:20.312479+00:00,
6e94c3fd-6d9a-4219-a7bd-0fa5136553dd,38c57197-70fb-4b0e-abad-d6b4bc27698c,0,el,0,Asia/Nicosia,,2025-11-17 16:41:20.312479+00:00,
c7285502-cc35-446b-8340-6270bfdf3a12,c1c9cee8-ca6d-4d8b-84fe-f80376587a41,1,el,1,Asia/Nicosia,,2025-11-17 16:41:20.312479+00:00,
43420374-1732-46bf-98d0-e1da76aac506,d82d0475-bf07-4c01-ad6d-47d64d25d055,0,el,1,Asia/Nicosia,,2025-11-17 16:41:20.312479+00:00,
031dab40-3138-413f-bd6c-f067520d3504,296d9f8e-602f-43d9-bd27-249edd4ca567,1,el,1,Asia/Nicosia,,2025-11-17 16:41:20.312479+00:00,
8fcb6c38-20f9-454e-8d36-836a30523c77,7d477603-cb37-4779-9907-e3a75bfa419c,1,el,1,Asia/Nicosia,,2025-11-17 16:41:20.312479+00:00,
093141ba-c105-4956-a358-e494cd8b6d31,7e1c1b11-0a7a-4c31-b174-a450e9440a68,1,el,1,Asia/Nicosia,,2025-11-17 16:41:20.312479+00:00,
eabe2ae1-c37a-4e83-8ce5-0ef7b50e10e4,3d5e45ac-2009-437d-a7ac-01b05c6d1688,1,el,0,Asia/Nicosia,,2025-11-17 16:41:20.312479+00:00,
bcccac2d-16ca-4dd0-bd90-a6b0e734c7de,f875f469-da65-40cb-aba4-edebf0fb77db,0,el,0,Asia/Nicosia,,2025-11-17 16:41:20.312479+00:00,
256b6753-0562-42b9-bdb9-cc4009c4257c,c7b438c1-29f5-425b-a06b-d3b315bc7f5f,0,el,0,Asia/Nicosia,,2025-11-17 16:41:20.312479+00:00,
342375c9-a8e2-4b7f-b3d3-0a3b8e50787b,edc8f093-c1df-42ea-b104-87f8b624580f,1,el,1,Asia/Nicosia,,2025-11-17 16:41:20.312479+00:00,
6f804768-b0c3-49ce-8289-6e53b850343d,07185d70-ac37-478c-b71a-8b7ec8d6b458,0,el,0,Asia/Nicosia,,2025-11-17 16:41:20.312479+00:00,
27d3def7-84d0-437b-9c00-b560cfa6609c,25e8d575-f109-4b09-bd2e-3282f1a1c198,1,el,1,Asia/Nicosia,,2025-11-17 16:41:20.312479+00:00,
d46e4bfb-c31c-4aa7-84df-2157c3352fb0,be1f89ef-9dae-4005-8d5c-3d897de5fd0d,0,el,1,Asia/Nicosia,,2025-11-17 16:41:20.312479+00:00,
1a4dc613-cdfa-4c65-a58e-eeb6f1e0b136,5ead512d-e4f0-4913-a458-1e4801d97b5e,1,el,0,Asia/Nicosia,,2025-11-17 16:41:20.312479+00:00,
5f8db5b4-a326-455f-8900-c35a3bc49059,9a91747e-62af-4c17-9805-8df31cb52ad2,1,el,0,Asia/Nicosia,,2025-11-17 16:41:20.312479+00:00,
444dc32b-ad44-4c43-8ad4-62ee41a29179,398a2f86-d9ba-41bc-ac4f-3168881a93ef,1,el,0,Asia/Nicosia,,2025-11-17 16:41:20.312479+00:00,
20895a87-2617-4f6d-b143-251e840018db,68ba49c8-08d1-43c0-a5cd-def32435bd45,1,el,0,Asia/Nicosia,,2025-11-17 16:41:20.312479+00:00,
73f9b0de-26a0-40c3-a4e3-568d87350cb6,1cbb9df7-1b8d-49d5-9d9a-56ecea8ef9c8,1,el,1,Asia/Nicosia,,2025-11-17 16:41:20.312479+00:00,
2a9ea166-c1c4-44fe-a88c-6407be70e1d3,ef53e068-5749-4dc6-96f7-aba63f4c23c1,0,el,1,Asia/Nicosia,,2025-11-17 16:41:20.312479+00:00,
e9d83b38-1446-4c4d-873b-b6a5676775e5,3ba419bf-8f72-45b0-bc37-87db68011226,0,el,0,Asia/Nicosia,,2025-11-17 16:41:20.312479+00:00,
d019a111-9fc1-4e51-8ead-fc70bf4b458f,540d9f92-c26d-4a44-994a-da2fc3e48b6f,0,el,0,Asia/Nicosia,,2025-11-17 16:41:20.312479+00:00,
d72f0897-97ce-4d7b-945e-67534895a2fa,7fd03345-79bc-4e31-8f24-21465ed83d6a,1,el,1,Asia/Nicosia,,2025-11-17 16:41:20.312479+00:00,
0c2a1cb8-8b02-47b7-9416-f544ad59b263,cb570f76-bac8-4c2d-b4e3-6ce3a09fa3a6,0,el,0,Asia/Nicosia,,2025-11-17 16:41:20.312479+00:00,
fe96a0ed-7069-4555-9bf5-3e572a1f74a2,4fe6363e-8d77-4087-a78d-afeb43f62118,0,el,1,Asia/Nicosia,,2025-11-17 16:41:20.312479+00:00,
6bd501f7-04b4-4afc-948c-83254c40fd98,fdecda81-7dcb-41b9-9b16-6846aa686cbd,1,el,1,Asia/Nicosia,,2025-11-17 16:41:20.312479+00:00,
dd3ae27b-f2fc-41bb-8d5c-ef54503c4e9d,bc231bc1-6833-4548-8677-6079900e6866,1,el,0,Asia/Nicosia,,2025-11-17 16:41:20.312479+00:00,
1d453393-5b9a-4f42-89db-251328388f71,4650b7cc-24a4-4ceb-b563-2004c23a4319,0,el,0,Asia/Nicosia,,2025-11-17 16:41:20.312479+00:00,
15cb84a3-08a3-40ad-849e-1ad60a1e4d1b,3793538a-2108-44b0-a8d6-12fb852c9c9c,0,el,0,Asia/Nicosia,,2025-11-17 16:41:20.312479+00:00,
f9783b70-4636-4433-ae7d-015f4a6276a4,dedf5ae7-8912-4aa0-8d9f-0e4fa4d49f20,0,el,1,Asia/Nicosia,,2025-11-17 16:41:20.312479+00:00,
765ce565-07c7-45bc-b9af-212b7189762c,83588c17-a389-457d-94e3-0cbef401549a,0,el,1,Asia/Nicosia,,2025-11-17 16:41:20.312479+00:00,
dc9d6c7a-0484-44ac-bfe7-bb68caf0c71e,2b10589b-acea-4ecb-bb04-9a02de3726b3,0,el,0,Asia/Nicosia,,2025-11-17 16:41:20.312479+00:00,
53b1d68e-62ff-4a24-b078-52d8173e816a,4b12df7a-010e-435b-b5d7-a80ccc1862a8,1,el,0,Asia/Nicosia,,2025-11-17 16:41:20.312479+00:00,
8e3d9fdb-e6a3-4df0-8166-19531fad6c55,7174170b-ab5b-47a7-8967-a76ee9bd956d,1,el,1,Asia/Nicosia,,2025-11-17 16:41:20.312479+00:00,
43c35d2d-dc55-4414-8b49-b28e25e01f1a,55d2e9b4-ae4c-4e67-ac89-bb31fc62ea40,0,el,0,Asia/Nicosia,,2025-11-17 16:41:20.312479+00:00,
d5ff1791-0018-4358-b0cb-a6924e74f2c9,4644e67a-ddac-4aa8-a599-1ccd6be18e3a,1,el,0,Asia/Nicosia,,2025-11-17 16:41:20.312479+00:00,
71e9444d-6c13-48f7-9e05-fc922b890233,aababa7a-4b04-4372-b31f-8c92b208cbf1,0,el,1,Asia/Nicosia,,2025-11-17 16:41:20.312479+00:00,
c9d2fdfb-8485-46ea-af08-1e324773c0ae,4f6da974-317f-467c-9121-a04d04c26d74,0,el,0,Asia/Nicosia,,2025-11-17 16:41:20.312479+00:00,
90991e3c-6427-41d6-abe8-36195b74296f,ff5209b0-f4ae-43f2-aff5-0342328eb2b4,1,el,1,Asia/Nicosia,,2025-11-17 16:41:20.312479+00:00,
5de32c09-ea19-4383-a4d7-68375c9b8242,ad4d6b37-ced5-4ce2-a220-e6812812c2ec,0,el,1,Asia/Nicosia,,2025-11-17 16:41:20.312479+00:00,
d8614cc6-2009-4b16-abb0-47b2b6148b91,a8f11376-8a4b-4d8a-ba40-c5307341d5f5,0,el,1,Asia/Nicosia,,2025-11-17 16:41:20.312479+00:00,
6563b0df-ea84-438e-9fa2-6ded2ee6fee1,dc8df0b2-f4f5-4bc5-9c8a-712dab71eacf,1,el,1,Asia/Nicosia,,2025-11-17 16:41:20.312479+00:00,
40b9d0c8-9e20-4edc-be40-b85d8356c76f,db1e514d-2fdb-4bae-bfe0-5b4ee71e9483,1,el,1,Asia/Nicosia,,2025-11-17 16:41:20.312479+00:00,
42b3044c-50bb-4b83-b39f-718c0935cbf4,db54cbfb-19f1-405b-905b-5064bf779767,1,el,1,Asia/Nicosia,,2025-11-17 16:41:20.312479+00:00,
bf6d82db-f09b-4d87-830c-6e134cb96002,c8d0118d-3c87-40c7-8ce7-c75ee8845b19,1,el,1,Asia/Nicosia,,2025-11-17 16:41:20.312479+00:00,
ada47d9f-d085-446e-8653-4b6d14a3a50b,f4069e38-d27c-45ca-929e-dd8bf4e7e6df,1,el,0,Asia/Nicosia,,2025-11-17 16:41:20.312479+00:00,
64f67ee9-f164-47b9-a5e9-f8ffccb21fa8,0bcabb8f-d9eb-4c36-909d-c3a42027686f,1,el,1,Asia/Nicosia,,2025-11-17 16:41:20.312479+00:00,
3b9ce58b-65ae-499c-b8ec-208e7c23a8cc,5bffb23b-4644-432f-9358-a126c23b4078,0,el,1,Asia/Nicosia,,2025-11-17 16:41:20.312479+00:00,
6c07caa0-19b0-449d-b150-d66dfac8c681,f513d098-31f0-4f6b-b430-ce1c654bec27,0,el,0,Asia/Nicosia,,2025-11-17 16:41:20.312479+00:00,
5e2e847d-f12b-45c3-816f-961557b06119,7b5ce2d1-8f6e-4a26-88cc-91a89afce4af,0,el,1,Asia/Nicosia,,2025-11-17 16:41:20.312479+00:00,
c5efec93-12dd-4427-bbe1-34e706c9587a,e91fadf0-4662-46a2-9841-1760d97015ec,1,el,1,Asia/Nicosia,,2025-11-17 16:41:20.312479+00:00,
55ecf155-65bc-4ad5-855a-65cf3d3974ac,bdaad098-9bf6-4108-9752-91066989af60,0,el,1,Asia/Nicosia,,2025-11-17 16:41:20.312479+00:00,
c9deb34d-f5e3-401a-aaed-18f55ca8ad5a,6f82bf41-aebe-4f4f-ab57-fdc3bb6d4e8f,1,el,0,Asia/Nicosia,,2025-11-17 16:41:20.312479+00:00,
70791e12-6d11-4dab-8550-b85d265c66a6,e18fc6bc-a984-42b4-9e3f-900a229f1dcc,1,el,0,Asia/Nicosia,,2025-11-17 16:41:20.312479+00:00,
e4a5617f-3959-419a-9400-066c6ada4759,a359a562-b216-4283-b6e4-06eaa7ace427,1,el,1,Asia/Nicosia,,2025-11-17 16:41:20.312479+00:00,
20187cbe-e0ec-4e29-b5df-880b91b117d6,77c60955-192f-4f7b-b372-44ad17684f1c,0,el,0,Asia/Nicosia,,2025-11-17 16:41:20.312479+00:00,
87625372-2468-4f09-88cc-1cd921453049,b88dff85-c497-480f-a802-6bd9e0070b16,0,el,0,Asia/Nicosia,,2025-11-17 16:41:20.312479+00:00,
925d9337-e78a-4a4a-9746-1b68f68fb9e4,7fe8263e-ea08-4a4a-85db-82008e46e44a,1,el,0,Asia/Nicosia,,2025-11-17 16:41:20.312479+00:00,
0ac82a5b-06f6-4161-8f24-510f705b4fba,838a8c0f-3c71-420d-8cb4-45a20dbfb768,1,el,1,Asia/Nicosia,,2025-11-17 16:41:20.312479+00:00,
1b322ffd-6b11-475a-b709-c04fea812314,3f6e681c-8071-41df-8dea-b72c69822eda,0,el,1,Asia/Nicosia,,2025-11-17 16:41:20.312479+00:00,
5252700d-b3ff-4e39-b947-98aeaef2c976,345b58fd-cf6e-4fb2-917d-6d7badceeed2,1,el,0,Asia/Nicosia,,2025-11-17 16:41:20.312479+00:00,
9df29c2c-ec54-4680-93cb-c4788f87c047,63d13298-fc97-4126-a5cb-48a130e4de54,1,el,1,Asia/Nicosia,,2025-11-17 16:41:20.312479+00:00,
9fc23d2e-32fb-4d9d-9f35-422df72522c7,df822da4-42c0-4dfe-aeb6-211a6d85d0f5,0,el,0,Asia/Nicosia,,2025-11-17 16:41:20.312479+00:00,
ac8fce73-5df5-4536-b9ce-fe7cd83ecd6a,f939798b-fae9-4bf8-9d7d-2d873a7dc0f7,1,el,1,Asia/Nicosia,,2025-11-17 16:41:20.312479+00:00,
856ea2ab-c6d0-4ae4-b395-6bb5529d9486,ac1a12eb-37e3-4475-aed9-44e0e2d21fa4,0,el,1,Asia/Nicosia,,2025-11-17 16:41:20.312479+00:00,
caaab4fd-b939-498b-abb9-10c75d98b025,b69d46a6-3b40-41ec-b1f4-9371521faeac,0,el,0,Asia/Nicosia,,2025-11-17 16:41:20.312479+00:00,
6f126696-b52c-4327-b76a-36d2ac888f34,752388c7-9cc4-435d-99c6-647f141d31b9,1,el,0,Asia/Nicosia,,2025-11-17 16:41:20.312479+00:00,
5b559c58-79ad-4375-931a-1a7dcd2c337c,70c3c3dd-343e-4678-8141-50808eb57dc4,1,el,0,Asia/Nicosia,,2025-11-17 16:41:20.312479+00:00,
48833665-42c3-4e22-9ced-32e94c95f1c0,7dae1da2-bc20-405f-9d46-a37267d455eb,0,el,1,Asia/Nicosia,,2025-11-17 16:41:20.312479+00:00,
5e2775fc-a37f-4121-8525-085a46434ad5,e1d5f2b7-d804-4b88-855a-fdaf060dc8d2,1,el,0,Asia/Nicosia,,2025-11-17 16:41:20.312479+00:00,
514884b0-89f1-4839-9bcf-a30f037e869e,a8579ba0-b554-4948-aa36-9686ba011e59,0,el,1,Asia/Nicosia,,2025-11-17 16:41:20.312479+00:00,
1f0af412-8454-48cf-a7a4-5e1357023122,9c36cbab-86ab-4712-a36f-67508a4c652f,1,el,1,Asia/Nicosia,,2025-11-17 16:41:20.312479+00:00,
9407eed0-24c1-4522-a9b6-150d461aad0d,416d4292-f286-4d73-bcfb-c7b03f1fa715,0,el,0,Asia/Nicosia,,2025-11-17 16:41:20.312479+00:00,
7bb033a9-b7ee-41f9-b7c6-cab75f2d5fcf,42ee9503-2703-43b5-9836-8b7c7f236a4b,0,el,0,Asia/Nicosia,,2025-11-17 16:41:20.312479+00:00,
0b0971c3-51a1-4db8-9988-11c40e2e301c,4913deca-9961-4d6a-a803-f3f0b86168f8,1,el,1,Asia/Nicosia,,2025-11-17 16:41:20.312479+00:00,
ca58809a-9acc-43f1-96d9-84d92b1f878d,60359e8e-cf20-49e9-8be2-0f3d04e91917,1,el,0,Asia/Nicosia,,2025-11-17 16:41:20.312479+00:00,
86619a46-6033-43ce-a1e4-aad3db7e1f0f,15689568-89f8-424a-b6eb-cf319d5a9eb0,0,el,1,Asia/Nicosia,,2025-11-17 16:41:20.312479+00:00,
3ab00777-e923-4b89-b6a2-9efd947199ea,3ba51bd0-ce9d-4d28-8f7d-44c3e6f7bd31,1,el,1,Asia/Nicosia,,2025-11-17 16:41:20.312479+00:00,
ee84a6f3-f59c-4eb2-b09c-6a673dc8e378,9657b577-2d0b-46ea-8eef-96f40b074dc2,1,el,1,Asia/Nicosia,,2025-11-17 16:41:20.312479+00:00,
213d52f4-3017-4315-bb76-1cb0ec3af12f,6769efd3-7589-4748-abfe-7c8e8fba91c1,0,el,1,Asia/Nicosia,,2025-11-17 16:41:20.312479+00:00,
fa388e2f-306d-4eac-b026-fd2bba8f15a5,510b8721-ad0e-46bd-a777-9d6eda427dad,0,el,1,Asia/Nicosia,,2025-11-17 16:41:20.312479+00:00,
6d03d4b7-4e4b-405d-962a-2a77f212ef0e,932a40ba-ebd1-4d59-9743-8d55b20d2499,1,el,0,Asia/Nicosia,,2025-11-17 16:41:20.312479+00:00,
ebc66a92-c303-4463-9c3e-ea3188b1d493,1650a0ba-150d-476a-b514-305ca99ac191,1,el,1,Asia/Nicosia,,2025-11-17 16:41:20.312479+00:00,
e40b8b4d-32ec-44b9-9556-d4759619a3db,31b6fcec-1267-42c0-9c52-f5b74762be03,0,el,1,Asia/Nicosia,,2025-11-17 16:41:20.312479+00:00,
96465b45-443b-42e9-a9d0-6e25e0d85862,df35bd58-50fa-4bbc-bd44-c1d2c0e63340,0,el,0,Asia/Nicosia,,2025-11-17 16:41:20.312479+00:00,
ea5a5f8a-54cb-4a8c-9889-6a790eb72d24,bfe19ed2-cb95-447b-be0b-b498122bc282,1,el,0,Asia/Nicosia,,2025-11-17 16:41:20.312479+00:00,
696dd047-494a-4122-b155-add544cf4085,cf5bd7c8-1aa6-4494-a2b8-b6c24ad41840,0,el,0,Asia/Nicosia,,2025-11-17 16:41:20.312479+00:00,
ce89eacc-4093-4e07-a2df-57b0bc643fbc,4e0704c6-09c3-4b4a-96ed-cf0183ff1b5b,0,el,0,Asia/Nicosia,,2025-11-17 16:41:20.312479+00:00,
2f693c8f-5d1f-46bd-80c5-986429a659f4,59d8443d-5d7b-4ac0-bc6e-1dd05445242e,1,el,1,Asia/Nicosia,,2025-11-17 16:41:20.312479+00:00,
369d71e9-bc0c-4e92-b155-1c976256862e,13eb016a-f952-4cd2-8d5f-c70971bb2356,0,el,1,Asia/Nicosia,,2025-11-17 16:41:20.312479+00:00,
8388b474-bef3-4e90-82d5-9d03418aa720,26214076-3ba7-47fe-a602-967401b25894,1,el,1,Asia/Nicosia,,2025-11-17 16:41:20.312479+00:00,
1d67c787-bcac-4072-8aa6-adf6a6570a77,14cbd4a6-23dd-4ffa-a900-2135a0ea9388,0,el,1,Asia/Nicosia,,2025-11-17 16:41:20.312479+00:00,
a19a5eed-781d-43e3-8f82-50997ad7dbd3,25806054-83d3-4655-9b7d-2b409fd6c524,0,el,1,Asia/Nicosia,,2025-11-17 16:41:20.312479+00:00,
8dbd2cb8-149b-4ac5-ad0b-d331cc23e4c0,98690c24-3dd0-4399-9a75-c614ca535726,0,el,0,Asia/Nicosia,,2025-11-17 16:41:20.312479+00:00,
f44b277f-c084-4f2b-8fa5-9ae3704e25d6,69b43591-54ac-46c6-bb33-cdaf24b68b15,0,el,0,Asia/Nicosia,,2025-11-17 16:41:20.312479+00:00,
d6e6394a-7c7e-4401-9ca6-4291efc09830,072b17f2-72a0-4e6d-a816-11e2d1ce6db8,0,el,1,Asia/Nicosia,,2025-11-17 16:41:20.312479+00:00,
5ea4b475-0fc8-44bc-8d22-833ed621a5e8,f6bccf38-d390-4a76-bd54-ed0ebe046e1f,0,el,1,Asia/Nicosia,,2025-11-17 16:41:20.312479+00:00,
4a0d1683-8b6f-4ab1-af47-c54f2a4fe55d,3c2ef390-ae1b-4d8c-9fd1-3e1b779e4e04,1,el,0,Asia/Nicosia,,2025-11-17 16:41:20.312479+00:00,
55260255-7245-478e-8cc3-e05f947825b4,79b7f1b6-824f-44d8-a80c-829cd7096104,1,el,0,Asia/Nicosia,,2025-11-17 16:41:20.312479+00:00,
5b04a76a-d29a-411e-8f18-f59dfe1e46cd,a25da186-afde-41e1-b176-84708bd00c0c,0,el,0,Asia/Nicosia,,2025-11-17 16:41:20.312479+00:00,
d2e047f7-2336-4bf7-ab07-e0c2bcc51f34,3d7b47ff-f737-4c59-a689-738f0052f393,0,el,0,Asia/Nicosia,,2025-11-17 16:41:20.312479+00:00,
1dba94a5-53d5-4eb1-ac4b-5f7e48210a62,7fb6db11-150f-47cf-80c5-a194e06e0493,1,el,0,Asia/Nicosia,,2025-11-17 16:41:20.312479+00:00,
f67076bf-a9f8-49bf-971a-9fb72db655b3,2d925f28-b048-4440-bbff-8c6b99148cd0,0,el,1,Asia/Nicosia,,2025-11-17 16:41:20.312479+00:00,
af12ce96-311b-4003-9891-dc8d810a6602,c0adbbf0-8c67-4133-8b50-7134db1b7b09,0,el,0,Asia/Nicosia,,2025-11-17 16:41:20.312479+00:00,
84667ee3-6284-4887-8809-51316cd1e586,931af2aa-6224-4104-b378-07c984524c10,0,el,0,Asia/Nicosia,,2025-11-17 16:41:20.312479+00:00,
42ad9683-bf73-4f67-888d-9f74f2117187,ed888819-6e7b-4403-a220-5d8383b07271,0,el,0,Asia/Nicosia,,2025-11-17 16:41:20.312479+00:00,
f39fd05a-b049-45d8-85ae-18cf64b9799a,dda54929-6053-40fd-a62b-9e52d07d0439,1,el,1,Asia/Nicosia,,2025-11-17 16:41:20.312479+00:00,
0495b5a2-d133-413e-a802-30f3c87f8f32,3fba35bc-52a4-4d8b-a7d1-2cc1c3e5b1a9,0,el,0,Asia/Nicosia,,2025-11-17 16:41:20.312479+00:00,
48d9631c-2f09-4cab-9be9-231ac099c144,1d55a3ff-8ccc-48e4-8440-c1afd4e99ae7,1,el,0,Asia/Nicosia,,2025-11-17 16:41:20.312479+00:00,
eeda25c8-e68c-4f00-a5f6-ec412d7d896f,39c11287-53b4-4312-8106-019fad24a4d7,0,el,0,Asia/Nicosia,,2025-11-17 16:41:20.312479+00:00,
5d085449-a3e5-4336-8bca-8516c1e54184,bf0e2a49-5bd3-4478-8838-4c8554ae1bf8,1,el,0,Asia/Nicosia,,2025-11-17 16:41:20.312479+00:00,
f0c57d6e-1706-42b2-8274-e531ca4ed6fe,f071fd28-a265-4423-b8dc-09ee29205b5f,1,el,0,Asia/Nicosia,,2025-11-17 16:41:20.312479+00:00,
0c472327-60d0-4efd-8fe6-2b4f6d3ad741,5fd30f7c-fe1c-4564-9cf1-f35ada12c882,0,el,1,Asia/Nicosia,,2025-11-17 16:41:20.312479+00:00,
ae4b201c-0c13-491e-990c-18e30f7cba64,77d518a1-c1a3-4396-86d6-2b15b29fbdeb,0,el,0,Asia/Nicosia,,2025-11-17 16:41:20.312479+00:00,
88f30226-3be4-47a1-8e5c-b05b00407045,18a4f43f-4806-420d-b4e8-24ec0a1c09dc,1,el,1,Asia/Nicosia,,2025-11-17 16:41:20.312479+00:00,
45f73a18-8fe3-406d-bd1f-0c8341a2c389,cf592498-1401-4086-8312-4b3529fcbe5e,0,el,1,Asia/Nicosia,,2025-11-17 16:41:20.312479+00:00,
f18db720-d2c9-45b7-8f2f-71bec0adca43,0ac997c0-f1c7-44ac-8400-b736be918051,1,el,1,Asia/Nicosia,,2025-11-17 16:41:20.312479+00:00,
fcea7712-9329-4649-a606-f596c89f3c30,0bc1aa5c-a061-495f-9855-695d6c97f821,1,el,0,Asia/Nicosia,,2025-11-17 16:41:20.312479+00:00,
ce3aa78d-6d42-43d4-a437-4156d64c0391,636903d4-bfa8-4553-9bc9-e9f844d6fdcb,0,el,0,Asia/Nicosia,,2025-11-17 16:41:20.312479+00:00,
3cbd2f9f-73be-45ab-9751-16770b89ef57,7f33ea77-86e7-49d1-b366-2d0a3e05e627,1,el,1,Asia/Nicosia,,2025-11-17 16:41:20.312479+00:00,
33156da4-1f5f-4f0d-81dd-f88e30fd3cf2,e981bf94-6305-44aa-a6fc-7ef2a1274f35,0,el,1,Asia/Nicosia,,2025-11-17 16:41:20.312479+00:00,
b65c13a0-1b61-4768-b4ad-28bf53a30623,b851b065-7724-4b75-87ec-285eded297ad,0,el,1,Asia/Nicosia,,2025-11-17 16:41:20.312479+00:00,
2022af52-acd5-48eb-bdc2-1a79703aa3fe,46923572-7eac-4d50-894d-6daf4109f682,1,el,1,Asia/Nicosia,,2025-11-17 16:41:20.312479+00:00,
34f15d73-1661-4c12-af83-4309d4145dae,81edb198-e61a-4cb2-9032-e165cc3f0374,0,el,1,Asia/Nicosia,,2025-11-17 16:41:20.312479+00:00,
4ff8e7f3-64f6-4c1a-b034-ccc971d6bc51,04e3316c-8e18-44aa-bc80-6eaddedf1083,0,el,0,Asia/Nicosia,,2025-11-17 16:41:20.312479+00:00,
e4c2d551-e056-4350-92df-92c014617196,d9cfce2d-58a9-4850-8c41-7bbc9428334f,1,el,0,Asia/Nicosia,,2025-11-17 16:41:20.312479+00:00,
4c2d44e6-bad7-47d6-a3d8-788981e68dd7,fad5bb6a-f88e-41ed-b3b7-6b16cf3d3c77,0,el,1,Asia/Nicosia,,2025-11-17 16:41:20.312479+00:00,
ed200b03-0eed-412d-bc69-6a433fe91e2d,145a2b07-f46e-4941-82e4-14248178c850,1,el,1,Asia/Nicosia,,2025-11-17 16:41:20.312479+00:00,
105554f8-8439-4d51-8f9d-7e478dd8850a,8ffc1c47-24e2-4159-8223-466afbf16048,1,el,0,Asia/Nicosia,,2025-11-17 16:41:20.312479+00:00,
0f2c4ab8-aebd-445e-8e5a-36e3da2a37a0,1b0fd478-f882-46ac-83f3-cf99090ff824,0,el,1,Asia/Nicosia,,2025-11-17 16:41:20.312479+00:00,
488ef907-d334-42b4-b2f6-40c6bc19ce30,921439a8-63cc-4008-9d7c-456fbc41458c,1,el,0,Asia/Nicosia,,2025-11-17 16:41:20.312479+00:00,
99d3977e-ec22-4209-9c46-9ba024985fad,b46721fc-bb9b-4b84-b96f-81d2128fa4c0,1,el,0,Asia/Nicosia,,2025-11-17 16:41:20.312479+00:00,
6a4cfb1b-3990-427c-b23e-4490a6be4f08,d58e85a8-7b83-4be6-9235-93902c56c63b,0,el,0,Asia/Nicosia,,2025-11-17 16:41:20.312479+00:00,
fa70a32f-5e01-4d0f-89ab-74ebb27f826a,d93d322e-495e-4c04-8230-5436a92b4804,1,el,0,Asia/Nicosia,,2025-11-17 16:41:20.312479+00:00,
5bf415c7-f0c8-4dcf-bc53-9e6e1ad812b3,d0587988-4f0c-4e4b-a92b-53b144b5cf1e,0,el,0,Asia/Nicosia,,2025-11-17 16:41:20.312479+00:00,
ad14e398-e078-43b2-b20a-a4c24afcc3f9,4bca865d-7e52-4694-a25a-6dcc0a175dd0,0,el,1,Asia/Nicosia,,2025-11-17 16:41:20.312479+00:00,
7c104eff-dffe-4990-a6af-f7c58f52bbb7,5d8977c3-1407-45cc-a54b-15866a8347f4,0,el,0,Asia/Nicosia,,2025-11-17 16:41:20.312479+00:00,
123de2b8-982b-4ec2-8e22-3b3f06cf1ac5,15ef4892-58b7-4aec-ae0a-1db958a55a10,1,el,0,Asia/Nicosia,,2025-11-17 16:41:20.312479+00:00,
4c11fda7-a9f5-4e73-a541-bef2cfdc9d77,cff08843-6e8c-444e-98c0-c6ec48bd5393,1,el,0,Asia/Nicosia,,2025-11-17 16:41:20.312479+00:00,
91a563ce-d484-40d5-adb3-a1381cb54d3b,f65c0fe9-0c00-4040-b4be-c76945dbbdc3,0,el,0,Asia/Nicosia,,2025-11-17 16:41:20.312479+00:00,
005f05a5-a68c-4747-bff5-7a9739efbbee,6cadaf91-493c-4b00-8f07-cacaf032810a,1,el,1,Asia/Nicosia,,2025-11-17 16:41:20.312479+00:00,
86c3c440-db94-45c5-b76a-25973351f0a9,3c1827a0-d1aa-47e4-8edb-52f5befe4161,1,el,1,Asia/Nicosia,,2025-11-17 16:41:20.312479+00:00,
10b58f18-612b-4ba8-a035-7c04464db993,d0b57602-e966-4741-a64c-a3830104997a,0,el,0,Asia/Nicosia,,2025-11-17 16:41:20.312479+00:00,
cd49ee67-7b3f-4511-9b2a-c2bf4a003220,c454007e-ef2d-4939-a92c-da94dabaa9c9,0,el,1,Asia/Nicosia,,2025-11-17 16:41:20.312479+00:00,
41ed2161-5511-421c-a846-694db1118c54,216c1d48-9dab-43ff-a8b4-08fff6b87d9a,1,el,0,Asia/Nicosia,,2025-11-17 16:41:20.312479+00:00,
8e1a3116-2660-4992-b9ec-44dd067610c3,1663dedf-5b46-4668-b40f-2c89d6202c1f,0,el,1,Asia/Nicosia,,2025-11-17 16:41:20.312479+00:00,
ab8187a1-cb3c-4337-a837-e71b000affcd,71bcdde8-e270-4fc1-bb5f-5663b5a01476,1,el,0,Asia/Nicosia,,2025-11-17 16:41:20.312479+00:00,
5dcf0f47-ca0d-4cc4-89d1-956b5119c770,58f987e3-98a7-48a0-a43c-b9f26c746b7e,0,el,1,Asia/Nicosia,,2025-11-17 16:41:20.312479+00:00,
c65e166f-7ef8-412c-9edf-553a4d58d5f5,f4ada9a9-7331-4691-a7bc-c648cda14f31,0,el,0,Asia/Nicosia,,2025-11-17 16:41:20.312479+00:00,
33dfb082-9696-4635-bfdf-236edb359923,9b152541-eaa3-4586-b3a5-0cff30cad798,1,el,0,Asia/Nicosia,,2025-11-17 16:41:20.312479+00:00,
2b544202-7b03-429d-b151-c8e770435d63,3c5972ab-62cc-41fc-a9d3-18bddcd3e943,0,el,1,Asia/Nicosia,,2025-11-17 16:41:20.312479+00:00,
54af8746-4a63-4623-a1e7-75899b43bb6a,c42bb028-3d5b-45df-b320-078ee54be37f,1,el,1,Asia/Nicosia,,2025-11-17 16:41:20.312479+00:00,
ed96bab9-7570-4436-9735-65c6937d9efb,df2a88c9-8f99-4cf3-a30c-c92ac0551b00,1,el,1,Asia/Nicosia,,2025-11-17 16:41:20.312479+00:00,
9dcbca2b-423c-4cde-8cd9-89b2d21b2e3b,0638fb9b-4c19-474d-9d53-50faa329e19d,1,el,0,Asia/Nicosia,,2025-11-17 16:41:20.312479+00:00,
a885dd64-5750-4602-985b-16a4881b6b33,a2cf5240-c110-46da-aef7-010edb45e902,1,el,0,Asia/Nicosia,,2025-11-17 16:41:20.312479+00:00,
7f01cb34-df7c-49b0-8a78-6ef838d25d52,544a4a06-2752-4761-8c04-a0c2a77b3621,1,el,1,Asia/Nicosia,,2025-11-17 16:41:20.312479+00:00,
4f0a0d8c-7ce5-4f4a-9d40-a02924244db3,783bfaea-edf7-4ccf-92e8-55d0f2702497,0,el,1,Asia/Nicosia,,2025-11-17 16:41:20.312479+00:00,
66cdfc0b-6b44-42a2-926e-0b07492435ec,e8a43b0f-d0d7-4721-a2dd-23dde7f3e5a3,0,el,0,Asia/Nicosia,,2025-11-17 16:41:20.312479+00:00,
92a5407a-7a4c-45b0-82ea-e18997d377dd,82617d3c-981d-4e72-a180-3a442ea38b05,0,el,1,Asia/Nicosia,,2025-11-17 16:41:20.312479+00:00,
48fde830-951a-4087-a42d-4a97793a5747,839c9bcd-4b60-49fb-8ae1-7811479c9e73,1,el,0,Asia/Nicosia,,2025-11-17 16:41:20.312479+00:00,
fef3deb4-706f-49db-98fb-49a528f1ba00,9b68b78f-072a-4ea4-b02b-15b922dbcefe,1,el,1,Asia/Nicosia,,2025-11-17 16:41:20.312479+00:00,
fb7bb371-15e1-421d-9240-6dc07be7b155,fe80063e-f2ce-4c3a-8715-ed850f19b08e,1,el,1,Asia/Nicosia,,2025-11-17 16:41:20.312479+00:00,
81f93b67-dd3f-40b4-b8fc-8b3680d0310c,08aabf99-b143-402d-b15e-63d68a26edb4,1,el,0,Asia/Nicosia,,2025-11-17 16:41:20.312479+00:00,
5bbef497-bdea-4fe9-946d-8eac1d843d02,45546c26-6ae8-47eb-a38f-e5d9852a4f7d,0,el,1,Asia/Nicosia,,2025-11-17 16:41:20.312479+00:00,
37e77811-fa70-4435-8d0f-3f5f0d3c7aa6,48490278-6da7-498d-bc36-75edc157f8e4,0,el,1,Asia/Nicosia,,2025-11-17 16:41:20.312479+00:00,
c06ba66e-05e5-4a65-831c-b489748f2b1c,730255bc-9d95-4a58-9058-b009a35372c9,0,el,0,Asia/Nicosia,,2025-11-17 16:41:20.312479+00:00,
e11fcfba-0caa-413d-b268-2948c068e84c,b6017292-c8a8-4203-9068-31ec78fdcd13,0,el,1,Asia/Nicosia,,2025-11-17 16:41:20.312479+00:00,
8c36f975-a309-4804-9225-1af1f30d435e,9b5c5df9-31eb-4b9c-8aec-a191d1fa0510,1,el,0,Asia/Nicosia,,2025-11-17 16:41:20.312479+00:00,
a1f94678-a389-47a4-9b70-bc633cae00d4,cbdbb458-838f-498b-b943-4a8e64582e19,1,el,0,Asia/Nicosia,,2025-11-17 16:41:20.312479+00:00,
a7e57651-eff7-495b-ab09-ecb179a6a729,0aea20e7-f60c-4ea6-a37e-669ae6445bbe,1,el,0,Asia/Nicosia,,2025-11-17 16:41:20.312479+00:00,
63fabf30-a2c4-4b30-a82a-e8dc1366aa53,a7647748-9c6f-460f-8d21-23fa36c1681d,0,el,0,Asia/Nicosia,,2025-11-17 16:41:20.312479+00:00,
09e19a4c-adc3-4300-9b71-0e43b4b18860,b9d97870-ddbc-4161-9cf7-211c75154fa4,0,el,0,Asia/Nicosia,,2025-11-17 16:41:20.312479+00:00,
5988d9b9-c47f-42d5-bc02-993030875713,eb4e32d9-e5eb-4679-b332-40bd23e9fa17,1,el,0,Asia/Nicosia,,2025-11-17 16:41:20.312479+00:00,
effa95fa-8c59-49f6-b291-f851ad1f7d0a,e7f29bae-23b6-4b77-8adb-47c1454a2d17,0,el,1,Asia/Nicosia,,2025-11-17 16:41:20.312479+00:00,
5a47948a-11cc-4c33-ab31-a96900a4b2c7,e00a285a-bd70-45b4-bd54-9aaf1d7755cf,1,el,0,Asia/Nicosia,,2025-11-17 16:41:20.312479+00:00,
8f3f6fd8-9e04-40e3-856b-20903dd28407,fbb20d47-5e60-467c-bcd7-771df3577247,1,el,0,Asia/Nicosia,,2025-11-17 16:41:20.312479+00:00,
3da21a76-3ec0-4236-b76e-48e92e2bb025,7d0ad889-83e0-42cb-89f5-cb30d888595a,1,el,1,Asia/Nicosia,,2025-11-17 16:41:20.312479+00:00,
9d0e783f-050b-4e48-a5ef-0a955ef190f5,9e6e55cf-bfb5-4db5-a06b-0802bebdd0a8,1,el,1,Asia/Nicosia,,2025-11-17 16:41:20.312479+00:00,
04fb222f-ff41-4621-87fd-29fbe2c5b92a,4a91b28d-74a9-4f1c-aade-8351cccb5585,0,el,0,Asia/Nicosia,,2025-11-17 16:41:20.312479+00:00,
47fbc3be-36a8-44fe-82b5-b8d2cdd8169f,a52a1d71-f399-4fa8-86b0-7fadffb891df,0,el,0,Asia/Nicosia,,2025-11-17 16:41:20.312479+00:00,
2fba4b1d-03bf-44c7-a3e1-a891be887284,b578f03f-9f19-462f-ba47-bff1be689510,1,el,1,Asia/Nicosia,,2025-11-17 16:41:20.312479+00:00,
4eb4f3cf-4c16-480f-a7ed-efa03d606baf,bd1cb257-5a87-4f9c-9514-64e587a0ce2e,1,el,0,Asia/Nicosia,,2025-11-17 16:41:20.312479+00:00,
9b611e04-1a19-4b68-8bce-235e1e48ce95,a952e3f2-43ac-4615-ad9e-fc8ebf5d765c,1,el,0,Asia/Nicosia,,2025-11-17 16:41:20.312479+00:00,
f1a98d1f-f48c-4cf8-b6d5-935d7c3ca8e8,b9d2003d-a36d-432d-86e8-a26b31d1ac8d,1,el,1,Asia/Nicosia,,2025-11-17 16:41:20.312479+00:00,
e9cc38a8-18b4-4596-b6cb-3605e7ef10f6,7848f287-912c-4a4c-ac65-96355ff0433b,0,el,1,Asia/Nicosia,,2025-11-17 16:41:20.312479+00:00,
ac84744b-3505-49ff-ac4c-87e7720dff39,f5161c7b-16a9-46c5-8cca-c35ce03e03ca,1,el,0,Asia/Nicosia,,2025-11-17 16:41:20.312479+00:00,
760ba975-cbcc-4e22-8541-aab3b5d9751e,70f71320-831b-4d8e-80bb-c0d5ba4310da,1,el,0,Asia/Nicosia,,2025-11-17 16:41:20.312479+00:00,
ff207f06-1932-4706-995a-4786a46b2904,88c47e0f-55b0-49b7-8e5b-89934316627c,1,el,0,Asia/Nicosia,,2025-11-17 16:41:20.312479+00:00,
cf03fb64-5b9a-4b05-bc7a-6fd68faf8bb2,a71a117e-9794-42f4-98ed-b36c179b6006,0,el,0,Asia/Nicosia,,2025-11-17 16:41:20.312479+00:00,
c976c906-0555-406a-819c-815e3bd21c0c,f8c4f54d-1725-4c4a-863d-1ddbf695a867,1,el,0,Asia/Nicosia,,2025-11-17 16:41:20.312479+00:00,
1dfb24da-9349-4a2b-9acb-6cf77fc127df,ef9b19b0-02e3-42d2-ac49-5eefe2c86821,0,el,1,Asia/Nicosia,,2025-11-17 16:41:20.312479+00:00,
278fe19d-1305-429e-bc3f-f29eaa8743be,2821a99c-0b73-4070-be99-81ddf0f4eed7,0,el,1,Asia/Nicosia,,2025-11-17 16:41:20.312479+00:00,
d12f28da-9f88-4e8b-bc50-c25e9bb9bfc7,5035450b-1184-4f87-8828-212a76f43637,1,el,0,Asia/Nicosia,,2025-11-17 16:41:20.312479+00:00,
cdb53910-cc1f-45ab-bd78-1248c3b6aa0f,fee73438-fb8f-4ca8-86a1-3d374284f197,1,el,0,Asia/Nicosia,,2025-11-17 16:41:20.312479+00:00,
7d97331f-16b0-4beb-8922-fab24de3961f,f915f910-34b7-416d-b4d3-851a60e489e1,1,el,0,Asia/Nicosia,,2025-11-17 16:41:20.312479+00:00,
2e77373a-bba2-4701-96b3-58b07c258b86,1e46ad58-3080-4aa1-8559-1ffadf623a59,0,el,0,Asia/Nicosia,,2025-11-17 16:41:20.312479+00:00,
0ac9bfdb-f6d1-40a8-8325-dec565766f31,f8877d45-5273-4c9f-8bf1-de9a01cc7e69,1,el,0,Asia/Nicosia,,2025-11-17 16:41:20.312479+00:00,
05e617c7-fe32-4532-8f99-35342d01ae2c,2f250769-a501-40c2-a1be-25ec174cb143,0,el,0,Asia/Nicosia,,2025-11-17 16:41:20.312479+00:00,
5889d487-aadd-4704-b772-7c64030c29a3,59e7e20a-0b01-4371-bee8-d23981d6b3e0,1,el,1,Asia/Nicosia,,2025-11-17 16:41:20.312479+00:00,
8fd8048c-720a-4d03-b945-9a761bb2cf83,2f7764db-1574-4821-b734-f6a339942653,1,el,0,Asia/Nicosia,,2025-11-17 16:41:20.312479+00:00,
eb6bd05e-449b-48cf-aefb-fcf60a3d3a0b,9ba8bf9c-5d5d-417f-bf96-8261f90fc11d,1,el,0,Asia/Nicosia,,2025-11-17 16:41:20.312479+00:00,
435f9e86-9d4d-45de-83cd-5b84ae41f322,8153aa89-750e-4a2e-8a6c-2868fe396f84,0,el,1,Asia/Nicosia,,2025-11-17 16:41:20.312479+00:00,
528a459b-e4ec-4825-b48a-5cccb38fb0c4,7c43e838-b5ee-4a6a-b195-37b1604ada2b,0,el,0,Asia/Nicosia,,2025-11-17 16:41:20.312479+00:00,
cadd3ff6-73f4-4c27-9730-1221d28bc84b,64f38870-7bd2-4bbd-a1ba-08facd01d141,1,el,0,Asia/Nicosia,,2025-11-17 16:41:20.312479+00:00,
bb683330-bf32-447b-83e8-caaae8715582,2c6ccc1e-4e75-49e9-b43b-83efe357a5da,1,el,1,Asia/Nicosia,,2025-11-17 16:41:20.312479+00:00,
33897a73-0bb3-4a6f-852e-c6f00d506cb6,17369725-be4b-4b37-bc95-0fd0d773f73e,1,el,1,Asia/Nicosia,,2025-11-17 16:41:20.312479+00:00,
3e40b6a3-95aa-43fb-b5d0-ac822feff798,e1dc1322-07e0-4e44-880e-0afa7bf125fe,0,el,0,Asia/Nicosia,,2025-11-17 16:41:20.312479+00:00,
9e27fc47-d773-44a0-9563-e65eab01ff9e,bba4afc6-0503-4ca3-b18e-8aa8c92a3f68,0,el,0,Asia/Nicosia,,2025-11-17 16:41:20.312479+00:00,
d5d510ea-6381-4350-9d03-e8c38277af68,1bacff5a-9a79-4690-80ad-6f94057f476f,0,el,1,Asia/Nicosia,,2025-11-17 16:41:20.312479+00:00,
c22f9051-cb0d-4b83-b8d8-05de80993b76,733dadb5-a110-411d-9708-95e3b248be4b,1,el,1,Asia/Nicosia,,2025-11-17 16:41:20.312479+00:00,
7282c004-23ec-4242-baeb-30b72d6c1de2,5943637b-4c95-4e0d-86b9-369bb107f917,1,el,1,Asia/Nicosia,,2025-11-17 16:41:20.312479+00:00,
8d6a792e-c089-450d-a0a9-427cb49f10af,7cd91dac-fedb-48b5-a346-440b56237a93,1,el,0,Asia/Nicosia,,2025-11-17 16:41:20.312479+00:00,
ac77222b-721d-4ed9-b7fb-843c3c24eefd,a8b2ac69-86ec-4341-a52f-e6c38d63d829,0,el,1,Asia/Nicosia,,2025-11-17 16:41:20.312479+00:00,
a8b3614e-3216-4f26-ae9d-64892fdb2d7e,0140ca09-1e79-4e2c-8c1a-23c19fd9c253,1,el,1,Asia/Nicosia,,2025-11-17 16:41:20.312479+00:00,
2d36f7aa-fd6c-4038-9cbd-b7d3c1378858,1605bf26-09e6-43da-825a-3ed9d5eae17b,0,el,0,Asia/Nicosia,,2025-11-17 16:41:20.312479+00:00,
9fccfca2-ded0-4ac0-896f-0fbfae3efc9e,22353eb5-713a-418e-b46b-3667a1a8e7f1,1,el,1,Asia/Nicosia,,2025-11-17 16:41:20.312479+00:00,
5e3caf48-3e1e-49de-ad63-85b97796b74b,d1ea727d-1b8a-4cbc-8979-dc9da55b90d8,1,el,0,Asia/Nicosia,,2025-11-17 16:41:20.312479+00:00,
fa08076e-3800-4408-8bd9-d8978600d8b2,a15f5ab7-6e47-45c2-ba44-4830a8ddbf3c,1,el,1,Asia/Nicosia,,2025-11-17 16:41:20.312479+00:00,
dd9246a4-4a31-4900-b860-b3dce5c3348b,04eabfba-3200-4b3c-81b5-52e1e5f64213,1,el,0,Asia/Nicosia,,2025-11-17 16:41:20.312479+00:00,
8cec0dbc-647a-40c5-9a39-6aa6ad825416,26d34717-16d4-4aaa-bbcf-dbd6218e4cbc,0,el,1,Asia/Nicosia,,2025-11-17 16:41:20.312479+00:00,
e8b2cbc4-da64-4f37-af86-0f6e4786f964,6ce36d50-ea73-4011-ba50-07d8598a96d5,0,el,1,Asia/Nicosia,,2025-11-17 16:41:20.312479+00:00,
fa6b3781-c332-4032-969a-98b6ce3b4a3d,eccba6ae-becc-4951-ae9f-b6ba9e28adf3,0,el,1,Asia/Nicosia,,2025-11-17 16:41:20.312479+00:00,
7273ff32-0e5e-4787-9a56-185e8b688cca,f0a62d5d-b81a-4454-95ae-c7d0fe24035f,1,el,1,Asia/Nicosia,,2025-11-17 16:41:20.312479+00:00,
e24fbd80-4580-4a2c-9e3b-167b9acd0e0d,946835c1-c216-463a-b881-39be24ac805f,0,el,0,Asia/Nicosia,,2025-11-17 16:41:20.312479+00:00,
927a2f96-a34a-4740-9c4b-ea87dd099340,812f2134-3214-4950-b5fd-424ab8582306,1,el,1,Asia/Nicosia,,2025-11-17 16:41:20.312479+00:00,
dc0ce9e5-5db3-4002-a8a2-b54f9366b965,0bc2e9c6-ae33-4dc5-a544-9c89dae7eedc,1,el,1,Asia/Nicosia,,2025-11-17 16:41:20.312479+00:00,
12196cdf-550e-4de4-95c5-96fb88cbdad6,32984efb-3f1a-474b-b2af-656b58eb9dc0,0,el,0,Asia/Nicosia,,2025-11-17 16:41:20.312479+00:00,
3955a3dc-06a3-40c3-a222-8785242eeea5,4e55449b-c766-4a7d-9e54-57a8c97d59e0,0,el,1,Asia/Nicosia,,2025-11-17 16:41:20.312479+00:00,
82c9f549-b438-4b37-a891-25873b0656bc,6b574c05-0940-4815-b832-19624a91a7bf,1,el,1,Asia/Nicosia,,2025-11-17 16:41:20.312479+00:00,
d5b5ac69-bf46-401a-a1d9-2eba53753410,2fa3eb3b-257c-4552-a7e9-f0bc0755beb4,1,el,1,Asia/Nicosia,,2025-11-17 16:41:20.312479+00:00,
f1a02b0e-92b4-44d9-a660-8138fd533857,8728d5e9-60a9-4db8-a042-1d4fd70aaaa4,0,el,0,Asia/Nicosia,,2025-11-17 16:41:20.312479+00:00,
b84f3764-472a-4a33-82b5-01b9c80049b0,5afb241a-a751-411d-bead-1cb06b04086b,0,el,0,Asia/Nicosia,,2025-11-17 16:41:20.312479+00:00,
5019b89f-e17f-45b8-b82d-479e8c5f1b00,4bc14878-523b-499b-b620-baccfa84aaef,0,el,0,Asia/Nicosia,,2025-11-17 16:41:20.312479+00:00,
57f07512-ade7-45d4-9c7b-a9b6f86e90b8,e26343ce-03b2-44ef-a1e6-73329f672ded,0,el,0,Asia/Nicosia,,2025-11-17 16:41:20.312479+00:00,
a21d306f-f0ba-4d52-92f1-ea7cbbefe9d7,23d7f374-5c40-4c05-b87f-f644a00e867f,1,el,1,Asia/Nicosia,,2025-11-17 16:41:20.312479+00:00,
10224419-b6da-45ac-b640-773a60f6568d,d2260082-f5e6-495a-a516-6afa8be5a519,0,el,1,Asia/Nicosia,,2025-11-17 16:41:20.312479+00:00,
e47057ac-ffa3-446a-8118-57d39499c15f,291ce1bc-0c7b-4d27-95c3-688bc4d03483,1,el,1,Asia/Nicosia,,2025-11-17 16:41:20.312479+00:00,
2c9bddcd-8f53-4960-8550-05f16128429c,abd12bc0-e28a-4e52-86f5-a10d0d292715,0,el,1,Asia/Nicosia,,2025-11-17 16:41:20.312479+00:00,
5cd386bf-4634-4db0-b0dc-d5e0e9a1e92f,5a29226f-d414-4a39-a3fb-422fb05b85cf,1,el,1,Asia/Nicosia,,2025-11-17 16:41:20.312479+00:00,
7c700712-d5e7-43f1-96ea-20a87c3ef97c,beabe4e0-e42e-4044-a313-23687450811a,0,el,1,Asia/Nicosia,,2025-11-17 16:41:20.312479+00:00,
84937499-d045-444e-8bd1-ad234ed13d0f,42a673c4-1662-40e4-b5b4-760d6c3d2eb4,0,el,0,Asia/Nicosia,,2025-11-17 16:41:20.312479+00:00,
e78e034d-c249-42e3-a6a3-a5f3ef4ce48a,23dec771-134a-4a1f-b610-889d2c6125f0,1,el,0,Asia/Nicosia,,2025-11-17 16:41:20.312479+00:00,
dc825aef-f274-4c54-96c6-540b84b43195,7ae6852f-6c90-4bf6-a998-b9a2f0820fb4,0,el,0,Asia/Nicosia,,2025-11-17 16:41:20.312479+00:00,
0710151a-4a11-4203-b0d8-0a6f4406b476,110ddccf-c7a1-4ec1-8ae7-a90830e1487c,1,el,0,Asia/Nicosia,,2025-11-17 16:41:20.312479+00:00,
558eddf8-e3f4-4740-b998-fe5aa833d6fd,751994c1-6cc1-4b1f-be74-edd36618f891,1,el,1,Asia/Nicosia,,2025-11-17 16:41:20.312479+00:00,
7a969abc-3c29-4c0f-a31e-79e9a11d96b0,924ec80f-2f7c-4597-929e-7d7cadd2ff88,1,el,1,Asia/Nicosia,,2025-11-17 16:41:20.312479+00:00,
cdce2716-8292-4c9a-bafb-3641d467c634,196cf564-0b0c-40b2-88aa-e630306c1906,1,el,0,Asia/Nicosia,,2025-11-17 16:41:20.312479+00:00,
a56b7b6c-a98f-42b1-b40b-a1fe49bb19a1,9180627a-2258-4801-9166-ba248b120aab,1,el,0,Asia/Nicosia,,2025-11-17 16:41:20.312479+00:00,
830d49a6-ce4e-4468-bcf1-b822c2018778,d4d5df38-8646-4f76-b8a6-46b5f1f0aa31,0,el,1,Asia/Nicosia,,2025-11-17 16:41:20.312479+00:00,
cb7d4b77-bd9e-4225-b651-5095afb17bb7,1f6dc880-91f6-4eb7-b7a3-dde916917bc6,1,el,1,Asia/Nicosia,,2025-11-17 16:41:20.312479+00:00,
682950c4-413c-4d7a-ba7d-1f098021dd2a,e6094504-170c-4472-99d6-7e3111972042,0,el,0,Asia/Nicosia,,2025-11-17 16:41:20.312479+00:00,
1cb6407a-442c-453d-ad24-e436859dc838,5a4da2cd-37a1-4b19-9a45-f9e684071bd2,1,el,0,Asia/Nicosia,,2025-11-17 16:41:20.312479+00:00,
91bf4077-add2-44dc-b852-0716af66469a,20c5a088-0169-40be-9f98-1c22cbea6b11,1,el,0,Asia/Nicosia,,2025-11-17 16:41:20.312479+00:00,
b22bea93-da09-4b7d-808a-cc203a1305b8,980700a9-5407-488a-a5d1-0d3d591756c1,0,el,1,Asia/Nicosia,,2025-11-17 16:41:20.312479+00:00,
739ec1a3-e540-4d63-bdb9-5a1938afcd2e,05552f0c-597d-470f-8c6d-06e2313f5e97,1,el,1,Asia/Nicosia,,2025-11-17 16:41:20.312479+00:00,
edf04b6e-08c5-4d08-8ded-e73157dbca42,3b635ac0-3897-49af-a33f-21b3f7bd4e8e,0,el,1,Asia/Nicosia,,2025-11-17 16:41:20.312479+00:00,
3748f7e1-7531-4b2a-a2c1-6a0e92f98f44,57975ac0-0ccd-40a7-85b7-bb61a495d1fd,1,el,0,Asia/Nicosia,,2025-11-17 16:41:20.312479+00:00,
a5a3e5fe-0b3c-4dcb-9d13-54723ab5f1a3,8cf720df-67bb-4121-b9af-212e88a85a43,0,el,1,Asia/Nicosia,,2025-11-17 16:41:20.312479+00:00,
ec68b50b-df80-4687-a914-b7541201be09,c1ca744f-5263-4477-ba29-20724d353b1a,0,el,0,Asia/Nicosia,,2025-11-17 16:41:20.312479+00:00,
782a92b2-bf0b-4116-b8db-264944a093ba,191165dd-9525-41cd-8f2e-3fb35aa0d529,0,el,0,Asia/Nicosia,,2025-11-17 16:41:20.312479+00:00,
2ae35751-fe8d-4ff0-a2cb-008446e2d312,9e14d64d-a08b-4e0a-af53-be1a3625908b,1,el,1,Asia/Nicosia,,2025-11-17 16:41:20.312479+00:00,
0c95b04e-9c87-4b6c-92e1-481ba8748bfc,692065ef-4aed-4675-8169-3e077bfa9890,0,el,0,Asia/Nicosia,,2025-11-17 16:41:20.312479+00:00,
f11c4f4d-531d-42a4-9886-12379c8d0e13,b67a80ce-e759-482c-b2aa-4b3c7a922e03,1,el,0,Asia/Nicosia,,2025-11-17 16:41:20.312479+00:00,
492af429-bddc-4941-bb19-08459c424e1f,66a1efee-d65d-40f1-b2ff-8c1f2276a3d9,1,el,0,Asia/Nicosia,,2025-11-17 16:41:20.312479+00:00,
8d71ef42-b23c-4a60-b7f7-2013bf39c6ac,313b453e-6ff3-4348-9e50-99859aed627d,0,el,1,Asia/Nicosia,,2025-11-17 16:41:20.312479+00:00,
378e540b-0515-47b8-99f7-edcedffceb48,c558ef2c-6b86-4c7d-9cab-2773ccc6f2bc,1,el,0,Asia/Nicosia,,2025-11-17 16:41:20.312479+00:00,
d8a438fc-6453-4c6b-9b9a-640548e6d08d,b8c52fe0-68c0-4cf7-8c91-e77a1e2194e9,0,el,1,Asia/Nicosia,,2025-11-17 16:41:20.312479+00:00,
d0b6cf60-183b-4142-94e5-9fe7df7ebce0,93ab8827-dce2-438b-a2f9-1277e8211fed,0,el,1,Asia/Nicosia,,2025-11-17 16:41:20.312479+00:00,
66509c43-7c76-44d3-8db4-5fac752c06d8,b4aad2f3-0473-4400-b141-17c69813f7c7,0,el,0,Asia/Nicosia,,2025-11-17 16:41:20.312479+00:00,
22497fd9-d706-463a-9059-120735092e2b,3dccad6c-dd70-4c90-854c-8324fb57f41c,0,el,1,Asia/Nicosia,,2025-11-17 16:41:20.312479+00:00,
5e521db8-9edb-4b41-89d1-911ba8f379de,8c316db2-999f-4b2f-807a-5a8dff203abb,0,el,1,Asia/Nicosia,,2025-11-17 16:41:20.312479+00:00,
82b483ec-92e1-4363-840b-a32a636f293e,930b33d2-7c28-4a5c-b5fa-8af14e5940b8,0,el,0,Asia/Nicosia,,2025-11-17 16:41:20.312479+00:00,
8b1da09f-44be-4e8e-b0c5-15f8698be38d,cb82d9e1-8893-4de3-b62b-908f892611e8,0,el,1,Asia/Nicosia,,2025-11-17 16:41:20.312479+00:00,
1f397931-041a-46c5-b870-570f74feec8a,58540df7-9e7e-4907-9c0a-288f0c6e5c99,0,el,1,Asia/Nicosia,,2025-11-17 16:41:20.312479+00:00,
58734ef8-f4b7-4593-88fd-e72a11736ca8,28a83826-6edd-4bb1-941e-256728b587b1,0,el,0,Asia/Nicosia,,2025-11-17 16:41:20.312479+00:00,
3432f14e-746a-4704-834f-83307f51c608,8188ff0e-5e65-4e51-9682-1d14a830638a,0,el,0,Asia/Nicosia,,2025-11-17 16:41:20.312479+00:00,
4148a23f-00d8-4796-89e1-fb2a95fe771f,10b1a394-51c4-4352-abdd-d8f73ae468ce,1,el,1,Asia/Nicosia,,2025-11-17 16:41:20.312479+00:00,
75f0b85a-75bc-4856-9f5d-fff2dc7396d5,6310d858-718b-4f43-abcf-711682ed4acc,0,el,1,Asia/Nicosia,,2025-11-17 16:41:20.312479+00:00,
f3ec9ab1-c8ab-4d50-945d-42f817720883,f295e3ae-d508-4051-a5a7-920e09cda141,1,el,1,Asia/Nicosia,,2025-11-17 16:41:20.312479+00:00,
6e233af7-b0d5-4ad9-baca-4dbb3b785ee3,dc4eb11e-33ad-486c-88da-a1f631f0e8d0,1,el,1,Asia/Nicosia,,2025-11-17 16:41:20.312479+00:00,
e258a475-7a2e-43ad-8125-9a58e46346af,cc8aef20-6c38-4043-9d38-3aa03c2302bc,1,el,0,Asia/Nicosia,,2025-11-17 16:41:20.312479+00:00,
1e46b04c-f7ee-4de1-bd6c-937980e8f131,f3c03ddc-a124-40f3-b654-365730b0be98,0,el,0,Asia/Nicosia,,2025-11-17 16:41:20.312479+00:00,
9295272f-7220-4487-9ce1-08f9309fcd2a,5dfa5b42-53cb-4576-aba6-63451fcc376f,1,el,1,Asia/Nicosia,,2025-11-17 16:41:20.312479+00:00,
ad0495d1-49d3-43f2-af30-618da5de3461,fee14f21-a679-471c-8c74-50e90d357411,1,el,1,Asia/Nicosia,,2025-11-17 16:41:20.312479+00:00,
543c1335-fad0-46e2-80b0-ce9631a478d7,5cf34060-0755-41c9-a260-68b19ef075d3,1,el,1,Asia/Nicosia,,2025-11-17 16:41:20.312479+00:00,
6e6cbd01-f170-417b-98d6-e1b3b0cd86e9,a1e41dc4-4c62-48d9-a30a-83ea07c88cd3,0,el,0,Asia/Nicosia,,2025-11-17 16:41:20.312479+00:00,
211b18f3-d395-4de5-91bc-91da1bda0594,498c954f-34b1-4590-8f62-2b41d46c58ae,0,el,1,Asia/Nicosia,,2025-11-17 16:41:20.312479+00:00,
f63e26a2-7655-47df-9103-16a7a813a716,dcdbc87f-c75a-4e70-9663-5f0be2acb954,0,el,1,Asia/Nicosia,,2025-11-17 16:41:20.312479+00:00,
1361cc6d-2d79-40d4-b842-ff47e0f0d455,1d48f730-26de-4664-b806-0f0c6190101a,1,el,1,Asia/Nicosia,,2025-11-17 16:41:20.312479+00:00,
7df2662e-2a90-4a8a-8c7b-d8efe25f81d4,277e22cf-ba7b-4fd4-8ab2-b3f6ba4627ad,0,el,0,Asia/Nicosia,,2025-11-17 16:41:20.312479+00:00,
43eee6ae-1fe6-4ca6-92db-19020881f084,c0e89938-bd31-4203-9441-8e17215cb7b7,0,el,1,Asia/Nicosia,,2025-11-17 16:41:20.312479+00:00,
5509f026-1cb8-4c1b-b9b9-59861f5a23ad,72dda4e1-334f-45e6-b44c-a8d7a9fa82ba,1,el,0,Asia/Nicosia,,2025-11-17 16:41:20.312479+00:00,
ef19041e-5d32-48d8-937e-e3d635baf143,5ebc6f20-2e7f-453b-906a-c36183ea1d7f,0,el,0,Asia/Nicosia,,2025-11-17 16:41:20.312479+00:00,
f307f028-ff1f-47c4-ae19-1966fd5184f2,56dad6cf-f4c4-4ec8-98b4-4a5b96c498c5,0,el,1,Asia/Nicosia,,2025-11-17 16:41:20.312479+00:00,
4842a5d2-bc7b-443d-acf5-4d9ad5e94081,fc3da037-9a34-4c0d-86b0-80e1d75105e2,0,el,1,Asia/Nicosia,,2025-11-17 16:41:20.312479+00:00,
3f157137-0a91-42d8-9b42-a329e632968f,d94e85fa-01de-483e-a8dd-ef12fde9930a,0,el,0,Asia/Nicosia,,2025-11-17 16:41:20.312479+00:00,
767dd3ab-20e9-4bad-bbe0-6ff4c5d530d9,f75ca8c4-5e1b-4e8e-b14b-41bdb885b8fd,0,el,1,Asia/Nicosia,,2025-11-17 16:41:20.312479+00:00,
a7d566b3-58c9-4099-90cd-57c361484b46,7420135a-b0c3-4a92-8edf-1088a379f3d3,0,el,1,Asia/Nicosia,,2025-11-17 16:41:20.312479+00:00,
e26b4dfa-88c2-4cc2-b307-4d0e18ebb006,f000b18c-ebc7-47ad-8b8f-142abb2b0ef8,1,el,1,Asia/Nicosia,,2025-11-17 16:41:20.312479+00:00,
198b513a-04a2-4ba3-8323-ba0d0d2c3440,368ebc30-f97b-4190-a78a-c730804fe053,0,el,1,Asia/Nicosia,,2025-11-17 16:41:20.312479+00:00,
f8438239-3474-4800-8d48-74331802bce0,f6176506-49b2-4cdd-8be9-30b8c10be06d,0,el,0,Asia/Nicosia,,2025-11-17 16:41:20.312479+00:00,
bb55cb73-6c67-4feb-9649-086271d34a3a,caf88929-78c2-4184-9794-c2bddafa5e37,1,el,1,Asia/Nicosia,,2025-11-17 16:41:20.312479+00:00,
83830010-0b3c-4eeb-9a8b-4abc90acfc3e,b325622d-d9d8-4567-8dea-87cac0709d9b,1,el,0,Asia/Nicosia,,2025-11-17 16:41:20.312479+00:00,
acca07c3-faa7-4f1e-8252-cecd2ba1741b,8c77863c-0b7e-4a85-8118-d451fac7f6c6,1,el,1,Asia/Nicosia,,2025-11-17 16:41:20.312479+00:00,
8e2c6c0a-755e-4218-8d39-25318c228c06,ce0c4d72-5579-4e65-bf8f-4628fb6104b3,0,el,0,Asia/Nicosia,,2025-11-17 16:41:20.312479+00:00,
dcf1c417-a2fc-44cc-9c5a-feab37dd6271,d44e4a05-f2a1-4fc9-a28b-7d1047b7590e,0,el,0,Asia/Nicosia,,2025-11-17 16:41:20.312479+00:00,
3c2480ea-a701-41a1-b53a-e7903f07f3cb,629d447b-88b0-4678-a292-d42920f2a8cd,1,el,1,Asia/Nicosia,,2025-11-17 16:41:20.312479+00:00,
5f291a2e-3bdf-42d9-98a3-e274b3bb1057,fdbe2dcc-0517-49e6-8375-fd3fecc86123,1,el,1,Asia/Nicosia,,2025-11-17 16:41:20.312479+00:00,
c4e69365-cca4-4ef6-b5cf-e31661320c85,f7c30e13-a47a-47a0-87c6-e3ac4b843458,0,el,1,Asia/Nicosia,,2025-11-17 16:41:20.312479+00:00,
bc16bc75-a02d-44c6-97b2-99be7b77285f,898f6bf6-9f48-4eb5-a936-4243eee79631,1,el,0,Asia/Nicosia,,2025-11-17 16:41:20.312479+00:00,
c258f3f6-6a04-457a-9844-15929eb39f7f,41bce02a-fce4-41fd-8269-18c6c838fe06,1,el,1,Asia/Nicosia,,2025-11-17 16:41:20.312479+00:00,
81310dc2-4b33-46e8-8a43-057af084c9de,04f0a3b2-37a7-45a2-aceb-ea09a877622a,0,el,0,Asia/Nicosia,,2025-11-17 16:41:20.312479+00:00,
ae56b4c3-d64b-4fe7-a8a8-1f8219777aed,8245e0ca-610f-4e27-ae7e-d15f997e6792,0,el,0,Asia/Nicosia,,2025-11-17 16:41:20.312479+00:00,
c1bf5acc-75de-4c00-88be-00494d884638,fa682041-abd5-4bd9-9063-5024a736d32b,1,el,1,Asia/Nicosia,,2025-11-17 16:41:20.312479+00:00,
40b3e2f4-abd9-4bd1-86f7-2f43776d7d50,1fca50bd-c1fa-4202-87d6-4fa3a945ca63,0,el,0,Asia/Nicosia,,2025-11-17 16:41:20.312479+00:00,
ff3e89ec-c421-46b0-b535-07db4d8cb27a,65f48b3f-958d-45f7-9a12-a1d300eb61e2,1,el,0,Asia/Nicosia,,2025-11-17 16:41:20.312479+00:00,
adbea546-754e-43f8-bcae-0c13a042d4f8,a206164d-4c90-4d0f-94c2-5cfcbbe7decc,0,el,0,Asia/Nicosia,,2025-11-17 16:41:20.312479+00:00,
6ef4b40c-2ae0-4e94-a2d6-b1ed51b34e89,7c989f22-bb79-4e43-abd6-ea813ad38d0c,1,el,1,Asia/Nicosia,,2025-11-17 16:41:20.312479+00:00,
f2970428-0b98-4eef-9092-d69280d5a724,cd3de0bd-746d-4452-8967-21aac038d974,1,el,1,Asia/Nicosia,,2025-11-17 16:41:20.312479+00:00,
5a84dd13-7f41-4058-8f48-3a7cfb59bee1,406e1da9-14b6-4d2e-9f35-f51c5b3bc813,0,el,0,Asia/Nicosia,,2025-11-17 16:41:20.312479+00:00,
c5c955a3-7e3c-4491-80d3-806a6d2d3a1a,d0a206ed-b912-4b50-9b56-d72af515f6bf,1,el,0,Asia/Nicosia,,2025-11-17 16:41:20.312479+00:00,
73c9d1c3-8237-441d-be01-23c578a90a6e,b0da2162-e40d-42ec-b124-ff205e6bf1c0,0,el,1,Asia/Nicosia,,2025-11-17 16:41:20.312479+00:00,
05e0da21-f0c4-4a15-aa0f-cfc91ec0b9e2,e37a9c28-52b2-45d2-bd98-5c688c13dbd2,0,el,1,Asia/Nicosia,,2025-11-17 16:41:20.312479+00:00,
93563f35-802b-4134-ac00-3646e5ac9591,c106b8a5-cfec-422b-9cca-cc5897df9b5e,1,el,1,Asia/Nicosia,,2025-11-17 16:41:20.312479+00:00,
8cda093a-e80a-47d4-8bc3-615641ee7b20,027dec07-09cb-44cc-a882-025d160cabbf,1,el,1,Asia/Nicosia,,2025-11-17 16:41:20.312479+00:00,
adb834b5-dc5e-4b7b-bec1-1b6591833db1,e911dc05-d026-4eab-8c5e-f07ab59429e1,0,el,1,Asia/Nicosia,,2025-11-17 16:41:20.312479+00:00,
d49cf7a9-6cb7-415d-807b-6fff99465c3f,78d59ce9-467e-49b5-b8f9-e062ae8f6cc3,1,el,0,Asia/Nicosia,,2025-11-17 16:41:20.312479+00:00,
54b48e72-6cc6-4dce-bc1a-51cfc7d67200,f5614b9a-d70d-413c-ac71-ad0a48790ead,0,el,0,Asia/Nicosia,,2025-11-17 16:41:20.312479+00:00,
a4814b88-0888-4040-8b34-4df963b66ab4,4d99c6dd-4369-42ac-ac7a-4840ede5c74c,1,el,1,Asia/Nicosia,,2025-11-17 16:41:20.312479+00:00,
4beed472-189d-409c-8ed1-14d07078886a,8d3f0de7-ee2b-47c4-ab66-6cc93d9a4d9b,0,el,0,Asia/Nicosia,,2025-11-17 16:41:20.312479+00:00,
bed53d6e-f57e-4899-8ca9-0fdf1eed8ba5,11370d4a-884d-4100-8544-0ab62a5116c7,0,el,0,Asia/Nicosia,,2025-11-17 16:41:20.312479+00:00,
2e74b7de-c51f-44f4-8df7-9bbb9650aae6,95b568a0-7a5e-4389-a380-e7a0d44fa56a,1,el,0,Asia/Nicosia,,2025-11-17 16:41:20.312479+00:00,
5ce9e487-8518-4ece-bfd5-7b36be83c4fe,56e7be2f-2a3b-45d6-9786-90fb4989edbd,1,el,1,Asia/Nicosia,,2025-11-17 16:41:20.312479+00:00,
d6c301b1-fdc2-4a58-baea-e217f695dacb,cb4b805c-4742-4fdf-8cd4-c534971f085f,0,el,0,Asia/Nicosia,,2025-11-17 16:41:20.312479+00:00,
0a734059-547b-4fb2-86c3-94566f08c6ef,5c7ebedd-1e7f-423b-92d4-f733d86334d6,1,el,1,Asia/Nicosia,,2025-11-17 16:41:20.312479+00:00,
9b38582d-b882-4192-a86d-c18ccecf0afd,41d4aa63-9d1f-4246-9a72-07651aadb1d0,0,el,1,Asia/Nicosia,,2025-11-17 16:41:20.312479+00:00,
65136fe4-c1d1-4e46-87c5-fb7b1d108bc1,60816241-57a0-41b2-b89f-d800067f61b7,1,el,1,Asia/Nicosia,,2025-11-17 16:41:20.312479+00:00,
a0aea52e-7fcf-4dfc-9161-7cd96b1b0245,a18fc633-5fad-44f8-8c4f-aea2238a284e,1,el,1,Asia/Nicosia,,2025-11-17 16:41:20.312479+00:00,
6ba8780e-e550-4d4d-bc6c-04cd7c6b3bbd,ac0bc609-5629-4050-af9a-e4add99d83c6,0,el,1,Asia/Nicosia,,2025-11-17 16:41:20.312479+00:00,
44cd066b-7c9e-4636-b9be-85f56d3eefef,264b648c-9fbe-47f7-9cc0-fce06c9df88b,0,el,1,Asia/Nicosia,,2025-11-17 16:41:20.312479+00:00,
141db62d-c32c-4376-bd8c-ed6d803e5ac4,02655ebd-cd53-4deb-9a4d-9de57066c1d8,1,el,0,Asia/Nicosia,,2025-11-17 16:41:20.312479+00:00,
5309ea85-5a21-4bb0-af01-20f7dd63a925,aa9c855d-23a5-44e5-b150-002daf92c49e,0,el,1,Asia/Nicosia,,2025-11-17 16:41:20.312479+00:00,
23f9244e-6451-4cc8-813f-22bc0f7fda5d,e3a0b645-feab-4b8e-a602-917cfe058dc4,1,el,1,Asia/Nicosia,,2025-11-17 16:41:20.312479+00:00,
6d7760ce-5d49-4ada-a72c-ade94dc76426,8f0b7e36-c0c0-4409-a13d-05de1c7dc148,1,el,1,Asia/Nicosia,,2025-11-17 16:41:20.312479+00:00,
ce26e9ef-764f-444b-adb1-8e31c99cf4c1,bc001f6d-56c7-48cd-a381-a1fd6d524271,1,el,0,Asia/Nicosia,,2025-11-17 16:41:20.312479+00:00,
c059a2c6-282b-47f5-8ff6-011db38d7107,4453d578-784d-4960-9aa4-43ef07203be3,1,el,1,Asia/Nicosia,,2025-11-17 16:41:20.312479+00:00,
7e3d06b9-a952-432c-aa3d-b8c2a3c65602,43d5b622-d6bb-471a-9e3c-cbf829373133,0,el,1,Asia/Nicosia,,2025-11-17 16:41:20.312479+00:00,
a57ceccc-5b2b-4a0e-96fd-85636c6147d2,b2e8cf3a-7a36-47e2-810d-a02f9811a2d7,1,el,0,Asia/Nicosia,,2025-11-17 16:41:20.312479+00:00,
2a8f069c-e64b-4c82-92a7-0cf1b9d934c0,cb166e4d-8ca7-4eb2-97ec-12ce420ff3ab,0,el,0,Asia/Nicosia,,2025-11-17 16:41:20.312479+00:00,
710a24a1-6d70-4db1-95a1-302d77c98f15,5ea53f13-cc14-44cb-9d61-7ad7e041ed0a,0,el,1,Asia/Nicosia,,2025-11-17 16:41:20.312479+00:00,
c29369ff-076b-458b-8172-a0805ae64333,e58248e2-7fe9-4686-9c6f-7533b2d02244,0,el,1,Asia/Nicosia,,2025-11-17 16:41:20.312479+00:00,
764f7768-5fb0-46ee-b07f-e7b70b40e372,6e5f8639-d73f-413b-a3f9-7f31048dc4b1,0,el,0,Asia/Nicosia,,2025-11-17 16:41:20.312479+00:00,
f92ee8c0-2e76-44d0-b25d-5f80811e438f,ad7dc327-e3b5-47cf-bb8a-add42b3cc003,1,el,1,Asia/Nicosia,,2025-11-17 16:41:20.312479+00:00,
b72401e2-2a16-417b-99c9-a9ef0b6478ee,70ca4536-af2b-4298-b997-386bb339ec7e,1,el,1,Asia/Nicosia,,2025-11-17 16:41:20.312479+00:00,
7c73f716-5a9d-40f8-9bfd-eeba72ccfecb,8870b0b7-ba15-4c36-af2b-82f4a158dc23,0,el,1,Asia/Nicosia,,2025-11-17 16:41:20.312479+00:00,
569cf69e-ce8a-4bc8-8354-b4cd3577416d,607d9a4b-f746-46d3-b208-38175156dfba,1,el,1,Asia/Nicosia,,2025-11-17 16:41:20.312479+00:00,
5d5ad407-13e2-4abb-9e85-14044a13d856,88fc974a-a45f-45fa-9be4-b0ea535dd153,1,el,0,Asia/Nicosia,,2025-11-17 16:41:20.312479+00:00,
b38f4c08-8b2b-4504-92a6-3b5e824182f9,9ba5d915-76f0-4d91-acd8-257fcb3c8427,0,el,0,Asia/Nicosia,,2025-11-17 16:41:20.312479+00:00,
775e06d4-7b65-402e-aebf-07cfe9412f66,afdb7a45-9760-4f1e-a232-22174105bf6d,1,el,0,Asia/Nicosia,,2025-11-17 16:41:20.312479+00:00,
31c252f7-f8d1-46fa-9be7-3c5cad0f6477,2fc1c9e0-870c-41a7-a531-35b2abb63393,1,el,1,Asia/Nicosia,,2025-11-17 16:41:20.312479+00:00,
af30b57a-26ee-4378-aae8-f70f8e3f1fa6,bfcb55f6-452d-41a4-bc78-a23eb816e461,0,el,0,Asia/Nicosia,,2025-11-17 16:41:20.312479+00:00,
75fdc909-31be-4583-ab23-60df9a555b57,880c3734-6fab-409b-8391-a02ae574fd9f,1,el,1,Asia/Nicosia,,2025-11-17 16:41:20.312479+00:00,
9d908fb7-4028-470c-a79d-66e61895b49b,1456c4b0-16f7-431b-8089-e29e711f9bac,0,el,0,Asia/Nicosia,,2025-11-17 16:41:20.312479+00:00,
0356acac-9cde-42f9-9b1b-4ec7357c43c8,55c1e041-8fe0-40c4-9e1a-a7b283fd867d,1,el,0,Asia/Nicosia,,2025-11-17 16:41:20.312479+00:00,
0bf3bea5-44f9-4cc9-912b-f1917f6262d0,68bf9b42-0510-4f74-bcc8-4649e60d833e,1,el,1,Asia/Nicosia,,2025-11-17 16:41:20.312479+00:00,
c900aedd-8219-4892-bc5b-ae4a4ace1249,2efe2775-a1f2-4c27-bacd-65a66651c822,1,el,0,Asia/Nicosia,,2025-11-17 16:41:20.312479+00:00,
101bd4d0-e1b7-4159-afa7-90ac19f75d49,a34d9428-6bf9-4429-bc2a-6e057e31d515,0,el,0,Asia/Nicosia,,2025-11-17 16:41:20.312479+00:00,
fd9b3d55-d821-4186-b68e-1d0f23f52693,d39d57b0-04e9-400c-8e80-336261650459,1,el,0,Asia/Nicosia,,2025-11-17 16:41:20.312479+00:00,
30ca0b50-9863-4d61-bc4a-f05cd902e325,6b94e3d5-8951-442d-a560-151bf68d28ac,0,el,1,Asia/Nicosia,,2025-11-17 16:41:20.312479+00:00,
826104fd-9fcc-4839-83f6-7fbe5febf723,b793e2d2-239d-4667-8eea-bb6ea56cafd6,0,el,1,Asia/Nicosia,,2025-11-17 16:41:20.312479+00:00,
629116c7-7015-43b0-8230-7307e9ecce29,38a9c503-65d8-4e74-8331-0b057d79bd86,0,el,1,Asia/Nicosia,,2025-11-17 16:41:20.312479+00:00,
e979ee16-0074-4b46-9f9b-78dfd36df832,6a7d8150-d4e8-4b84-aae4-b5107c319952,1,el,1,Asia/Nicosia,,2025-11-17 16:41:20.312479+00:00,
04628ea5-afe8-4d4f-b333-2debf95d818c,aae0c847-7b16-4042-8c9e-2d0956f3dd64,0,el,1,Asia/Nicosia,,2025-11-17 16:41:20.312479+00:00,
68d86136-3dd1-48d6-9ddd-c1b61f60e23b,102a5575-fd51-4032-b730-3a5a5bb033be,1,el,1,Asia/Nicosia,,2025-11-17 16:41:20.312479+00:00,
3f195b74-0bce-4dc9-8e3c-44c0a774604d,3d0d84fa-f361-4661-9740-653fb90b018f,0,el,0,Asia/Nicosia,,2025-11-17 16:41:20.312479+00:00,
73588e22-3a7b-4ffd-9bdb-89824d105bde,3215abbc-a66f-4eb7-abba-a4c0a3589c1e,0,el,0,Asia/Nicosia,,2025-11-17 16:41:20.312479+00:00,
759da336-f569-4812-bfed-354557fcf6e9,37d48476-1181-4ef3-80bb-88b4bda8369c,0,el,1,Asia/Nicosia,,2025-11-17 16:41:20.312479+00:00,
747fa103-2dff-44fd-8b47-9153ab4eb4d2,ed5d54ad-9316-4615-b72a-56cba338409d,0,el,1,Asia/Nicosia,,2025-11-17 16:41:20.312479+00:00,
49c49cc5-7e1f-4440-83ab-0a651bff1eed,f9c23933-f913-46f6-abdb-155eca4b2526,1,el,1,Asia/Nicosia,,2025-11-17 16:41:20.312479+00:00,
24cdf6e1-43aa-47b5-b725-f1a105c7650a,40a732f0-1b43-4891-b2d3-dac27482110b,0,el,0,Asia/Nicosia,,2025-11-17 16:41:20.312479+00:00,
cc905bc6-0437-47a0-b3ce-e81a5fd6c015,f3a0ecee-fc31-4d61-9080-40d18e02680f,1,el,1,Asia/Nicosia,,2025-11-17 16:41:20.312479+00:00,
222480e9-3b11-425e-bff6-f889e633524e,478ac624-f3be-44b5-ae02-baebcd73a5f1,0,el,0,Asia/Nicosia,,2025-11-17 16:41:20.312479+00:00,
2a1256c0-286d-4edf-8e6f-e4fdbddbcf48,09737df7-c3ca-4015-b175-848c9c099227,1,el,0,Asia/Nicosia,,2025-11-17 16:41:20.312479+00:00,
52a98ba0-19e4-45dc-a239-2d2160b992d7,a1cdeea1-0578-43f5-a035-b059ac18379d,0,el,1,Asia/Nicosia,,2025-11-17 16:41:20.312479+00:00,
732981ee-5e0a-4eae-a975-f080300358d0,339e366a-b540-4613-809d-da41e9863ab4,0,el,0,Asia/Nicosia,,2025-11-17 16:41:20.312479+00:00,
d13374c3-6470-49a8-9a0b-bb97aca5a7f9,89d12087-7f15-41da-abdc-a4c883ce0035,1,el,1,Asia/Nicosia,,2025-11-17 16:41:20.312479+00:00,
f6d99fd1-e215-4f85-a89e-b7842988c345,051c025a-4cbc-4fb2-bdef-bf70dc31c5fa,1,el,0,Asia/Nicosia,,2025-11-17 16:41:20.312479+00:00,
54f65c78-caf3-4a19-84a9-2089bd23284a,5d6ee6e2-d64c-4340-864d-e16dd22a8622,1,el,1,Asia/Nicosia,,2025-11-17 16:41:20.312479+00:00,
529ff70f-163b-4b36-86d2-39fbbb45e35a,343ea262-561e-45bf-a782-7b281a1a0dad,1,el,0,Asia/Nicosia,,2025-11-17 16:41:20.312479+00:00,
3bed884e-8652-41bb-9a3e-e489d07196ee,95766a87-4e00-4403-95ba-c43218e23ac9,1,el,1,Asia/Nicosia,,2025-11-17 16:41:20.312479+00:00,
e976c2b3-318a-4cec-8e13-7d17687e0dc7,d3a2bc08-0459-4c23-a671-d4f70c28408e,0,el,0,Asia/Nicosia,,2025-11-17 16:41:20.312479+00:00,
0f911b0d-cc36-4c6d-a887-23cf75b222d0,2207178c-836a-41d1-8360-afc3a479a07a,0,el,0,Asia/Nicosia,,2025-11-17 16:41:20.312479+00:00,
1009cb86-82b2-49ef-be82-347f354aaa9c,fba82a42-af1c-49e1-9e8f-5138e3dde133,0,el,0,Asia/Nicosia,,2025-11-17 16:41:20.312479+00:00,
bd337f6a-6d22-4e5c-a94d-9bc94db93a6e,f1080994-bb4d-4262-8717-febd45f855af,0,el,0,Asia/Nicosia,,2025-11-17 16:41:20.312479+00:00,
c0bcc5ca-777f-4ec0-a0fa-ad9d4b0046e3,277fd5a5-c322-4c1b-8ea1-9d8d1c57e72d,1,el,1,Asia/Nicosia,,2025-11-17 16:41:20.312479+00:00,
883fa071-da2b-47f8-b660-91fbed0f239f,3c2a3512-ab67-48f9-9050-fee0722d6ce8,0,el,0,Asia/Nicosia,,2025-11-17 16:41:20.312479+00:00,
067fe3b1-8adc-42b8-9a05-763e8e64443f,3b72b56a-2b26-461a-9f2f-1ecdd2912738,0,el,0,Asia/Nicosia,,2025-11-17 16:41:20.312479+00:00,
934b5f7e-ba80-4c9d-bace-b9114a456d67,29da5be4-bc7f-47b6-9163-1e9ab2332f4d,0,el,0,Asia/Nicosia,,2025-11-17 16:41:20.312479+00:00,
ba32e809-3683-41bd-ab3d-991844a5629b,64c7b604-1e65-4751-95f2-ccac2e26d770,0,el,0,Asia/Nicosia,,2025-11-17 16:41:20.312479+00:00,
cdd5168a-4790-4e70-90af-eb704267118c,214778df-47c1-469a-a733-f64436db0dfe,0,el,0,Asia/Nicosia,,2025-11-17 16:41:20.312479+00:00,
cf7ae472-684d-4048-a794-f357030143bd,baa58930-feab-496a-b2b5-0cced54e0d2b,1,el,0,Asia/Nicosia,,2025-11-17 16:41:20.312479+00:00,
c8df73a5-598f-4808-9599-63e2eb127d7b,d4b6b504-2a48-4829-b4a1-fe78996f3384,1,el,1,Asia/Nicosia,,2025-11-17 16:41:20.312479+00:00,
99451565-e375-4e15-9f4e-19e4c53b0ba3,b63b8c1b-6cf4-427c-8f44-6c45ecf81e9d,1,el,0,Asia/Nicosia,,2025-11-17 16:41:20.312479+00:00,
c67cfbe3-db5a-450f-af30-2b795cdacf35,acbed8a9-5ca8-4466-9ebf-6e94fa746e77,0,el,0,Asia/Nicosia,,2025-11-17 16:41:20.312479+00:00,
405da1c8-6fc0-4bdf-9188-14ef4613f066,5dafd30c-20f1-48d6-860c-72ddf4f2b8f7,0,el,1,Asia/Nicosia,,2025-11-17 16:41:20.312479+00:00,
35356017-4950-40bd-9d55-af85c332f1e4,e65fe9c8-8c2d-489c-b982-0ea0c4c7df4e,0,el,0,Asia/Nicosia,,2025-11-17 16:41:20.312479+00:00,
16635342-5cc4-4391-857c-347bf7027c5a,0a56f9f7-6359-4a3c-a691-e1dc52ec2fa0,1,el,0,Asia/Nicosia,,2025-11-17 16:41:20.312479+00:00,
d65dbb56-ee5a-4201-8535-ea211e4d0f1a,3128be59-8d39-4fc3-bed3-c32983596124,1,el,1,Asia/Nicosia,,2025-11-17 16:41:20.312479+00:00,
3333fed1-678a-44cb-a956-8e0d0ee8fd13,c5040c56-6a4e-4d99-93a7-d4158b443505,1,el,0,Asia/Nicosia,,2025-11-17 16:41:20.312479+00:00,
1b7bc06c-9b20-437a-a2aa-da87bdb57cdd,e8b005c9-30e8-4365-8d8b-ccde546dd699,0,el,0,Asia/Nicosia,,2025-11-17 16:41:20.312479+00:00,
ef9ae169-329f-4bfd-81b3-ab2425109013,2eeb1d50-ec93-472d-8c8a-9633f0d45b18,1,el,0,Asia/Nicosia,,2025-11-17 16:41:20.312479+00:00,
8b068e37-f5a6-44d7-b90c-ca756fb47c98,31a8a535-1d4e-4ffa-b558-26c65d305819,0,el,1,Asia/Nicosia,,2025-11-17 16:41:20.312479+00:00,
fe27c065-68ed-4be0-bcb6-baaa0a7c2fb5,83b8a88a-4170-4b46-9327-de5afd15e036,0,el,0,Asia/Nicosia,,2025-11-17 16:41:20.312479+00:00,
8c4171b2-b314-42c0-85ad-9f134959a2d6,b0f8b8bd-9856-496f-8f58-326466236f1d,1,el,0,Asia/Nicosia,,2025-11-17 16:41:20.312479+00:00,
8a9cf714-bfd1-4a6b-b582-4b935e86c958,88f17a90-7aa7-4d84-9880-44411bf23548,0,el,0,Asia/Nicosia,,2025-11-17 16:41:20.312479+00:00,
ed5e5311-8a5a-4daf-8fe5-e5fdabadbb44,ebce681e-508c-4f66-ba46-b4b569d70118,0,el,1,Asia/Nicosia,,2025-11-17 16:41:20.312479+00:00,
65346418-e64e-497d-b313-499f434f7b10,4664a92a-7efd-4fea-8d66-9331fcca6ccc,0,el,1,Asia/Nicosia,,2025-11-17 16:41:20.312479+00:00,
9cd74e23-ace2-4a1a-b0e9-769fb84c4783,28049392-84c6-4841-95b1-6b1806b6250d,0,el,1,Asia/Nicosia,,2025-11-17 16:41:20.312479+00:00,
7554d3c5-b5e1-4735-960e-c9214eec34be,e8a3f258-9e98-4ab9-ad25-2de721c8f355,1,el,1,Asia/Nicosia,,2025-11-17 16:41:20.312479+00:00,
526eaf9b-2355-4a55-8d91-d54eddbda66c,89e075a6-9359-4834-905d-2d37cdf7780d,0,el,1,Asia/Nicosia,,2025-11-17 16:41:20.312479+00:00,
f809e67a-d9d1-4306-9d06-c4d4d67147b8,db962d6f-67bd-4500-b349-623dba97da02,0,el,0,Asia/Nicosia,,2025-11-17 16:41:20.312479+00:00,
7aa5da01-375a-43be-9bd8-78a39b0277e9,28499dea-88fb-4060-bc89-80c396a3c5b0,1,el,0,Asia/Nicosia,,2025-11-17 16:41:20.312479+00:00,
7cdabf29-aed7-494e-a37e-b36d5d2b12c0,95a06429-ca25-4ee6-9120-c1420de2ec1b,1,el,1,Asia/Nicosia,,2025-11-17 16:41:20.312479+00:00,
3a2b3403-9d9f-4b2d-a8f9-3fa875b720fc,0e8a116d-aff4-4308-b212-cd70dc71ced3,1,el,1,Asia/Nicosia,,2025-11-17 16:41:20.312479+00:00,
a5945c3d-2125-4a74-bb36-fc55afe80b32,55fa4c6d-4d78-4604-ae5e-fc811c57c5a1,0,el,1,Asia/Nicosia,,2025-11-17 16:41:20.312479+00:00,
c1ac0fde-d885-4bad-9f8e-405c5bd910aa,90efba58-5f9e-4507-a901-11a57203952f,0,el,0,Asia/Nicosia,,2025-11-17 16:41:20.312479+00:00,
608a3c59-854f-41fc-b215-aacac26b853b,0d23ae78-52cb-48ab-a692-d2c63caa2aab,0,el,1,Asia/Nicosia,,2025-11-17 16:41:20.312479+00:00,
f97c40f3-2703-4262-b778-d2bffe0b3561,415d5823-81ac-4931-a5f8-1be5ccebc36e,0,el,0,Asia/Nicosia,,2025-11-17 16:41:20.312479+00:00,
e937aa79-7fa5-41f0-9155-5997b1c661f2,1c14aa6f-7360-4a33-9e85-6f3c285a6ed9,0,el,0,Asia/Nicosia,,2025-11-17 16:41:20.312479+00:00,
b4a6a0cf-5d7e-4b30-aca1-3940bae35307,3753a3ce-ebf7-4996-9170-50bc2d07aac6,0,el,0,Asia/Nicosia,,2025-11-17 16:41:20.312479+00:00,
a651e440-6d9d-44d3-9f98-28f5f740e191,0e5cb252-da91-4829-852d-802408b96bd8,1,el,0,Asia/Nicosia,,2025-11-17 16:41:20.312479+00:00,
bbb5038e-8581-4c0d-bafe-d5fe16741569,58117595-ed62-41d3-ab5a-cc21f9cf1316,0,el,0,Asia/Nicosia,,2025-11-17 16:41:20.312479+00:00,
158cc1fc-90c5-4203-b77f-75ef6006e50e,0d0ff009-6e0e-42e8-a53b-eced4b00a950,1,el,0,Asia/Nicosia,,2025-11-17 16:41:20.312479+00:00,
f7267961-b066-4e7c-8f0a-36f7de8247fb,fe88365b-f9d0-4f14-9081-98c698dffbd2,1,el,0,Asia/Nicosia,,2025-11-17 16:41:20.312479+00:00,
ab77be24-cfe4-45c8-9645-06a85bc8f4b6,a5dcbc28-c827-477a-ad5c-c4226a8af7e4,0,el,0,Asia/Nicosia,,2025-11-17 16:41:20.312479+00:00,
124708a6-1457-4d8d-a1c3-0df4c8ca1e7e,52dfb2d9-18a3-476e-94f6-8ac7bce18b5f,1,el,0,Asia/Nicosia,,2025-11-17 16:41:20.312479+00:00,
4d0c1280-b8b3-4bdb-8619-447e135fd203,8beb71c5-654a-4056-95a1-210ba438a8fa,1,el,0,Asia/Nicosia,,2025-11-17 16:41:20.312479+00:00,
5ea079c6-602c-4646-9a18-732eb2f0da99,0b5b27ca-7360-45a7-a3d7-0ca7cf9f543c,0,el,1,Asia/Nicosia,,2025-11-17 16:41:20.312479+00:00,
fd71fee5-1e11-4ed6-929b-65cfc57ba989,6cda1244-9871-4a66-aabf-f31e7eab362b,0,el,0,Asia/Nicosia,,2025-11-17 16:41:20.312479+00:00,
08754578-dee3-42dc-8ef7-7bea7e1b1532,a4f44b30-df12-46a9-911c-8e72ab84ec93,1,el,1,Asia/Nicosia,,2025-11-17 16:41:20.312479+00:00,
30e26ac9-b7b0-4043-aa75-79df00f74350,6eb62b66-6975-4b5b-84dc-04c7e48fdffa,0,el,0,Asia/Nicosia,,2025-11-17 16:41:20.312479+00:00,
654bf49a-6e83-40fe-b924-b8e61294bd54,f2c4fe04-66b2-4a95-ae7b-1a1a8dbd1958,1,el,1,Asia/Nicosia,,2025-11-17 16:41:20.312479+00:00,
37e0470d-aea9-4d29-a3cf-2e8ae3278d95,9607114d-b7ac-44d3-a3f3-c81468ccd7c0,0,el,1,Asia/Nicosia,,2025-11-17 16:41:20.312479+00:00,
68f8786b-6777-4fa7-ad41-78c9ff2504fb,16e809c7-9012-46be-93ba-1732e0176a44,0,el,0,Asia/Nicosia,,2025-11-17 16:41:20.312479+00:00,
ef8e4be8-6088-43f8-ac3c-507c17297efe,4176d0e2-bb6a-4b87-ab12-1a3f207fa442,1,el,0,Asia/Nicosia,,2025-11-17 16:41:20.312479+00:00,
d3454281-7e89-45aa-b59c-48d392f7db1f,a8994c66-3051-4b5c-b692-f983cfd9feb1,0,el,1,Asia/Nicosia,,2025-11-17 16:41:20.312479+00:00,
e256047d-98e3-4eab-8d14-cddd7d0bd72d,22fa5936-b4b0-4213-a8fc-9b00f0a849e6,1,el,1,Asia/Nicosia,,2025-11-17 16:41:20.312479+00:00,
00438c03-878e-48c2-8258-c5e51370b2a2,0f33a857-8cfa-4e88-a0e9-45f2e1c40e89,0,el,1,Asia/Nicosia,,2025-11-17 16:41:20.312479+00:00,
e17b7f0e-30e1-48a6-a5d8-e8db1c084074,c1c420dc-c479-44e5-9e81-82c06fb5efeb,0,el,1,Asia/Nicosia,,2025-11-17 16:41:20.312479+00:00,
980b02b4-7813-4362-8767-30e1a3a3be10,ea4c5f7a-3df6-43d6-977e-4cd65317f5c9,0,el,1,Asia/Nicosia,,2025-11-17 16:41:20.312479+00:00,
56a39b5d-6613-4fe9-acd5-504475396105,0705b9c3-0eb1-4260-8063-fbc1af82095f,0,el,1,Asia/Nicosia,,2025-11-17 16:41:20.312479+00:00,
e54c02de-306d-474f-9e2c-8c139671337b,fe42c11b-80f2-473a-805f-f59bed6c7efb,1,el,0,Asia/Nicosia,,2025-11-17 16:41:20.312479+00:00,
05a9b5e2-c592-443e-9664-860c895f91b4,7f8b3064-8559-49d4-8a1b-a39d2eb1c3ed,0,el,1,Asia/Nicosia,,2025-11-17 16:41:20.312479+00:00,
1a6aa586-d825-43b3-b619-0922774b2147,af358b9b-a5f4-4ff0-b0ef-d7fc3e34085c,0,el,0,Asia/Nicosia,,2025-11-17 16:41:20.312479+00:00,
590630e2-77f4-4bfc-9124-ab21d2d729b8,e98139d1-495f-4458-8576-10b3de675f4d,0,el,1,Asia/Nicosia,,2025-11-17 16:41:20.312479+00:00,
9e9ca25e-548a-4197-b190-18642b28e12f,b9cd99e7-2fbd-4515-9af5-13198495d7fb,0,el,0,Asia/Nicosia,,2025-11-17 16:41:20.312479+00:00,
6c5137aa-139a-4582-bd41-571f8ef6805d,bd665654-0e4c-4a87-83aa-3bcde9274569,1,el,1,Asia/Nicosia,,2025-11-17 16:41:20.312479+00:00,
231afeb1-339f-47b7-a3d5-aa75910f7707,4c5eba75-fa0c-4b65-b514-6b31b4461ec6,0,el,1,Asia/Nicosia,,2025-11-17 16:41:20.312479+00:00,
8de67e52-cae2-4e04-b093-1bfcbc7ca800,d5b1e73d-9749-4de7-b5ef-3edf5a5d45e7,1,el,0,Asia/Nicosia,,2025-11-17 16:41:20.312479+00:00,
05bcc137-9298-42ae-b4c4-3ce0a313f183,01a9a738-beb2-4576-945b-3c1a8b9721f5,1,el,0,Asia/Nicosia,,2025-11-17 16:41:20.312479+00:00,
3b5d6460-cb24-43a8-9754-529146301d1e,b084f52e-1f03-48d0-bfae-f8bf034b4eed,0,el,0,Asia/Nicosia,,2025-11-17 16:41:20.312479+00:00,
96cd03a3-aa8c-436a-b432-5d2cd7b23621,716d7875-bcc5-4f88-b65d-b78d6e88523b,1,el,1,Asia/Nicosia,,2025-11-17 16:41:20.312479+00:00,
67225427-c070-4340-ae0e-7a4d7597f1ff,475007e4-770c-4460-8074-365efde88ea8,0,el,1,Asia/Nicosia,,2025-11-17 16:41:20.312479+00:00,
ea8317cc-b493-4511-8bdf-a96e2dd8c53d,13d683e4-39b9-4dad-b2b1-0a77f1c441c0,0,el,1,Asia/Nicosia,,2025-11-17 16:41:20.312479+00:00,
7f2f24cf-adef-4295-b658-b2f3e0b02343,5345c66b-9cab-4cd7-9c91-5df499a5657a,0,el,1,Asia/Nicosia,,2025-11-17 16:41:20.312479+00:00,
caa8c402-dbd8-4b22-b762-ec6a5b112af4,c11a31c0-72ae-455e-86b7-d633e92ecb59,1,el,1,Asia/Nicosia,,2025-11-17 16:41:20.312479+00:00,
957a3f2f-b9cd-4a30-a725-3ce0c84a967c,31a05d23-35b3-475f-a4da-475030a4b363,1,el,0,Asia/Nicosia,,2025-11-17 16:41:20.312479+00:00,
2139fe9f-72d9-46b0-925e-d2123cdefea6,16626336-5804-4206-98b5-ecf3d8f8a48c,0,el,1,Asia/Nicosia,,2025-11-17 16:41:20.312479+00:00,
9f1b47a9-7e6c-458c-b12f-e3f5fa1ec52f,28052cac-6689-431c-a84e-6c5f84fe997c,0,el,0,Asia/Nicosia,,2025-11-17 16:41:20.312479+00:00,
929787f3-ebf0-46b8-9d97-caf9bede2376,f7050cd3-6ff6-4567-b1a4-cb65c0f52919,1,el,0,Asia/Nicosia,,2025-11-17 16:41:20.312479+00:00,
1aed8b63-f2a8-45bf-a2bb-84e6eba5aae8,6ea51c62-c512-4553-a3e3-6608ac1e7162,1,el,1,Asia/Nicosia,,2025-11-17 16:41:20.312479+00:00,
f66242cc-4c46-46ff-94e0-26120eaa5b36,171a945b-d072-4c93-8d44-b2746e87dac9,1,el,1,Asia/Nicosia,,2025-11-17 16:41:20.312479+00:00,
97f85706-d206-4e72-b625-66acb873c1b9,e1bc7097-56ee-4436-8e25-9bfe17f52c6f,1,el,0,Asia/Nicosia,,2025-11-17 16:41:20.312479+00:00,
8499cbf8-8e70-4fda-81cf-e2ee794c289f,ef8debe9-563a-4c3b-9217-90c0fb7d8071,0,el,1,Asia/Nicosia,,2025-11-17 16:41:20.312479+00:00,
dbe8151d-547d-4091-bc1f-c6a0b052fc0f,4953b6e7-9e88-4664-b930-c7307598385a,0,el,1,Asia/Nicosia,,2025-11-17 16:41:20.312479+00:00,
ee44596f-9c2c-494e-a4a7-305c04a020d6,862e629b-909c-407c-af73-780805211762,1,el,1,Asia/Nicosia,,2025-11-17 16:41:20.312479+00:00,
abf76a15-7954-416d-98f9-9161fe9ae823,79d62223-57bf-4244-b3b0-4c16b329a15d,0,el,0,Asia/Nicosia,,2025-11-17 16:41:20.312479+00:00,
034475e7-97cf-4498-b803-08a5dbacb282,181b80e1-1af1-4062-b582-a645ad72ba11,0,el,0,Asia/Nicosia,,2025-11-17 16:41:20.312479+00:00,
5dff83d0-2ffe-4044-ba66-b7f3f02b13d4,bfc0d3dd-99c8-435b-8f70-7adc5ec7fbd9,0,el,1,Asia/Nicosia,,2025-11-17 16:41:20.312479+00:00,
aa1e4543-1c76-4c5c-8b53-aef9f556e8af,e5ab5a03-106d-4a57-a182-d7f97e45c45a,1,el,1,Asia/Nicosia,,2025-11-17 16:41:20.312479+00:00,
082d3ae8-23c5-4300-8ef9-38c86b134d78,18ec77be-6e8f-4fc4-b4ca-0a0c8640dac6,1,el,0,Asia/Nicosia,,2025-11-17 16:41:20.312479+00:00,
cdf51ae7-39a2-4fbd-adb8-8500ee78a42d,c247b3d0-be68-4395-a6d5-4bc050498949,1,el,0,Asia/Nicosia,,2025-11-17 16:41:20.312479+00:00,
1e8a7137-f12d-409e-b229-6e3272636bee,2c615516-594c-4254-944d-e49dc189056d,0,el,0,Asia/Nicosia,,2025-11-17 16:41:20.312479+00:00,
0aee3f52-dd36-4b85-83e4-e7949d31cd42,f64d776c-69f5-4e26-9df0-fdb833b5d0d5,1,el,0,Asia/Nicosia,,2025-11-17 16:41:20.312479+00:00,
c5aa99b1-8ed0-4654-9ef5-3455627047c0,d4f80aba-e2ac-4bee-8c3c-f419a9db2999,1,el,1,Asia/Nicosia,,2025-11-17 16:41:20.312479+00:00,
8310b933-d60e-4553-a827-cf6dcc9c5066,db257049-c73d-4166-9ae8-a98a41d4f77d,1,el,1,Asia/Nicosia,,2025-11-17 16:41:20.312479+00:00,
a3fbbca3-ad8d-40da-b8f1-08bdc7ea04bf,bfcecf98-7d3c-4140-937d-35b14c076b58,0,el,1,Asia/Nicosia,,2025-11-17 16:41:20.312479+00:00,
b3a47d8f-4cb4-4152-a906-239c18bdafc1,ad76c811-073b-4424-ad9b-2d573880c6cd,1,el,0,Asia/Nicosia,,2025-11-17 16:41:20.312479+00:00,
1bbdfa4e-19ea-4765-a042-08fab78e27fb,4b0c0b5c-17ee-4235-be46-c56b6ddf417b,0,el,1,Asia/Nicosia,,2025-11-17 16:41:20.312479+00:00,
4e5cdae5-dab3-4a5e-8c54-f485b69f00c4,fe49eeec-1d6a-4b62-81f0-f8eedcefe5bb,1,el,1,Asia/Nicosia,,2025-11-17 16:41:20.312479+00:00,
a5969bb6-efea-4ace-9899-370b94994197,d6a19863-02c4-42c2-93e1-755603da199c,0,el,1,Asia/Nicosia,,2025-11-17 16:41:20.312479+00:00,
b968e573-0e67-4455-ba8a-b1983cf2a760,aa46338c-7555-4272-b1fc-6508b4646f1e,0,el,0,Asia/Nicosia,,2025-11-17 16:41:20.312479+00:00,
3853eb1d-7e25-48a5-b164-8dfd1cd0b43a,728f5fa5-6728-4b0a-9bd2-b09a515abab6,0,el,1,Asia/Nicosia,,2025-11-17 16:41:20.312479+00:00,
498de23c-b377-45cf-8a50-53b78655e69d,40c35386-4798-4596-908d-499eaae2f130,0,el,1,Asia/Nicosia,,2025-11-17 16:41:20.312479+00:00,
39d92bd3-625c-453a-8fb1-0856a5fc7074,8b6677d6-9ec3-4c38-bf20-65bd19766023,1,el,0,Asia/Nicosia,,2025-11-17 16:41:20.312479+00:00,
e1c69aec-b4b4-4e93-a1cb-aa4e67f38636,9324e013-bc84-4036-aeca-332f9dc77f49,1,el,0,Asia/Nicosia,,2025-11-17 16:41:20.312479+00:00,
f2ffa20c-b8e7-44a0-9aed-c1e5072a71bb,daab4fb9-c8e3-498c-a4f5-8f044591ea2b,0,el,1,Asia/Nicosia,,2025-11-17 16:41:20.312479+00:00,
e9ca37bb-7d89-46bc-998d-7f7be2fdbd1e,a0cf6780-5745-4c4f-8a6a-da30304a14b6,1,el,0,Asia/Nicosia,,2025-11-17 16:41:20.312479+00:00,
d89d8102-6a4e-400f-abe4-c977e5a34658,81781a71-6ac9-4637-8aa2-2552f2ac3848,1,el,1,Asia/Nicosia,,2025-11-17 16:41:20.312479+00:00,
16c0b2ce-cf64-415a-a417-aee5f9c25dc1,3d0475eb-d087-48fa-9f4d-132997774469,0,el,1,Asia/Nicosia,,2025-11-17 16:41:20.312479+00:00,
33e90a1b-d39d-41a2-87db-b82e9b05e564,3aba90ab-e645-4847-b472-363f1fb5c718,1,el,0,Asia/Nicosia,,2025-11-17 16:41:20.312479+00:00,
935a94d3-b486-4f07-982f-d31322256397,9a6bed0b-cf66-4876-9e24-577bdc92fe22,0,el,1,Asia/Nicosia,,2025-11-17 16:41:20.312479+00:00,
975d84b3-e917-4f95-8302-153a5da577b9,a3049851-1279-49f4-a6c5-ab532ef8183a,0,el,1,Asia/Nicosia,,2025-11-17 16:41:20.312479+00:00,
a47cc5d1-3c00-49fa-8f16-51632a0f0353,1c2849ea-344a-4edf-9731-886d6098af03,1,el,1,Asia/Nicosia,,2025-11-17 16:41:20.312479+00:00,
f6097629-9d76-4b0d-98de-aed1615a8a21,6a0e7a74-1e91-4bbe-9d58-d887d9b63438,1,el,1,Asia/Nicosia,,2025-11-17 16:41:20.312479+00:00,
000e8683-2a60-45c2-828b-e29fa2ede80f,ee6739b4-2cb2-4e51-b2e3-1faede8597e5,0,el,0,Asia/Nicosia,,2025-11-17 16:41:20.312479+00:00,
41ab19ee-a7f8-49ff-8a60-f137e475373b,e0faf597-14af-4f30-be83-da26f9fd7a02,1,el,0,Asia/Nicosia,,2025-11-17 16:41:20.312479+00:00,
44c3a6e8-3132-48f9-bdc0-23a11675a438,883ec77e-05d2-4a67-bba0-59866bb2629c,0,el,1,Asia/Nicosia,,2025-11-17 16:41:20.312479+00:00,
0813dff0-c8e0-4f50-93e3-55a27d352de6,0811e17b-c592-4aee-984f-a7f63acd5c01,0,el,0,Asia/Nicosia,,2025-11-17 16:41:20.312479+00:00,
88a1d217-5342-4345-bd13-9e5e3d8a0839,0f828c45-b057-4c13-8451-b06c3d7e76c4,0,el,1,Asia/Nicosia,,2025-11-17 16:41:20.312479+00:00,
9274d012-daf7-4677-9e80-fc7ed3fb0e45,aea6bc51-e2f6-431b-a6a1-97830f4a3f99,0,el,1,Asia/Nicosia,,2025-11-17 16:41:20.312479+00:00,
29aeb07c-1cc2-46c1-a8f1-084a808aae00,3ef22ca7-0a41-4262-9397-bfaf23f4cfb4,1,el,1,Asia/Nicosia,,2025-11-17 16:41:20.312479+00:00,
3f2f01ff-6399-42f0-9baa-31e9a86176dd,34e57667-4638-43b8-936d-e7dd4a47e2a1,0,el,1,Asia/Nicosia,,2025-11-17 16:41:20.312479+00:00,
a9fed72a-d95d-4d34-a023-9461f78fdc68,1fedf68e-13c3-4ef0-a225-1ae0634dfbd0,1,el,0,Asia/Nicosia,,2025-11-17 16:41:20.312479+00:00,
a38accc6-7008-44ad-b039-de66b9df9c5b,b2835a12-8fff-4d8b-8d5f-cd69470e95bd,1,el,0,Asia/Nicosia,,2025-11-17 16:41:20.312479+00:00,
29c5b648-7ddb-4c33-b1d6-7c15a33cb761,e3d43a2d-c739-4ab1-9484-f2e1603a3f3e,1,el,1,Asia/Nicosia,,2025-11-17 16:41:20.312479+00:00,
f0d9f508-30fb-479e-a160-89ff54a31bcd,b2e20024-972a-44a2-82a4-851ed4e2b084,0,el,1,Asia/Nicosia,,2025-11-17 16:41:20.312479+00:00,
0bdc144b-d360-4472-8e2f-9b42907cacc9,5713773e-28e0-4288-9d01-557c7721a11b,0,el,0,Asia/Nicosia,,2025-11-17 16:41:20.312479+00:00,
631633a0-4ff0-4176-af40-c0bfceb625dd,7098570b-068b-4a8f-8850-7ca4d8ed2998,1,el,1,Asia/Nicosia,,2025-11-17 16:41:20.312479+00:00,
99abf497-2c5d-4401-a48b-7067aafe7e18,36d157ac-c8af-4b67-8eed-de3ce26cc758,1,el,0,Asia/Nicosia,,2025-11-17 16:41:20.312479+00:00,
29ac4462-063d-4862-a1d3-fe56fa68eaad,1be61b13-5892-4bfb-9763-1409c9d77374,0,el,0,Asia/Nicosia,,2025-11-17 16:41:20.312479+00:00,
6bcca59b-6ad4-4c69-84ef-88e0a5fe8b67,9c5ee7ed-3d56-40b1-bb4e-acd8cef720d8,1,el,0,Asia/Nicosia,,2025-11-17 16:41:20.312479+00:00,
1d81a4d2-ea14-4f07-a984-e865b70ad77e,d0b40786-e380-4eaa-9c6e-dd533ddba864,1,el,0,Asia/Nicosia,,2025-11-17 16:41:20.312479+00:00,
dc9ef6aa-da5c-47a1-9532-619ac02b330b,7f3a6901-7c29-4ca7-b534-1ba33bbe970b,0,el,0,Asia/Nicosia,,2025-11-17 16:41:20.312479+00:00,
fbf252e0-779d-47ef-836d-acff2115d5dd,e7a999ea-dbc8-41f8-bb07-27999e116649,0,el,0,Asia/Nicosia,,2025-11-17 16:41:20.312479+00:00,
b7e33a62-2258-4e19-b21d-303a7f12f603,621fc067-ecd2-4c72-ac82-e13279e26c08,0,el,0,Asia/Nicosia,,2025-11-17 16:41:20.312479+00:00,
a08064ba-165c-4526-b916-51c619cfa100,4736c915-0667-4ee0-8f28-ecb8361df051,1,el,0,Asia/Nicosia,,2025-11-17 16:41:20.312479+00:00,
53510e4f-1958-4d08-86d7-160bc805269d,d6b5070b-4fbf-4c99-bb43-0db680a12cb3,1,el,0,Asia/Nicosia,,2025-11-17 16:41:20.312479+00:00,
94f4d4d9-ce6d-499d-a993-e195d31a261d,e30bc981-f8b0-47fa-aaf5-c71035e6274d,1,el,0,Asia/Nicosia,,2025-11-17 16:41:20.312479+00:00,
71661aea-c99e-42a6-8208-b4f68a882e4a,4e8aa575-bb6c-4feb-904d-16300ed5ee9f,1,el,0,Asia/Nicosia,,2025-11-17 16:41:20.312479+00:00,
39366c8b-c382-4172-9686-fe2c5c309ef0,026d3e14-ade1-4371-b4f9-cd77f3e7122f,1,el,0,Asia/Nicosia,,2025-11-17 16:41:20.312479+00:00,
8b038e98-c9ae-4dea-86c7-c0031c95fde5,c1b7d7ef-05a3-4c6e-9a71-c71a09335e79,0,el,1,Asia/Nicosia,,2025-11-17 16:41:20.312479+00:00,
c35801fa-58e9-4722-b35f-83180451195b,a85a71b9-71d3-4fd6-9fc2-50aba1db81d1,1,el,1,Asia/Nicosia,,2025-11-17 16:41:20.312479+00:00,
48c68d1b-abd3-49b0-92ce-5cd98188fd09,79aef2f4-85a8-4152-90f6-803d5565ac2a,1,el,1,Asia/Nicosia,,2025-11-17 16:41:20.312479+00:00,
038f8f99-94c3-431c-b750-f7ca2ea50531,46eeba93-0860-4eff-8514-a7156ad9d96f,0,el,0,Asia/Nicosia,,2025-11-17 16:41:20.312479+00:00,
61bea001-7460-473a-8070-d4b168b8206c,b5e6da07-7bbd-47b7-a5cd-dcfe092607e7,1,el,0,Asia/Nicosia,,2025-11-17 16:41:20.312479+00:00,
bce7952e-be66-45a6-8698-2ded30e966a4,b0bb1f18-1781-41ed-9d60-ad37db84edc5,0,el,0,Asia/Nicosia,,2025-11-17 16:41:20.312479+00:00,
514b111a-23e2-4d8f-ae06-b317685c50f7,1121e76a-7251-4260-ae90-fc526aac9726,1,el,0,Asia/Nicosia,,2025-11-17 16:41:20.312479+00:00,
99bf89d6-ce10-410f-9a51-532f31a4bfdb,049834b6-0e7e-4d27-9cc5-96ab97146123,0,el,1,Asia/Nicosia,,2025-11-17 16:41:20.312479+00:00,
54d23500-98be-481b-a974-d6a513fa2c43,09cd15bb-ed17-4a1b-9d99-378f601dc7e6,0,el,0,Asia/Nicosia,,2025-11-17 16:41:20.312479+00:00,
fd86881d-5bc5-493d-a4b3-7d0073285a8c,34adf716-29f9-47f1-8cad-6177f9205177,0,el,0,Asia/Nicosia,,2025-11-17 16:41:20.312479+00:00,
504741c4-2ee9-4c20-b114-7e98863172b2,19417ccd-fb88-4b76-9a95-2aed378da0b9,1,el,0,Asia/Nicosia,,2025-11-17 16:41:20.312479+00:00,
263a2db9-2624-4405-8dd0-91075bc5f419,b35f0960-d562-4caf-91de-ccfda57196a5,0,el,1,Asia/Nicosia,,2025-11-17 16:41:20.312479+00:00,
a62d11e8-69a0-4674-8981-2b842853352c,e8909f22-0ffb-41b5-9f50-0f7c6dc9674c,0,el,0,Asia/Nicosia,,2025-11-17 16:41:20.312479+00:00,
16416e82-a86c-498a-a05d-ed48d6d6e157,b5b560e1-2acf-4cc3-92f2-13d21aed32d9,0,el,0,Asia/Nicosia,,2025-11-17 16:41:20.312479+00:00,
1c124e98-fabd-4b4e-800a-b667d60d67ae,3148e518-c206-46e7-a9cb-41e0176cfbbb,1,el,1,Asia/Nicosia,,2025-11-17 16:41:20.312479+00:00,
3f5eef07-ccc0-47df-9679-f661d159e8e2,cf271996-25c8-446e-978e-384010e7b11b,0,el,0,Asia/Nicosia,,2025-11-17 16:41:20.312479+00:00,
e6f59336-9ea7-41de-9f0f-5b5c925c02d4,d171dbdf-1373-4a15-a417-edc3d1fc25aa,1,el,1,Asia/Nicosia,,2025-11-17 16:41:20.312479+00:00,
257b9054-c264-44b7-b7b2-b6ac719e0d47,0b1f4e60-6d77-4d81-890b-b13552742620,0,el,0,Asia/Nicosia,,2025-11-17 16:41:20.312479+00:00,
d96481c4-66d4-4a9d-a329-b8401e5094ec,27d6c981-da30-4c38-8b6b-70772cbc4504,1,el,0,Asia/Nicosia,,2025-11-17 16:41:20.312479+00:00,
2d8d9d72-02b4-4a1a-b40e-e4cd26675977,903acf58-3ef4-4da4-967e-eebf3d97474c,0,el,1,Asia/Nicosia,,2025-11-17 16:41:20.312479+00:00,
d72f3b97-c7a4-4ebf-9d7e-0784dc074a3e,bb340735-8dc1-4f88-889b-4707ba027d39,1,el,1,Asia/Nicosia,,2025-11-17 16:41:20.312479+00:00,
6de9b9b8-0655-4f04-a0c7-bbceb551a3fe,253f2165-7e7b-4006-a362-63b26171fda7,1,el,0,Asia/Nicosia,,2025-11-17 16:41:20.312479+00:00,
8b542278-1783-4305-a6d6-7b49873813bc,53862aae-84bf-45b1-a18d-176d495a9dc5,0,el,1,Asia/Nicosia,,2025-11-17 16:41:20.312479+00:00,
50265efa-2165-492e-9894-f797a96bb20c,59934df8-6105-44c0-92ff-d6f9cd28dc7b,0,el,0,Asia/Nicosia,,2025-11-17 16:41:20.312479+00:00,
fe49a835-2a58-4838-ba26-ebe17a03bec0,a48cc45b-8962-4e4c-a9df-5965dcd911fe,0,el,0,Asia/Nicosia,,2025-11-17 16:41:20.312479+00:00,
8fe98aa1-6651-4592-8316-7f29f40caf73,932cee44-3202-4360-8c00-b12a3398edd1,1,el,0,Asia/Nicosia,,2025-11-17 16:41:20.312479+00:00,
7def8185-56ad-4be2-82f5-5abfd4b501de,7e0166e5-af8f-4d53-b5fe-f125088a2c91,0,el,0,Asia/Nicosia,,2025-11-17 16:41:20.312479+00:00,
4c93cb57-90d7-455a-9bf5-1ca7e4752028,cc6e19e8-2f69-4352-bbcb-a14611022ce0,0,el,1,Asia/Nicosia,,2025-11-17 16:41:20.312479+00:00,
a1e5a519-abf6-4787-8ac8-0806cd51b151,c2730770-3bde-422c-8796-46eab0d02740,1,el,1,Asia/Nicosia,,2025-11-17 16:41:20.312479+00:00,
9f1ecd51-1a5e-4867-966b-d23c51fd62f1,76b94f61-e0a6-47ef-b101-5c695741446d,1,el,1,Asia/Nicosia,,2025-11-17 16:41:20.312479+00:00,
0af021c4-e6b2-4919-9f82-769c8e90a66a,28154045-a66d-47b0-b350-c19cacac8c9b,1,el,0,Asia/Nicosia,,2025-11-17 16:41:20.312479+00:00,
f53473a5-4708-4591-a1a2-94bd83ba87c4,df8a61b7-621f-43a7-b83d-b8d8a0b313a9,0,el,1,Asia/Nicosia,,2025-11-17 16:41:20.312479+00:00,
2c3f72fd-e01c-41d9-bc29-15ece62f01a2,150a55fe-3566-433f-8f17-6ee0822b5af1,1,el,0,Asia/Nicosia,,2025-11-17 16:41:20.312479+00:00,
a5e305e0-28ba-46cc-ae50-ec20d5aec3c6,40732ebc-d2c5-4aad-9e72-a1b98f95a755,0,el,1,Asia/Nicosia,,2025-11-17 16:41:20.312479+00:00,
c6286695-7097-4878-86f4-62a537a7b018,03db1ffb-dc6c-472a-9664-294be1b3c30f,0,el,0,Asia/Nicosia,,2025-11-17 16:41:20.312479+00:00,
9c543b81-0ae1-4cd1-9a20-468431ee709a,a235b120-a431-4cff-b976-1b89aa5023b1,0,el,0,Asia/Nicosia,,2025-11-17 16:41:20.312479+00:00,
df3a2327-a038-44fc-ae03-7320e44a390c,0d41a900-eb02-4d93-95ea-15fd06f1d226,1,el,0,Asia/Nicosia,,2025-11-17 16:41:20.312479+00:00,
5ff344df-7ebc-4e3e-b218-a9300232643e,a1d2334d-d66f-442b-a3ae-89198538738c,1,el,1,Asia/Nicosia,,2025-11-17 16:41:20.312479+00:00,
53390bd0-b3b0-4e94-903b-5817bad9889c,30b06f9f-7601-4caf-a71a-514e202a1a18,1,el,1,Asia/Nicosia,,2025-11-17 16:41:20.312479+00:00,
b2993893-aad0-4cca-b33c-cc981b31aa4c,fa0d32cb-8470-429b-bbcd-41c4efcbfde2,1,el,0,Asia/Nicosia,,2025-11-17 16:41:20.312479+00:00,
ef435c2b-a149-46ae-bad1-532066ff31f1,329227a2-cd4f-497a-9e94-1f15aa03b463,1,el,1,Asia/Nicosia,,2025-11-17 16:41:20.312479+00:00,
b01de0d6-f898-4fc8-9ca3-45da58e5f865,295669d2-32c7-4038-be8a-8120dedbc170,1,el,0,Asia/Nicosia,,2025-11-17 16:41:20.312479+00:00,
7b5e835e-b80f-40b4-8b0f-843a0c5fc3fd,847f56c4-6733-48bf-a7e7-8f4d76190541,1,el,1,Asia/Nicosia,,2025-11-17 16:41:20.312479+00:00,
7665f6b1-3ae4-4bb0-bcc1-5068c11da867,675eef03-7ba2-4fbc-a2f1-97491edbf89d,1,el,0,Asia/Nicosia,,2025-11-17 16:41:20.312479+00:00,
806da88b-cc50-4585-8d9f-491d71d202b4,1e4ed556-bc74-4741-af91-628e5bf76937,1,el,1,Asia/Nicosia,,2025-11-17 16:41:20.312479+00:00,
a95eb621-00a8-43fe-939d-c3fbbe9c19ff,e1d51988-8bcd-4c46-abb3-cc75cd5f5ade,1,el,1,Asia/Nicosia,,2025-11-17 16:41:20.312479+00:00,
692a9e02-d111-4436-bbf3-46466d45f3fd,f15bde05-0dfa-42ed-be16-42fa18ea4231,1,el,0,Asia/Nicosia,,2025-11-17 16:41:20.312479+00:00,
fcfc012f-65ec-4838-a688-7ac696e2219a,420ae0cc-da78-4e31-94f0-40154c796ceb,1,el,1,Asia/Nicosia,,2025-11-17 16:41:20.312479+00:00,
175fe075-ef30-4107-88c8-8c5d95317ae2,4f07fa45-a23e-405a-9e85-a4766cb5b93b,0,el,0,Asia/Nicosia,,2025-11-17 16:41:20.312479+00:00,
fd8f9c7d-4972-4727-87a1-edb6623048f2,b00bc6be-3b9d-4e8a-90d9-3801950b44cd,0,el,0,Asia/Nicosia,,2025-11-17 16:41:20.312479+00:00,
23861009-5af5-4086-ae9a-28668ec835d6,71e2068a-48a8-4765-a3fc-3c249cd07819,1,el,0,Asia/Nicosia,,2025-11-17 16:41:20.312479+00:00,
2c28772e-f29e-4095-a24a-f0ba8a6dc7f0,c602f810-5f0c-4aaa-8958-b9d361e84bbd,1,el,0,Asia/Nicosia,,2025-11-17 16:41:20.312479+00:00,
be0e21af-fbb7-47d4-a172-484cdc4ead71,9a95df22-4f66-4428-a96c-34a01063274b,1,el,0,Asia/Nicosia,,2025-11-17 16:41:20.312479+00:00,
63ebc4fb-c1af-459a-8f12-7a4e687ad57b,ea08139f-3db2-4544-ab05-9f3d51d4a970,0,el,1,Asia/Nicosia,,2025-11-17 16:41:20.312479+00:00,
a3eeec2f-be03-4865-a1d8-8f4b678a89b5,ffc2c710-bf02-41d5-8886-7301eb19d1b6,1,el,0,Asia/Nicosia,,2025-11-17 16:41:20.312479+00:00,
f862363f-309a-450b-bee0-aaad37e76117,228832ba-3c0c-4360-a77b-64c2eb3e7b5b,1,el,0,Asia/Nicosia,,2025-11-17 16:41:20.312479+00:00,
39c38bf8-1e04-4825-abd5-b40326863835,a2b7d900-4683-4d66-8453-1951d09cabc3,1,el,0,Asia/Nicosia,,2025-11-17 16:41:20.312479+00:00,
1ecc1652-fbbb-429f-9dc1-e854fca501b9,e50320e6-ba9f-4679-a22a-10236058e680,1,el,0,Asia/Nicosia,,2025-11-17 16:41:20.312479+00:00,
97779328-f65e-4fef-a5b4-486f5416687c,7a8a2f62-6c94-42ca-ac5a-1c1ad5cedb25,1,el,0,Asia/Nicosia,,2025-11-17 16:41:20.312479+00:00,
cdc616aa-8839-4267-b6dc-265cebb030ec,a9e61e35-36b8-4981-80e9-e9b1d62dd578,0,el,1,Asia/Nicosia,,2025-11-17 16:41:20.312479+00:00,
75e09f13-9cb9-4704-b6f9-aee5e04dbfd9,4ac3bf97-d253-44be-9b12-65d1b1f87934,1,el,1,Asia/Nicosia,,2025-11-17 16:41:20.312479+00:00,
144a0535-8a10-4991-9ed0-a01271cababe,196e16a7-10db-4043-9aae-9fe516944968,0,el,0,Asia/Nicosia,,2025-11-17 16:41:20.312479+00:00,
b4b86d78-48e1-4c73-b998-c3c4f405e880,8c051ee0-79e4-4838-b0d4-e25cac92981b,0,el,0,Asia/Nicosia,,2025-11-17 16:41:20.312479+00:00,
2e6f4da1-bb49-45fa-8730-43ebe4bbc851,50a79c5a-664a-4af1-bfa4-04aecba26225,1,el,0,Asia/Nicosia,,2025-11-17 16:41:20.312479+00:00,
734a361f-9aea-46ca-a5da-64c767d8111f,68560dcf-2e11-4326-bd53-62edca9aba96,1,el,1,Asia/Nicosia,,2025-11-17 16:41:20.312479+00:00,
54e2989c-52a4-4e58-a00d-191a93a2c5ce,bd0fa069-b3c9-421f-bfe7-795f29264e25,1,el,0,Asia/Nicosia,,2025-11-17 16:41:20.312479+00:00,
b6baccfb-f943-477a-bb5f-6bf9a8c60d21,e4feae68-2286-4a6b-9630-8875ae2e1501,0,el,0,Asia/Nicosia,,2025-11-17 16:41:20.312479+00:00,
e7bde430-4693-41e0-859e-6a793eb15f68,9d3fc817-46b5-46ee-9929-32540765f38c,1,el,0,Asia/Nicosia,,2025-11-17 16:41:20.312479+00:00,
70244c0c-7961-4bec-a74d-37de87fca884,9572309c-e6a7-4ed7-8d31-1915f1867334,1,el,1,Asia/Nicosia,,2025-11-17 16:41:20.312479+00:00,
624890e2-f55d-4e16-805d-fd7b6082b319,8fed9e85-7abb-4e98-a0b9-a99c8cde2d7d,1,el,0,Asia/Nicosia,,2025-11-17 16:41:20.312479+00:00,
680a18a2-0dfa-4021-99fa-4916818c7bf7,b330b804-e572-4297-9ab3-f73a6541443b,0,el,0,Asia/Nicosia,,2025-11-17 16:41:20.312479+00:00,
c92ec75e-78e4-44ed-ae88-6f14a77d7781,26492d18-bd79-4602-aff4-0914009ad85a,0,el,0,Asia/Nicosia,,2025-11-17 16:41:20.312479+00:00,
310f1ba1-49f5-4b51-9318-3a119b984832,464ee087-6dda-42a0-a7dc-ce268372666c,0,el,1,Asia/Nicosia,,2025-11-17 16:41:20.312479+00:00,
b5e1ca97-de14-4016-8289-8c2a3af0d2b8,0f235f9d-061a-4a96-9b00-f61959b79a07,0,el,1,Asia/Nicosia,,2025-11-17 16:41:20.312479+00:00,
dcac72d0-9961-4f43-91e2-b9333ecafa1e,ed91ae88-bacd-4c36-9d30-21261819ac3a,1,el,0,Asia/Nicosia,,2025-11-17 16:41:20.312479+00:00,
b1914b25-7d99-49fe-80ab-c87affa48023,2db5967f-cc12-4412-a70c-cbe902c6b6ed,1,el,0,Asia/Nicosia,,2025-11-17 16:41:20.312479+00:00,
9696468d-4cf7-40b2-93be-2df0fd2623ef,637185a6-ae50-436e-b55f-e569ab1a5b0e,1,el,1,Asia/Nicosia,,2025-11-17 16:41:20.312479+00:00,
b6c5f15a-326c-4be8-b6ec-31b9483c416f,26ae663e-e75d-4116-b70e-65665be4c263,1,el,0,Asia/Nicosia,,2025-11-17 16:41:20.312479+00:00,
1c14adb5-b6f2-4ef9-a2b2-44bdc7b5c1eb,35623160-d3c0-4918-8da9-478ff17770fe,0,el,1,Asia/Nicosia,,2025-11-17 16:41:20.312479+00:00,
13fb06d1-bb92-460d-aafd-ce5d9d728c86,1abbb623-dd94-4a90-b0a4-c0d5274b1321,1,el,1,Asia/Nicosia,,2025-11-17 16:41:20.312479+00:00,
0233cff1-b93b-42b6-8250-487d2a8799dd,b158afb8-e092-4ef0-8494-b66c89582628,1,el,1,Asia/Nicosia,,2025-11-17 16:41:20.312479+00:00,
f93aba46-c100-4954-a071-828aae11b115,561e131b-e30b-4089-ab51-5fdddc270301,1,el,1,Asia/Nicosia,,2025-11-17 16:41:20.312479+00:00,
e0a86f92-aa39-48b2-92da-61d63c782afe,93d392a9-62cd-4d53-874d-85440fdd0be8,1,el,1,Asia/Nicosia,,2025-11-17 16:41:20.312479+00:00,
c523c0b0-0b3c-41aa-9b27-1be098d78bb4,cb1cc8f6-ad01-49cb-91d0-c597c3609bad,0,el,0,Asia/Nicosia,,2025-11-17 16:41:20.312479+00:00,
e2bbc81e-2722-4593-bcf7-a9d6031ad874,f3ec7408-061b-4521-bab9-5be4bd49a0cf,1,el,1,Asia/Nicosia,,2025-11-17 16:41:20.312479+00:00,
2938802e-fc96-461f-b363-7f3e4a947137,8410d69d-e367-4cd5-8f3d-0da110fd1efa,1,el,0,Asia/Nicosia,,2025-11-17 16:41:20.312479+00:00,
23d010d7-a22e-4cdf-916a-b9346524a3b9,637c7cdd-11fb-4f71-94a2-5de829d64c8d,0,el,1,Asia/Nicosia,,2025-11-17 16:41:20.312479+00:00,
18b7542c-1ba5-480f-a3ac-34858cdb3793,297e3e1f-b829-4cd1-9875-10a1cd42599e,1,el,1,Asia/Nicosia,,2025-11-17 16:41:20.312479+00:00,
6fc175d7-0ee9-43df-8fe5-294bb63ff20f,c8d5e0ae-6dd6-454c-a4de-5a5585a5ac3f,0,el,1,Asia/Nicosia,,2025-11-17 16:41:20.312479+00:00,
41d3ebc9-d893-4588-8aa6-cddd25492f02,d968114d-2987-4c49-b39b-310bf40420bd,0,el,1,Asia/Nicosia,,2025-11-17 16:41:20.312479+00:00,
7f6ff309-c748-41a1-b3cc-8178f931fb55,33dda9a1-5d82-40df-8594-a930f8b790da,1,el,1,Asia/Nicosia,,2025-11-17 16:41:20.312479+00:00,
7951e69e-bc12-4ef0-ae70-8ee8976369ab,e837a829-7539-4834-8d45-31e119879603,0,el,0,Asia/Nicosia,,2025-11-17 16:41:20.312479+00:00,
df1e5546-3bc3-4b84-aa3c-0523a18added,83968d02-a265-4efa-86e9-ad955f0fdacd,1,el,0,Asia/Nicosia,,2025-11-17 16:41:20.312479+00:00,
72845789-98c6-49f8-af95-6a310ab9edc5,a2b89d85-e309-41ee-93f6-29cf25963b58,1,el,1,Asia/Nicosia,,2025-11-17 16:41:20.312479+00:00,
c2ffb8e5-886c-446b-9a70-8e7c36b0742f,56c3f314-c1cd-4e49-99e0-9970ebe9da9a,0,el,1,Asia/Nicosia,,2025-11-17 16:41:20.312479+00:00,
308e28c6-56d4-4ebd-9ef6-4e3438e0ecb5,5acd2542-f039-4521-9219-3eb2235745c1,1,el,1,Asia/Nicosia,,2025-11-17 16:41:20.312479+00:00,
3fe2e6dc-8c88-469d-beca-d091990695f2,d4c8cc7d-1c05-42f5-b5d2-5d62606b6a21,1,el,1,Asia/Nicosia,,2025-11-17 16:41:20.312479+00:00,
12e32ac3-f3ab-4702-9977-b26c88357cc4,be4db4b7-3f4e-4da2-887c-e9462af1f88b,1,el,0,Asia/Nicosia,,2025-11-17 16:41:20.312479+00:00,
9e8cafb4-526b-4c49-aaec-ebe7d5fd4df6,859edbae-46ab-4fe0-87b1-f33aede9c5b4,1,el,1,Asia/Nicosia,,2025-11-17 16:41:20.312479+00:00,
97ea6e15-371c-4863-ad58-ed795ba0c389,56c4e1b0-29a5-4373-bad6-f1d78355ff24,0,el,1,Asia/Nicosia,,2025-11-17 16:41:20.312479+00:00,
b9ec0251-f3f2-448a-9b79-1009dfa3ca22,1e4a6e25-c572-4b73-9511-d1c470969b82,1,el,1,Asia/Nicosia,,2025-11-17 16:41:20.312479+00:00,
83d85d32-0ef6-4040-ab5c-957562b3fc26,c6f91d1a-cc56-4629-a6c0-5c53f7eb9f77,0,el,1,Asia/Nicosia,,2025-11-17 16:41:20.312479+00:00,
fee76256-5f13-44a7-a4c6-b73564b0deb3,a6352365-74b4-4a0d-a7af-2f4587615613,1,el,0,Asia/Nicosia,,2025-11-17 16:41:20.312479+00:00,
0ef0759c-f7c6-4eda-ae66-9498b111e78d,a33692f5-ee3f-48bb-9e00-37f3433c054a,0,el,0,Asia/Nicosia,,2025-11-17 16:41:20.312479+00:00,
04252c97-5460-4167-bf18-962bcce4dd48,b09810df-0372-46ee-b2eb-1e9aa7cabd88,1,el,1,Asia/Nicosia,,2025-11-17 16:41:20.312479+00:00,
719b4943-0d71-45b5-b436-628c3324f984,831514ef-8a57-4d47-b537-5401aebbe8f1,0,el,0,Asia/Nicosia,,2025-11-17 16:41:20.312479+00:00,
8c894036-6d49-4f32-9b99-d8f6f4b50407,f7add470-cafe-47fe-8229-7c449546b3fb,0,el,0,Asia/Nicosia,,2025-11-17 16:41:20.312479+00:00,
e3ab4c23-322d-49e6-b6ec-be16f05d1d45,674dab33-7768-4ba9-8948-d4edaf23c2ac,0,el,0,Asia/Nicosia,,2025-11-17 16:41:20.312479+00:00,
7ca710d9-99cb-414d-b255-162b95692048,7cdf5902-52a3-4865-96cb-cba3135334d0,0,el,1,Asia/Nicosia,,2025-11-17 16:41:20.312479+00:00,
853afe9b-28be-4117-b89e-f24310df4445,882edf03-e2b2-451b-bc1b-93b947c45708,0,el,1,Asia/Nicosia,,2025-11-17 16:41:20.312479+00:00,
abe9b0d0-a923-4850-8056-4cb1c1d856b7,70b17508-4c65-4394-a5bb-115a2e4fef59,1,el,1,Asia/Nicosia,,2025-11-17 16:41:20.312479+00:00,
a24399c7-40ea-47e4-9f92-0d1bbd012e37,ea8a0c15-89fd-4f33-83c2-e68e3cb3110a,1,el,0,Asia/Nicosia,,2025-11-17 16:41:20.312479+00:00,
0c6cf028-1932-428f-9fad-b9962d1602bd,3c0247ff-1d57-436f-95c6-b3439c69e2be,0,el,1,Asia/Nicosia,,2025-11-17 16:41:20.312479+00:00,
7f1af22b-74a6-44f1-88a9-a734f526efcb,18ed1250-0129-4b43-9a4d-f2d64d7548c9,0,el,1,Asia/Nicosia,,2025-11-17 16:41:20.312479+00:00,
e4ca486f-44f9-434c-95df-4d505ae38ebc,00dcd624-4d42-467d-9350-bec34b36c5da,0,el,1,Asia/Nicosia,,2025-11-17 16:41:20.312479+00:00,
c4bb7b16-c015-4ee5-aafb-85bb646274b4,433e138f-c1ce-4749-8ad9-4be3ff704c88,0,el,1,Asia/Nicosia,,2025-11-17 16:41:20.312479+00:00,
7404884a-52ac-4fa6-851a-3ce141af0e3c,79a3c097-73f5-4e4f-9456-4d99d368a0e8,1,el,1,Asia/Nicosia,,2025-11-17 16:41:20.312479+00:00,
39dd04a1-c949-413d-8214-810c9b44097e,528b71b6-8229-47c5-ba24-340b691c0459,1,el,1,Asia/Nicosia,,2025-11-17 16:41:20.312479+00:00,
cefacc51-7dac-40a7-abae-db91bc8d2c45,dfb5f17c-8c0c-4761-bc42-aa6151d923dc,0,el,1,Asia/Nicosia,,2025-11-17 16:41:20.312479+00:00,
f5b81903-9444-47a2-8ad9-e9c6d2b0b362,d7a31fdb-7594-4777-9aba-a5143e5bdbb9,1,el,1,Asia/Nicosia,,2025-11-17 16:41:20.312479+00:00,
495662b4-ae0a-4eb7-b8ea-38c288c406e9,1d8930f8-2008-42e8-9711-29023eedcabd,1,el,1,Asia/Nicosia,,2025-11-17 16:41:20.312479+00:00,
3603f2f6-93a4-4a50-8f03-176ec7e3cc5f,8fccbe45-ef40-4f4a-9c96-b19c14bb8aa1,0,el,0,Asia/Nicosia,,2025-11-17 16:41:20.312479+00:00,
91a3c30d-db05-4210-981c-e4a49e30b3c1,755c76aa-39f2-4282-9058-d4793a688e69,1,el,0,Asia/Nicosia,,2025-11-17 16:41:20.312479+00:00,
c320d8fb-da12-4e06-a96e-6ab58d5a4683,e4ac8ea0-96fe-4157-945a-2bc725f84bc0,0,el,0,Asia/Nicosia,,2025-11-17 16:41:20.312479+00:00,
b7fd88c2-bfdb-420e-b0cd-e92876c0a47c,39958243-50dd-4cdb-9194-21cf4bd4df9d,0,el,1,Asia/Nicosia,,2025-11-17 16:41:20.312479+00:00,
a504ec40-2380-4e93-afe9-076d4c51b5cd,acf7561a-e379-43d7-b42a-39b6eaec9b72,1,el,1,Asia/Nicosia,,2025-11-17 16:41:20.312479+00:00,
0976ea08-37d9-4228-9634-be4dcf61248f,2214d95e-cefb-43f5-856c-75a4c7acb4ad,1,el,0,Asia/Nicosia,,2025-11-17 16:41:20.312479+00:00,
ff4dcfec-ba19-4f4b-ab61-2a871c6b1ff4,44de7802-5ac5-4c26-ab06-a69574c0ccf6,1,el,0,Asia/Nicosia,,2025-11-17 16:41:20.312479+00:00,
ebc492ef-2257-4ba4-9d56-a760345c0cc7,5a10db44-73cb-41ed-8705-de568b163278,0,el,1,Asia/Nicosia,,2025-11-17 16:41:20.312479+00:00,
295ca868-ff22-469d-8d6c-e88bb09f812f,0031cf89-a343-4dbf-901e-31bf1665c2fb,1,el,1,Asia/Nicosia,,2025-11-17 16:41:20.312479+00:00,
4588ed19-4369-4dc0-946d-4606cb8183d1,3f8eb9d7-e0e3-4f08-b854-422c8c7eec44,0,el,1,Asia/Nicosia,,2025-11-17 16:41:20.312479+00:00,
653bf209-651b-42af-bf00-c29544866be5,43830395-c0d1-49b8-b21b-9ab01ed61378,0,el,1,Asia/Nicosia,,2025-11-17 16:41:20.312479+00:00,
2d85fa33-ac67-41bc-9457-53765fa14799,b50c092a-e607-45fc-b4d8-36628394fcac,0,el,0,Asia/Nicosia,,2025-11-17 16:41:20.312479+00:00,
3478c001-10ea-4f49-a260-77ee1a7ef094,25f3c004-d09d-435c-b083-dcd5786fde70,1,el,0,Asia/Nicosia,,2025-11-17 16:41:20.312479+00:00,
02de0491-012f-4727-902b-28a4f70ea5fd,7b28fdbb-71d7-45e8-8780-79d586b7012c,1,el,0,Asia/Nicosia,,2025-11-17 16:41:20.312479+00:00,
e8b11e31-cafa-4ed1-9cdb-a7d864047d65,8e502c00-be83-42bc-b5ca-5a77d874bf17,1,el,0,Asia/Nicosia,,2025-11-17 16:41:20.312479+00:00,
b160b8d2-eebc-4997-b661-0a2b8d798a70,005ae343-6a0b-4f32-9607-8dd3cce786fe,0,el,1,Asia/Nicosia,,2025-11-17 16:41:20.312479+00:00,
7db515e7-7f12-40ff-9222-51f956227af0,6a96cb04-7d62-4a01-9ace-f8c5df68185f,0,el,1,Asia/Nicosia,,2025-11-17 16:41:20.312479+00:00,
2ae8f1f2-8761-47d2-8c7e-acf4a9f00745,cd79024d-99af-494e-9ead-9bd51958e38b,1,el,0,Asia/Nicosia,,2025-11-17 16:41:20.312479+00:00,
6a8bd2a0-a771-4603-8b07-ecce7aaa02ff,b1bda139-a4de-498f-90fa-4ad8d4eae052,0,el,1,Asia/Nicosia,,2025-11-17 16:41:20.312479+00:00,
c0cfcafa-57a0-4667-9fd6-6821be2012b4,791c6a5a-5dcc-4c11-b117-5e9d9bd7c83b,0,el,0,Asia/Nicosia,,2025-11-17 16:41:20.312479+00:00,
7c557922-0568-4d8d-a965-7d3d4c67c812,b096cb04-8ea7-46c7-8e58-20d0864cfedd,1,el,0,Asia/Nicosia,,2025-11-17 16:41:20.312479+00:00,
3f592b0e-e59e-4f25-bee1-90ea8a12854f,9260a5cf-71b9-42ed-8feb-360aab3bfc65,1,el,1,Asia/Nicosia,,2025-11-17 16:41:20.312479+00:00,
108c59ab-a7a3-43b0-a39f-c8a3d9703548,4b3654bc-b874-447f-b09f-ecc0a8235266,0,el,0,Asia/Nicosia,,2025-11-17 16:41:20.312479+00:00,
addf1862-101e-45f7-992e-a01dbb55ec91,ca9529f9-2b01-4a1a-92ab-c0eb591ff5c8,1,el,0,Asia/Nicosia,,2025-11-17 16:41:20.312479+00:00,
c3156728-f6f3-4304-9da7-193fb2ad0cfc,8cc077ce-a2cd-4d6a-a668-c3141714bc4c,1,el,1,Asia/Nicosia,,2025-11-17 16:41:20.312479+00:00,
09b4450e-a61e-4f57-a9ca-9d7332196cfe,03171bb8-b775-4460-bfd6-f08598117f66,0,el,0,Asia/Nicosia,,2025-11-17 16:41:20.312479+00:00,
200a5f8d-b678-4de3-ba95-82a3edbe66a3,681993c7-fdfa-42fb-9037-16d2261ea473,0,el,1,Asia/Nicosia,,2025-11-17 16:41:20.312479+00:00,
36b00bce-19b0-47e8-b2b8-9da8b535025e,dd223c6a-221f-46b7-9104-136d721ec3ff,1,el,0,Asia/Nicosia,,2025-11-17 16:41:20.312479+00:00,
f8c688be-98c6-4b23-bbb4-15c0a4f7153b,7ef773d9-ab25-4c9f-90b5-c098057ad166,0,el,0,Asia/Nicosia,,2025-11-17 16:41:20.312479+00:00,
5c2d3c1b-6c27-41c3-b168-b69261c75a37,68733804-8e63-4ed6-a292-fd3da3ee59f0,1,el,1,Asia/Nicosia,,2025-11-17 16:41:20.312479+00:00,
ab59b78f-de74-4cf3-a31a-e7777c2ef380,63dee147-71b5-42d2-bebd-d91fc11645f0,0,el,0,Asia/Nicosia,,2025-11-17 16:41:20.312479+00:00,
ce48a112-6ed3-41d7-b9b9-2d7e72d6569f,6061d1c8-e562-4c46-bb21-f6b11c64f6b6,0,el,0,Asia/Nicosia,,2025-11-17 16:41:20.312479+00:00,
627aa783-7e31-4bd7-9d60-827a8ef1a835,dc3e4fb8-e24b-4a84-ae1f-c6dfe4d10b3d,0,el,1,Asia/Nicosia,,2025-11-17 16:41:20.312479+00:00,
5a98c6e5-b3df-4fe8-820b-67be82850ca0,73ffe347-255a-4c27-980c-aaca6ab137c6,1,el,1,Asia/Nicosia,,2025-11-17 16:41:20.312479+00:00,
658b8eff-284e-44d1-b9ee-260ce9d98542,81f7e7f4-b6c9-4ea5-b9ce-58bc6ffd2c0b,1,el,0,Asia/Nicosia,,2025-11-17 16:41:20.312479+00:00,
1ff866c3-b9f6-4000-8a49-d6846bf1b07a,c35c7214-3b13-4a1a-9307-b85018d4f8bf,0,el,0,Asia/Nicosia,,2025-11-17 16:41:20.312479+00:00,
48ca5293-dcfc-4b0e-8537-220795c98b7a,25b5c080-1b8c-45cb-a5c8-dc398e0c49a9,0,el,1,Asia/Nicosia,,2025-11-17 16:41:20.312479+00:00,
56f9cfac-8cfe-472a-b44e-9877b160c2d3,ad0a3908-e3c4-4017-b23c-2b2fe5261c65,0,el,1,Asia/Nicosia,,2025-11-17 16:41:20.312479+00:00,
2eec7d43-62ee-4384-a317-b837ea241956,72cfdbb2-9dba-4cd3-8bdd-9ebcf08fd1d1,1,el,0,Asia/Nicosia,,2025-11-17 16:41:20.312479+00:00,
82ce3713-78c2-42c3-93c8-38433306c358,aeb1039e-288e-4dd7-a90d-dbc0ba8cdced,1,el,1,Asia/Nicosia,,2025-11-17 16:41:20.312479+00:00,
9dca5d24-7bd1-4074-870b-07029f6a9494,26c66602-1ff8-40a0-bea5-d880328dff88,1,el,0,Asia/Nicosia,,2025-11-17 16:41:20.312479+00:00,
77096b55-f916-4077-9549-73e0cb9706a3,8b52d9f3-da0d-4112-b18f-b623dab6583f,1,el,1,Asia/Nicosia,,2025-11-17 16:41:20.312479+00:00,
904de747-5ada-4e8a-9df1-d50961848496,548a682c-1655-4fe0-8344-db940ad826df,0,el,0,Asia/Nicosia,,2025-11-17 16:41:20.312479+00:00,
cab8a7cd-f0fd-4c1f-8c7c-efe40fe61755,baba1f91-0015-4f54-b282-a7a776461fad,0,el,1,Asia/Nicosia,,2025-11-17 16:41:20.312479+00:00,
dfbadf4d-809f-41f0-be79-406c6149d52f,838edf7e-a133-4c91-ab28-02e881d15b25,0,el,0,Asia/Nicosia,,2025-11-17 16:41:20.312479+00:00,
b7f24570-d985-4a2a-bd0b-c211b9b419f8,3ee957a0-d762-49b8-84b1-c5518961f16c,1,el,1,Asia/Nicosia,,2025-11-17 16:41:20.312479+00:00,
9c45cad6-5b60-4eca-bf9f-552184124c3c,102ec07c-84d6-4ee7-9153-78f2b0803d79,1,el,0,Asia/Nicosia,,2025-11-17 16:41:20.312479+00:00,
5493a719-f59a-46e9-bbcd-fee203f54984,70dbac65-1c6e-4840-9a97-be1851fbb1a8,0,el,0,Asia/Nicosia,,2025-11-17 16:41:20.312479+00:00,
302c9eba-a68a-4af8-ad6c-112f9c49ff27,c2ef860d-0c51-44e8-a95d-1d8528570c28,1,el,0,Asia/Nicosia,,2025-11-17 16:41:20.312479+00:00,
83a495ad-fdf9-4a65-a54a-abd80c0dfc01,1a35035b-26b6-427d-b3d2-49ec323771a4,1,el,1,Asia/Nicosia,,2025-11-17 16:41:20.312479+00:00,
6869a21f-133f-47d2-972a-b6f88a18af32,a59fefa6-d72f-4a4a-8c97-297d671db3d4,0,el,0,Asia/Nicosia,,2025-11-17 16:41:20.312479+00:00,
c4e40985-4f98-4851-b360-ae87079fd3c3,8ed45465-1389-400a-8c7b-d1f736ed825f,0,el,0,Asia/Nicosia,,2025-11-17 16:41:20.312479+00:00,
bb5b6b97-7a52-45c2-86ce-c01d30416d71,903be780-64ad-4b56-95d2-870c8d75441c,0,el,0,Asia/Nicosia,,2025-11-17 16:41:20.312479+00:00,
5d6a1e21-1bae-4757-af85-a71091a636f5,96271339-6ac9-4e98-b110-a3a8612925ba,1,el,1,Asia/Nicosia,,2025-11-17 16:41:20.312479+00:00,
5c5ee924-4f5c-41bb-a7c7-f8a0b8651987,96309e2c-c949-4c62-8e1d-132f477e53ea,0,el,1,Asia/Nicosia,,2025-11-17 16:41:20.312479+00:00,
94908e69-212c-4daf-b8f0-bf8de04d0ac3,019cda8a-c223-46e7-aa1e-1cd67c6c7676,0,el,0,Asia/Nicosia,,2025-11-17 16:41:20.312479+00:00,
a859c0c6-008e-4b55-868b-4aed2da358e6,e0044033-429c-4b94-9610-05742dfb77ba,0,el,1,Asia/Nicosia,,2025-11-17 16:41:20.312479+00:00,
06772a31-9baf-4ecc-9f0f-69d43ebd0fe9,6775acc2-b6ef-42c7-afed-57aceb3cf1d6,0,el,0,Asia/Nicosia,,2025-11-17 16:41:20.312479+00:00,
983d0771-ca34-4c3a-a7f8-58aafd676cbf,55e7c0b7-b533-4c53-b6d5-05b88e36207f,1,el,0,Asia/Nicosia,,2025-11-17 16:41:20.312479+00:00,
27869e63-a818-4f7e-8f28-7c3330a70bb9,38019d28-f0dd-46de-8cee-83b8214d5b2c,0,el,1,Asia/Nicosia,,2025-11-17 16:41:20.312479+00:00,
f05b8128-55ad-4493-950f-573b6f4c0aa2,5540776d-2d8f-4b4a-9aea-886b740faca6,0,el,1,Asia/Nicosia,,2025-11-17 16:41:20.312479+00:00,
5c4c8d70-801b-4866-af42-b1c5060a3835,58962092-b325-42d6-8e26-1875a121eb34,0,el,1,Asia/Nicosia,,2025-11-17 16:41:20.312479+00:00,
f2eda0c0-40e1-43c6-93e2-3c994084f9be,79fc2092-20a6-4d42-827d-23da3892745e,1,el,0,Asia/Nicosia,,2025-11-17 16:41:20.312479+00:00,
c2b90ac8-fd1c-4de1-92d1-f6e778b59bda,a25b7584-bd2b-43f0-90e8-e235c40cbbed,1,el,0,Asia/Nicosia,,2025-11-17 16:41:20.312479+00:00,
667805bd-2f16-49f4-980a-0dfe0b7c34d6,b8fd42d9-a080-43b8-844a-d4c74ecb7093,1,el,0,Asia/Nicosia,,2025-11-17 16:41:20.312479+00:00,
7206bb33-aa9f-4c7b-8c99-bb13f2bddf4c,6d70d597-7f81-410f-a67d-c1d7976ef73c,1,el,1,Asia/Nicosia,,2025-11-17 16:41:20.312479+00:00,
9d761240-27da-46d9-93ae-fece87751ef1,8ed10670-3505-4505-89cb-2c250ea991d8,0,el,0,Asia/Nicosia,,2025-11-17 16:41:20.312479+00:00,
b6aed62a-35bb-48a3-8258-67462382f607,33dd6ce4-5ac9-4e49-ac29-ff93e4547424,1,el,0,Asia/Nicosia,,2025-11-17 16:41:20.312479+00:00,
f3ffa8ab-2889-47fb-809a-d5edd139ee98,29b1d53a-cd6d-4080-9e24-b883081efb70,1,el,1,Asia/Nicosia,,2025-11-17 16:41:20.312479+00:00,
0bd81d1c-ca1b-49fa-906c-7761c8acbf15,92935fa5-ac4a-4497-8834-f38c371707e3,0,el,0,Asia/Nicosia,,2025-11-17 16:41:20.312479+00:00,
0254ae88-4c9d-493f-a701-ef9b90ffb945,56d3b38f-9dfc-4a52-b0c1-c557df20edd3,0,el,1,Asia/Nicosia,,2025-11-17 16:41:20.312479+00:00,
8d963868-31cc-4c34-93e0-a16938c70a18,92781593-61c7-4804-b731-a7c8c0cff802,0,el,0,Asia/Nicosia,,2025-11-17 16:41:20.312479+00:00,
593c81f7-c0fa-4f63-a3ad-571aa35f7cd9,d8f49a76-63d0-408b-8bc6-218f1f970037,0,el,0,Asia/Nicosia,,2025-11-17 16:41:20.312479+00:00,
9d796f2c-d40b-432e-8ade-7009f83cf7d5,a7bb5750-f14c-4f3d-813f-d7a6ed66ab14,0,el,1,Asia/Nicosia,,2025-11-17 16:41:20.312479+00:00,
50ffe23b-3ab0-40f0-8e1e-aa53a2ebd7f1,bf022fd5-d21b-4f3e-8354-07abef94a7d8,0,el,1,Asia/Nicosia,,2025-11-17 16:41:20.312479+00:00,
b20d7bd8-579f-4837-830d-1faaf6c8fa05,ba514a82-53cf-4a58-9d10-af3e0f3ddc19,0,el,1,Asia/Nicosia,,2025-11-17 16:41:20.312479+00:00,
b69092b8-f15c-4c4e-b57e-b8cf4171e482,1b630129-4d1a-4833-b578-878975e4c92b,0,el,1,Asia/Nicosia,,2025-11-17 16:41:20.312479+00:00,
99209aa4-2114-4c5a-9f6d-1a9fec8a8044,ac40df83-eee0-4303-81f6-9d53ca574922,0,el,1,Asia/Nicosia,,2025-11-17 16:41:20.312479+00:00,
b49c20e8-2c01-49d1-9c6f-17de0b9bc0fd,a9b323e1-248d-46d4-9781-d94781db304c,1,el,1,Asia/Nicosia,,2025-11-17 16:41:20.312479+00:00,
d7e01a15-0288-4b34-b0d1-be7a463d80dc,ce67dcf0-3b9e-4e87-ab46-b9afdf4884ae,1,el,0,Asia/Nicosia,,2025-11-17 16:41:20.312479+00:00,
5cbd1922-6697-4487-9028-1447308427f7,11844611-cf76-4a65-a2d7-6c026eeb8ee5,1,el,0,Asia/Nicosia,,2025-11-17 16:41:20.312479+00:00,
d37931dd-a57b-4e73-aeba-bd8b0378a229,db2bf152-58d1-4bf7-b15d-afccee04e33b,1,el,0,Asia/Nicosia,,2025-11-17 16:41:20.312479+00:00,
fc9c7b86-ca14-44a6-ae99-f669c878ff2c,b45055ab-828f-42aa-b692-953487961434,0,el,1,Asia/Nicosia,,2025-11-17 16:41:20.312479+00:00,
a2476e56-cd3a-44c5-b65b-5da34afe7fb0,3c2c508b-ac38-42a3-becf-125c42d3e150,0,el,0,Asia/Nicosia,,2025-11-17 16:41:20.312479+00:00,
63d8e1e7-353f-4b57-b86b-4bf1380b4da5,7632fd0e-5916-4d34-935f-74bba6684042,1,el,1,Asia/Nicosia,,2025-11-17 16:41:20.312479+00:00,
7933d8a9-1c96-40fa-b054-8fc4e8ec8682,0e53c1b3-0f57-4d2d-8dd7-e885409e7b09,0,el,0,Asia/Nicosia,,2025-11-17 16:41:20.312479+00:00,
c9e55bd7-e22e-45e3-aef8-6b30f79a37a6,b3f9ec07-3943-4483-8351-3e2ebc63a73d,1,el,0,Asia/Nicosia,,2025-11-17 16:41:20.312479+00:00,
7fc70453-b15f-48fa-8b51-b7b884f91703,45d02817-c47c-4c1f-acc4-0cc235038be9,1,el,0,Asia/Nicosia,,2025-11-17 16:41:20.312479+00:00,
0dd72cfa-a5a4-4d51-aa77-a85aab1369f9,f1cbc091-93c4-4474-adad-c9ced1152c18,0,el,1,Asia/Nicosia,,2025-11-17 16:41:20.312479+00:00,
f4449ee4-508f-43f9-9e4b-e699f601300e,683484df-0bbd-4d87-acfd-61df31380459,0,el,1,Asia/Nicosia,,2025-11-17 16:41:20.312479+00:00,
9c59725f-79d1-4d82-be34-b020666ec263,0dad1a54-7e41-4f3d-a593-601044e39bf5,0,el,1,Asia/Nicosia,,2025-11-17 16:41:20.312479+00:00,
3c19a856-85ca-40df-b931-7150e8cea09b,6afd1af0-b597-4207-9d58-1bde114467f7,0,el,0,Asia/Nicosia,,2025-11-17 16:41:20.312479+00:00,
cfd2d2a6-a50f-4bc9-956a-57dcd931e140,774f528e-dffa-451d-a014-a6c409b448be,1,el,1,Asia/Nicosia,,2025-11-17 16:41:20.312479+00:00,
d9edbff9-9c84-4d54-b36a-543dcf3baf49,fdf7a0cf-d7d6-481d-bde2-060a00510fef,0,el,0,Asia/Nicosia,,2025-11-17 16:41:20.312479+00:00,
1328ecd0-7b0c-45e2-91f5-358c8253c31d,b71dbf65-76b0-42f1-8c84-99603c7f1866,0,el,0,Asia/Nicosia,,2025-11-17 16:41:20.312479+00:00,
c1bdcfeb-b9ce-4559-bb2b-6d43429fd7f4,4038d108-870b-434b-a573-6d488f8c165d,0,el,1,Asia/Nicosia,,2025-11-17 16:41:20.312479+00:00,
43085a86-add1-471b-a93d-15b924249c24,ba757e95-0a17-41de-b167-199f6a4ff552,1,el,0,Asia/Nicosia,,2025-11-17 16:41:20.312479+00:00,
38a73a24-473e-41e5-a20d-f4b546567dcd,fc028302-12f6-4ba0-b728-1a2d62d24f7e,1,el,1,Asia/Nicosia,,2025-11-17 16:41:20.312479+00:00,
b4c64950-b4db-46ba-898b-fc3780bf568c,cc12c43d-a52a-40be-8172-597dac8a25b2,0,el,0,Asia/Nicosia,,2025-11-17 16:41:20.312479+00:00,
8fc95e80-ebd3-43d6-972a-90795bbfe09d,20249997-0b25-4d35-907c-ba302f29b1fb,1,el,1,Asia/Nicosia,,2025-11-17 16:41:20.312479+00:00,
b3d5552b-600a-41fe-b242-a987437ef71e,4b6c6374-c964-46a6-9489-96c30a0751e1,1,el,1,Asia/Nicosia,,2025-11-17 16:41:20.312479+00:00,
84961560-405c-468c-9d4c-ffb3cea24093,4c273a26-67ab-4390-9669-3889837de022,0,el,0,Asia/Nicosia,,2025-11-17 16:41:20.312479+00:00,
d537e38f-3546-4351-8711-80ef56cf0535,5ed19cb9-43a7-4027-b818-b1d26d113202,0,el,1,Asia/Nicosia,,2025-11-17 16:41:20.312479+00:00,
93d117d9-19a8-4206-af18-5a03b0b7e0ec,e78e2519-a21b-487b-a52d-be56149ee08e,1,el,0,Asia/Nicosia,,2025-11-17 16:41:20.312479+00:00,
d223ecb3-6b9d-43f6-b078-34a588de7bfc,47e83899-5fa2-4458-bf1a-554cb40eb384,1,el,0,Asia/Nicosia,,2025-11-17 16:41:20.312479+00:00,
084e4e33-8093-45cd-96f5-266ac15224c7,352b9385-387d-4592-885d-e4c29e16e8a1,1,el,0,Asia/Nicosia,,2025-11-17 16:41:20.312479+00:00,
8634f501-7c7a-4d4f-ad0b-d66cb7278392,8384d18f-28d5-456e-8dec-b2bebffa6a45,1,el,0,Asia/Nicosia,,2025-11-17 16:41:20.312479+00:00,
d39414d8-2e28-4e25-954f-fec27c33e78c,6a13ff58-d9e2-4f6a-a244-ae759fa83410,0,el,0,Asia/Nicosia,,2025-11-17 16:41:20.312479+00:00,
6ac52066-376f-4f50-82bd-f3af3137c032,3c417b68-8742-43e7-9445-0e0aea76dfcd,0,el,0,Asia/Nicosia,,2025-11-17 16:41:20.312479+00:00,
af254df4-558b-4384-852b-fac875ee07ac,ebd0ade4-8974-46e5-b99f-5c02e795f12d,1,el,1,Asia/Nicosia,,2025-11-17 16:41:20.312479+00:00,
511092e1-2f36-48ae-9707-05c31b804f02,473e8ac4-bfd6-47dd-94d3-7f8fb6914320,0,el,1,Asia/Nicosia,,2025-11-17 16:41:20.312479+00:00,
6838ffb8-467f-4e6d-ad8b-c56e49dc754c,16f81bd5-8e36-488e-8683-7ec2b9f371bd,1,el,1,Asia/Nicosia,,2025-11-17 16:41:20.312479+00:00,
89937aa6-358f-4aa9-8498-5866d9fc3035,dd632279-e169-4a28-b9a5-9af426ef9e66,1,el,0,Asia/Nicosia,,2025-11-17 16:41:20.312479+00:00,
c072bd06-b1d7-40c0-893d-04cc1d2812a6,8fe0dfd5-9f51-42a6-adc0-f0e545cd0491,0,el,0,Asia/Nicosia,,2025-11-17 16:41:20.312479+00:00,
69008ca5-5be6-496d-a06a-8a8979c1c596,4bb6cabf-9aef-4125-8771-e171f6c95d84,0,el,1,Asia/Nicosia,,2025-11-17 16:41:20.312479+00:00,
be3beee9-311d-4d3c-a8bc-9e48f4da3188,08b17e90-cbb5-423d-87d7-e9b000356698,0,el,1,Asia/Nicosia,,2025-11-17 16:41:20.312479+00:00,
c6c07837-23c6-4428-a55f-2bcebe646a00,61b680a5-4403-422b-8a2b-695f7e2c35e7,1,el,1,Asia/Nicosia,,2025-11-17 16:41:20.312479+00:00,
99fea462-3afa-49e2-95ea-9e8f7650e158,b3257a94-8695-4bba-b28d-c6cd5bb14cec,0,el,0,Asia/Nicosia,,2025-11-17 16:41:20.312479+00:00,
7013c0cb-fc32-4218-af9b-ceb48a8afa94,6bcc9b66-e01a-4ff1-b4b7-400ecdb588e5,0,el,0,Asia/Nicosia,,2025-11-17 16:41:20.312479+00:00,
f613426c-5874-43cd-91ab-74b07bdcfa42,d6657570-65f2-430e-a26d-70e297fdc0cd,1,el,1,Asia/Nicosia,,2025-11-17 16:41:20.312479+00:00,
6790c865-79db-4d8d-a270-0ae513307884,67384135-3705-4dec-9db2-3cf7831b9673,0,el,1,Asia/Nicosia,,2025-11-17 16:41:20.312479+00:00,
86b5231d-a83f-4254-928f-f13b5a2bd3d8,49755340-ae2c-4fbe-9611-5fd9f5923a4a,1,el,0,Asia/Nicosia,,2025-11-17 16:41:20.312479+00:00,
ea8a5940-d01e-4372-a6fb-222fbce71ff4,c6c93d0d-b184-4d90-800e-87fa6923b58b,0,el,0,Asia/Nicosia,,2025-11-17 16:41:20.312479+00:00,
2313457c-23b5-4671-90f5-af07f094d3a0,5279c8c1-b38e-421c-b7ce-9d97316f4f7e,0,el,1,Asia/Nicosia,,2025-11-17 16:41:20.312479+00:00,
4156b8d4-fa11-47b5-9c7e-c1849c84803e,9948571b-8e99-4a31-809a-cdb1ed1ce274,1,el,0,Asia/Nicosia,,2025-11-17 16:41:20.312479+00:00,
58a23a2a-8fc4-4c49-a914-20f6cad5cd35,34223d25-086a-4cdb-9b47-299274476376,0,el,0,Asia/Nicosia,,2025-11-17 16:41:20.312479+00:00,
75e9e5c0-5bd5-40fb-b3b4-d4d4c6a4b813,87d0f3a1-85eb-4758-a220-3b2babb7e5bb,1,el,0,Asia/Nicosia,,2025-11-17 16:41:20.312479+00:00,
ea6af32b-57fc-471b-8dc3-155b516c104f,67effe49-4801-4e5b-9435-849002ef32e0,0,el,0,Asia/Nicosia,,2025-11-17 16:41:20.312479+00:00,
c0e0d598-f78b-4630-93a5-405af119fd28,06b7f407-c454-4155-9003-1de1ba6d7ae2,0,el,0,Asia/Nicosia,,2025-11-17 16:41:20.312479+00:00,
936f5668-454f-4bb9-963d-7a641b3d6ce8,ab38ecae-8f63-4a82-b6f2-108ed47e57b6,1,el,0,Asia/Nicosia,,2025-11-17 16:41:20.312479+00:00,
78b7fc08-5518-4b09-a467-b5144eeb2735,62e46bf0-afbc-4327-b3f4-62915625e22c,1,el,1,Asia/Nicosia,,2025-11-17 16:41:20.312479+00:00,
c52315df-962d-4e14-9e3c-be1e127f14c0,a9994639-4c34-43de-9245-bfeb8a13a237,0,el,1,Asia/Nicosia,,2025-11-17 16:41:20.312479+00:00,
12097e98-656c-4c6d-95c0-f2e78d59c8b3,399eca62-39f6-42f3-a6d7-47dbc4c9d620,1,el,0,Asia/Nicosia,,2025-11-17 16:41:20.312479+00:00,
3d7b9a63-0572-4289-a145-2b6ea1fda819,ebfd468e-43bb-4932-a8bd-b72a53fea015,1,el,0,Asia/Nicosia,,2025-11-17 16:41:20.312479+00:00,
fc0bc599-ecf7-4728-8e95-8f74aaadb6f4,de6a5f83-21d9-4a8f-bd8a-49d6a58fc098,1,el,1,Asia/Nicosia,,2025-11-17 16:41:20.312479+00:00,
26a9707f-2206-435c-b974-4d79db8c4bf0,bb6a6a84-7604-44a8-ac18-83ab5f45cca6,0,el,0,Asia/Nicosia,,2025-11-17 16:41:20.312479+00:00,
4575b985-30af-4943-8cfe-2c80f5327991,457e73b0-82ea-4085-8582-e5032337d587,0,el,1,Asia/Nicosia,,2025-11-17 16:41:20.312479+00:00,
28a8b7a9-a922-4310-a11e-f561e7f3a358,ce65b21c-df46-4aa8-aa6a-a4d83018c85e,1,el,0,Asia/Nicosia,,2025-11-17 16:41:20.312479+00:00,
533fe6ba-5387-4974-9b55-ff5ccdb657e1,108b3a1b-69ae-4595-a1ed-17d059844df5,1,el,0,Asia/Nicosia,,2025-11-17 16:41:20.312479+00:00,
b8474fbe-74e7-4f73-aa4e-0407a4bb894e,d084ef97-5728-4169-82ac-2c8f7ab5ca39,1,el,0,Asia/Nicosia,,2025-11-17 16:41:20.312479+00:00,
73c41ca8-6209-44ad-b9a9-6aa2026c7daa,0b4ca130-c2ae-4986-84b5-c6799b2f750f,1,el,0,Asia/Nicosia,,2025-11-17 16:41:20.312479+00:00,
2e46942a-2fdf-4817-8b94-701534dd262f,7be58b1f-5633-4e67-bcc4-1c5cdd004837,0,el,1,Asia/Nicosia,,2025-11-17 16:41:20.312479+00:00,
31325890-71a7-4b46-aea9-8f7d0c44bf8e,37f1748d-477e-4c38-a15e-83bdaf502c37,1,el,1,Asia/Nicosia,,2025-11-17 16:41:20.312479+00:00,
6a6728ce-16c9-40d3-9b29-14fa9a99f453,691226be-99b4-4f06-86bd-0a0fb0664b54,0,el,0,Asia/Nicosia,,2025-11-17 16:41:20.312479+00:00,
ac9663ff-f1d4-4e61-8357-f65f3722dac2,cea8e093-4ce0-41aa-85e0-dd390751bfc1,1,el,1,Asia/Nicosia,,2025-11-17 16:41:20.312479+00:00,
89555b11-0e17-4716-bfda-f21151ab11e7,1bf2379f-31cf-4bed-a8e7-2d9df15b23ce,0,el,1,Asia/Nicosia,,2025-11-17 16:41:20.312479+00:00,
2cfc7f65-3fd9-4e8b-bb04-400410ac1c7f,09164339-7966-465a-bddd-4ac52eff82e8,1,el,1,Asia/Nicosia,,2025-11-17 16:41:20.312479+00:00,
240c97e6-b785-4e22-a6eb-bc707cdc303a,3b1da883-abe6-4f49-be7a-6f0bb8867b45,1,el,0,Asia/Nicosia,,2025-11-17 16:41:20.312479+00:00,
872b48f9-0166-47b5-8848-63d779421a04,574dbff5-995b-45ab-bca8-942c77357ead,0,el,0,Asia/Nicosia,,2025-11-17 16:41:20.312479+00:00,
043fa968-6637-448d-84bb-e626bb98c126,90d9ca9f-11c7-4b77-9782-2a3ef96bf4e5,0,el,1,Asia/Nicosia,,2025-11-17 16:41:20.312479+00:00,
749e3cba-f1a6-42f2-ae87-eed0cf169fa3,da9dd8eb-cc73-4656-898e-50b04849135a,1,el,0,Asia/Nicosia,,2025-11-17 16:41:20.312479+00:00,
fc62ec51-b459-4f45-a9ec-c69e764185a7,7eae4570-c690-453d-b63a-7ca0a02d9cc5,1,el,0,Asia/Nicosia,,2025-11-17 16:41:20.312479+00:00,
8fa60e32-b4b8-49f2-917c-99551885b95e,d84ede85-6902-42c0-8242-342285f85768,1,el,0,Asia/Nicosia,,2025-11-17 16:41:20.312479+00:00,
203322d9-bcf4-4221-a96c-bdd15375e7f7,0e968941-a833-40fe-9563-58d56eab39de,0,el,1,Asia/Nicosia,,2025-11-17 16:41:20.312479+00:00,
16b563c3-cb33-49b0-af19-9d70e3d91fc8,2945ce93-98f9-4e31-822f-da75c43bfb56,1,el,1,Asia/Nicosia,,2025-11-17 16:41:20.312479+00:00,
038ba813-e797-40ec-8bf0-367d13476cd6,0487995b-dd1c-4ca4-8dcb-fa1bf100986a,1,el,0,Asia/Nicosia,,2025-11-17 16:41:20.312479+00:00,
12a2c911-3763-4121-b45c-47d9df9da9b7,89505fbe-275a-4918-abbf-2e5f7d1ec590,1,el,0,Asia/Nicosia,,2025-11-17 16:41:20.312479+00:00,
c08ba615-d6ee-4ec8-9729-463444de3d9d,2f2d03c5-202a-4cfd-8f44-c36c2efb9bda,1,el,1,Asia/Nicosia,,2025-11-17 16:41:20.312479+00:00,
eaa857bf-2840-46e6-bcd6-1cf35ec29c68,14ce662a-6fd2-4744-814d-e96515339ed5,1,el,0,Asia/Nicosia,,2025-11-17 16:41:20.312479+00:00,
cbaad23e-3ebb-4d9f-acb0-47f734782407,c2e11486-52d6-4841-b7f5-a396d2b5f9ad,0,el,1,Asia/Nicosia,,2025-11-17 16:41:20.312479+00:00,
7401d3d9-d205-49fc-998b-73d77eb17091,492ac531-92ab-4450-9c98-714e6a4fd036,1,el,1,Asia/Nicosia,,2025-11-17 16:41:20.312479+00:00,
e1d0ebdb-c5dd-4085-8101-1e1a2034ef84,c363ab4b-c366-4c3d-8986-303b6e12370a,1,el,1,Asia/Nicosia,,2025-11-17 16:41:20.312479+00:00,
f7233b50-d76f-4233-aaf6-d4bc79c03d6d,4e98a5ae-213c-433d-afaa-54a8c1044188,1,el,1,Asia/Nicosia,,2025-11-17 16:41:20.312479+00:00,
6765806c-d2d4-408c-8bdd-d4133eac7f54,85337f6c-6759-4174-a3cc-41b43480a402,0,el,0,Asia/Nicosia,,2025-11-17 16:41:20.312479+00:00,
785e9f93-229b-4734-985d-9ae6cc17eb5a,d42a6e2c-e550-474f-bf2f-2317adc521e3,1,el,1,Asia/Nicosia,,2025-11-17 16:41:20.312479+00:00,
e00997a0-6948-49ef-bc72-a0d094f00b6f,bcc7238d-0c07-4885-8e52-e5524224bcf0,1,el,0,Asia/Nicosia,,2025-11-17 16:41:20.312479+00:00,
5e3a134e-2344-4061-a928-57172fb22815,67621400-ef5b-4c92-b3c2-9675e8dc2458,1,el,1,Asia/Nicosia,,2025-11-17 16:41:20.312479+00:00,
734ade1d-d6d0-49c2-8d96-0d85e96bc285,acff55b1-95be-4f63-a921-da75b8c34e48,1,el,1,Asia/Nicosia,,2025-11-17 16:41:20.312479+00:00,
c5921b33-56b6-4db8-ad08-faa3d667a82c,56a9a9fc-90f4-4fec-9905-dbb751d3c57a,0,el,1,Asia/Nicosia,,2025-11-17 16:41:20.312479+00:00,
2ef0c0b3-b3e0-480f-a2e2-4f443c54e6c2,039d6222-e2d5-47e2-8bd8-8f4eb26f0cd7,0,el,1,Asia/Nicosia,,2025-11-17 16:41:20.312479+00:00,
33190463-3f31-4dbd-a487-f0ec2f0f3dbf,82675372-96aa-4947-9c3e-b0ec662da36a,1,el,1,Asia/Nicosia,,2025-11-17 16:41:20.312479+00:00,
4ba8240d-e3b7-438a-8b31-60933de9d1f5,f0f7d05f-aa8d-4808-9363-97b881572105,1,el,0,Asia/Nicosia,,2025-11-17 16:41:20.312479+00:00,
39b30291-6fe4-49b3-9bc8-3c15ce58ec75,ebc78e4a-3bcb-4a7d-a8d3-ac65e6828e9b,0,el,0,Asia/Nicosia,,2025-11-17 16:41:20.312479+00:00,
5cd7b1a4-8b0d-44d4-96e2-44222b94679b,9e3b5748-65ba-49dc-a11e-a98612232bbf,0,el,0,Asia/Nicosia,,2025-11-17 16:41:20.312479+00:00,
0990014a-842b-4ccb-a482-a0f76c14de4e,c916d7a0-21ee-4e98-9446-e95ae7ae5100,1,el,0,Asia/Nicosia,,2025-11-17 16:41:20.312479+00:00,
e51f9e3f-3201-4b90-9695-2aa7d7471df2,d1f12509-0bff-4dfc-9047-705f73e75f19,1,el,0,Asia/Nicosia,,2025-11-17 16:41:20.312479+00:00,
c5193bc6-024a-4e4b-9359-81de8376e286,1b82fda2-cf6d-46e6-b67e-3250baa844c2,0,el,0,Asia/Nicosia,,2025-11-17 16:41:20.312479+00:00,
dbb63261-1fd8-4870-83b7-93d5af5e8056,6c50735c-7d2b-4dc9-bb0c-a19d35f7b4bc,1,el,1,Asia/Nicosia,,2025-11-17 16:41:20.312479+00:00,
7f2b1d69-08ad-4c3c-b8f6-48b6bbc851ea,d0543c68-a36f-41bc-80ba-fbb85cd6d00c,0,el,0,Asia/Nicosia,,2025-11-17 16:41:20.312479+00:00,
55c5487b-f4c4-4dd1-9717-b73dc8f5359e,b3581f88-6139-45fc-a66b-05e57ad8e955,1,el,0,Asia/Nicosia,,2025-11-17 16:41:20.312479+00:00,
7e6c1869-936d-4cab-a341-a5239bb598ae,1bf3d56d-b01d-4f7a-97ed-27494f692de1,0,el,1,Asia/Nicosia,,2025-11-17 16:41:20.312479+00:00,
58b9a0c0-90f3-4c82-b4de-0622ce18ae07,2ec0f392-2b90-430c-974b-fc18d9973e8b,0,el,1,Asia/Nicosia,,2025-11-17 16:41:20.312479+00:00,
4bb2a068-3db1-4f88-ba4d-efba51a82118,a194bc93-2ea2-41f0-a17e-9296de61ff44,1,el,0,Asia/Nicosia,,2025-11-17 16:41:20.312479+00:00,
413cba3b-a60b-4354-a60a-9d64d5f96ae6,aa8e0cf3-c9b6-404e-acc3-55de87151f4a,0,el,1,Asia/Nicosia,,2025-11-17 16:41:20.312479+00:00,
c1fded6e-607e-41cd-8b11-b4713d7d10eb,12f3e35f-6751-4877-a21f-adbc2d07b851,0,el,0,Asia/Nicosia,,2025-11-17 16:41:20.312479+00:00,
4bd9342f-29d8-4801-920c-2100f6abd516,8d6b7279-9e44-460d-93e9-40060d81ca7e,0,el,0,Asia/Nicosia,,2025-11-17 16:41:20.312479+00:00,
cc9148fe-8233-4894-a382-5a3dbc685b02,8cab7a11-dc15-497a-b16c-a542270b4953,0,el,0,Asia/Nicosia,,2025-11-17 16:41:20.312479+00:00,
89e6f6e5-c350-4404-8233-7958a8a47fac,24480e63-d474-4f50-8353-a445f8599d8b,1,el,1,Asia/Nicosia,,2025-11-17 16:41:20.312479+00:00,
e46d19a4-cbf8-4d89-9b9c-1321dacd9a9c,34453468-65a9-4393-a9bb-57f7b1ab1156,1,el,0,Asia/Nicosia,,2025-11-17 16:41:20.312479+00:00,
7282ee4e-36e8-4da5-8ef3-a54679f20e45,8509af7e-eb7a-4cc3-8001-802940273bcb,1,el,1,Asia/Nicosia,,2025-11-17 16:41:20.312479+00:00,
08ca1a5d-333c-4399-9e12-6b962811c8e3,93fbf202-584d-4103-804b-448f4c0904ed,0,el,1,Asia/Nicosia,,2025-11-17 16:41:20.312479+00:00,
4fc72b2d-fe03-4ee0-a5c4-ce860c8a5fa4,68dfc9e5-f17b-4485-88e1-06ddfe94b38e,0,el,0,Asia/Nicosia,,2025-11-17 16:41:20.312479+00:00,
56ef37a7-4fd2-428d-bcc2-e98dd4004786,1ada5b87-53c8-4a73-82c2-22aabfb88b9e,0,el,1,Asia/Nicosia,,2025-11-17 16:41:20.312479+00:00,
59e2f8b3-165c-4130-9131-70e5235fbc48,06b0d306-a548-4990-bf57-c0e074b4676c,0,el,1,Asia/Nicosia,,2025-11-17 16:41:20.312479+00:00,
4cd4565c-0997-4139-abba-8fd926c98445,6b4f8523-772e-4e85-a4ee-0daead7da4f7,0,el,1,Asia/Nicosia,,2025-11-17 16:41:20.312479+00:00,
9abc9681-2045-4525-bf0f-eb6eea6c85f7,e2e433ac-f136-4e37-8b10-e355a75bad16,1,el,1,Asia/Nicosia,,2025-11-17 16:41:20.312479+00:00,
4c32cbf0-af05-4d23-870e-30e148c1b9c7,4b0f0a3e-3557-4309-9b20-bf9399c28bda,0,el,0,Asia/Nicosia,,2025-11-17 16:41:20.312479+00:00,
5258e1db-f793-4aba-8721-99ccd62537a6,94f0aa42-7f24-46cc-b4bb-0f465e75b346,1,el,1,Asia/Nicosia,,2025-11-17 16:41:20.312479+00:00,
47a92f9a-aa5c-41f0-98a8-6d16bb136ca0,98cf5fa8-b21c-4b17-ad84-4daa430e2c76,1,el,1,Asia/Nicosia,,2025-11-17 16:41:20.312479+00:00,
014b855b-0482-4ba8-a82c-e1099050080b,21f5a7e5-291a-466f-97a6-2c78ea7fafd8,1,el,1,Asia/Nicosia,,2025-11-17 16:41:20.312479+00:00,
3cb2b0f4-c6db-41bc-a44c-f41fcbc93a65,b6193640-5325-43b8-9a79-1e8e090d9589,1,el,0,Asia/Nicosia,,2025-11-17 16:41:20.312479+00:00,
4bcb7cd1-f57f-450c-8332-397848991377,c59f9727-533f-4202-9815-8bb21d515af4,1,el,1,Asia/Nicosia,,2025-11-17 16:41:20.312479+00:00,
1e7e5200-c002-4db3-9e81-76e7481829bd,29954ee2-09a4-41ab-af69-75ac687e5991,1,el,1,Asia/Nicosia,,2025-11-17 16:41:20.312479+00:00,
a404d4ed-61ab-4213-b358-22f3d9682d09,43c993b1-49f9-401f-a727-54cbb46348b2,0,el,1,Asia/Nicosia,,2025-11-17 16:41:20.312479+00:00,
c98d97f1-cebe-41fe-813b-4f911ec66e9e,34ca3014-9b3f-4a5d-9aeb-5460ef439350,1,el,1,Asia/Nicosia,,2025-11-17 16:41:20.312479+00:00,
eea7f9fe-f000-45cd-8fc2-8b7843be0bfc,9e6ba271-ceca-461e-9112-5aa7613540cb,0,el,1,Asia/Nicosia,,2025-11-17 16:41:20.312479+00:00,
7b718790-07ac-40f0-baf5-12aef278742e,7ef615b2-17e6-4a6f-a514-bddcd91d9774,1,el,1,Asia/Nicosia,,2025-11-17 16:41:20.312479+00:00,
3bc07403-4492-48fa-93e2-2d824e70cfdb,3f5f9b1d-bcd3-4d79-9167-6dc8e7cbb5e7,1,el,1,Asia/Nicosia,,2025-11-17 16:41:20.312479+00:00,
226e4cd2-a530-43b9-a435-d336cadd84c4,d57b8d49-5164-4254-99a6-c596477fa3ad,0,el,0,Asia/Nicosia,,2025-11-17 16:41:20.312479+00:00,
2960f1ec-f13d-42b4-9c87-0e3b8bef3e6a,545e851a-9226-4c91-8d1c-e640511ff4e7,1,el,0,Asia/Nicosia,,2025-11-17 16:41:20.312479+00:00,
e7da421c-9fd4-44e2-a368-7f76bb46b9a8,cb96b4c3-ac71-43bb-9b8c-e698a7fc365e,0,el,0,Asia/Nicosia,,2025-11-17 16:41:20.312479+00:00,
a3b6fd7c-fdb6-4bc3-9cb0-0ad00536056e,214c52bf-5e8e-4f14-a7d3-f93862d85584,1,el,1,Asia/Nicosia,,2025-11-17 16:41:20.312479+00:00,
d745b0d3-f416-436e-89a9-699121892208,041debfc-7fbb-42b7-a4e9-c80c886ab8c3,0,el,1,Asia/Nicosia,,2025-11-17 16:41:20.312479+00:00,
b1b03dbd-6abe-441a-a456-160406cc42eb,76dc61ca-bd31-410e-8eae-74faa47fb5f8,0,el,0,Asia/Nicosia,,2025-11-17 16:41:20.312479+00:00,
558d91b6-4cc2-45dc-bad2-86e58ad0d0f1,de7141b7-af1d-4f94-a49b-2dd732234662,0,el,1,Asia/Nicosia,,2025-11-17 16:41:20.312479+00:00,
148aafb5-f95a-41dd-8622-919065116c37,1dedb369-949a-4ac8-b926-b7304fd2de70,1,el,1,Asia/Nicosia,,2025-11-17 16:41:20.312479+00:00,
6412230c-2086-4f95-ade2-d882ff8a1a7f,858f776b-2c3d-4b59-a030-12955ea63167,0,el,1,Asia/Nicosia,,2025-11-17 16:41:20.312479+00:00,
46fdfa67-ef67-4ae9-9f62-42d73363bc1e,7a64b2bb-9003-435a-8276-6272efc5be98,0,el,1,Asia/Nicosia,,2025-11-17 16:41:20.312479+00:00,
da495c21-55aa-41ce-94bb-16763bcec89c,5ad2cfb8-892f-4792-9bc4-6b36e78ea371,1,el,1,Asia/Nicosia,,2025-11-17 16:41:20.312479+00:00,
c077d285-5018-4292-9b44-3f574a134e91,0a72b037-3662-4642-908b-b6de65204e44,0,el,1,Asia/Nicosia,,2025-11-17 16:41:20.312479+00:00,
53c02626-6ead-4764-a148-056eb929c748,378bfe00-d851-44d8-b298-a5806d7830d4,1,el,1,Asia/Nicosia,,2025-11-17 16:41:20.312479+00:00,
e3e04846-b006-44ea-8faf-f0f2b8a8435a,17fe89e7-19d8-476a-8338-41410d74c8e9,1,el,0,Asia/Nicosia,,2025-11-17 16:41:20.312479+00:00,
302ac937-cc4a-4aae-b3a7-63f2a7c7b103,ebbf901f-a483-4bc5-bf7a-c3e26d26c297,0,el,0,Asia/Nicosia,,2025-11-17 16:41:20.312479+00:00,
24ebd728-c35e-445c-a47d-aaf662ecd878,4549a040-17a3-41d6-a671-351a75e6b653,0,el,0,Asia/Nicosia,,2025-11-17 16:41:20.312479+00:00,
b517412d-af60-46bd-ba78-8e931d8b0e5a,16354914-4f63-48a5-8711-6fec66b8c415,1,el,1,Asia/Nicosia,,2025-11-17 16:41:20.312479+00:00,
82809601-2be7-4c1e-8c9b-984b3c7ab644,614f677e-a233-409e-a7af-389da0222483,1,el,0,Asia/Nicosia,,2025-11-17 16:41:20.312479+00:00,
b1b05aba-18e0-4d53-a1f5-d9dcddfa3deb,e9521c3e-3375-4930-92a5-3639e2856a69,1,el,1,Asia/Nicosia,,2025-11-17 16:41:20.312479+00:00,
57c42f78-b6a5-40dd-9bf6-fc844b7edde3,fac6693d-48fe-492f-bf0a-fc129b2da380,1,el,1,Asia/Nicosia,,2025-11-17 16:41:20.312479+00:00,
09b3c538-9840-4078-9dc2-4004e992f07c,41cedd60-835d-4ef4-9b6a-4ea75af05940,0,el,1,Asia/Nicosia,,2025-11-17 16:41:20.312479+00:00,
4bc28a3d-df1e-433f-8bc6-465ed2430cf6,2f33ffb4-0cfa-4910-b4bb-a0e36af03fe0,0,el,0,Asia/Nicosia,,2025-11-17 16:41:20.312479+00:00,
bf9fc6bb-553e-410f-8c11-706c8ee7685c,00b148f3-0ae0-4a67-b527-66618b9e9f75,1,el,1,Asia/Nicosia,,2025-11-17 16:41:20.312479+00:00,
08f465ef-ea37-48b7-a719-ed10b64439ab,23185fe3-f185-405b-9b2b-15a4897df6ae,1,el,1,Asia/Nicosia,,2025-11-17 16:41:20.312479+00:00,
11fd70bd-de76-4b87-ad57-95bcebef1e09,8c38502e-9b5f-4fb5-909e-e11aa65d8cc1,0,el,0,Asia/Nicosia,,2025-11-17 16:41:20.312479+00:00,
a954f545-743b-4520-90b0-f8c52ec95f15,b46bab57-58d3-4e75-a28f-8ea85e4e5a6a,0,el,0,Asia/Nicosia,,2025-11-17 16:41:20.312479+00:00,
ce04ea18-c1a0-43b6-991e-b61e08d9b0b9,ce7ab475-7db5-4e60-983c-6ee66185195a,0,el,0,Asia/Nicosia,,2025-11-17 16:41:20.312479+00:00,
d0814564-4c7a-422d-9153-736541a5c72b,16eb065a-71b6-460a-a04a-c9771341bc2e,1,el,1,Asia/Nicosia,,2025-11-17 16:41:20.312479+00:00,
0b2cbf08-ae64-4c0d-b98a-5b640ec26913,882d907e-80cc-4e8e-b4b3-6f777173a141,1,el,0,Asia/Nicosia,,2025-11-17 16:41:20.312479+00:00,
45487ec6-60b5-4118-9bfc-1bd0155d9881,35925ac9-22fc-4fd6-8dd6-11ccc0b827fb,1,el,0,Asia/Nicosia,,2025-11-17 16:41:20.312479+00:00,
9eb3de48-172e-49c3-854e-aba323b53598,514caf77-f3c3-444c-aea6-947edbce4ac4,1,el,1,Asia/Nicosia,,2025-11-17 16:41:20.312479+00:00,
6d19ff5c-ad70-40ad-94a7-0688e7ca928b,a4707552-4e35-4899-a056-70536adb4588,0,el,0,Asia/Nicosia,,2025-11-17 16:41:20.312479+00:00,
fe4d4045-bc4b-467e-83ff-0efa1168744c,6506064d-a306-4b36-aa05-7345110c637f,0,el,1,Asia/Nicosia,,2025-11-17 16:41:20.312479+00:00,
373cbc48-ec99-4478-aa5e-0a165d047f26,83c0d1e9-2143-4e96-b4c7-49d258f77faa,0,el,1,Asia/Nicosia,,2025-11-17 16:41:20.312479+00:00,
e8c6203d-f2ae-418b-9c0d-b226b62b5356,5134d9f4-501c-492f-83cd-08b2cb96dfa7,1,el,1,Asia/Nicosia,,2025-11-17 16:41:20.312479+00:00,
1712db24-9035-42ee-b58f-b14b48e20d7a,a366737a-9593-43c1-b26d-608fb9dbf837,1,el,1,Asia/Nicosia,,2025-11-17 16:41:20.312479+00:00,
423f7e37-8ce4-4b69-a4db-d8c5d7a665a7,a8675767-2199-4fd2-ab9d-abc027210f26,1,el,0,Asia/Nicosia,,2025-11-17 16:41:20.312479+00:00,
6f8cee2c-0798-4660-bc1b-ecf8c78fcef1,d2da5766-ebcb-480b-842d-22782b76c956,0,el,0,Asia/Nicosia,,2025-11-17 16:41:20.312479+00:00,
3595efac-039a-4a38-aa94-0578f4f5da89,f7d896e8-9a9f-42df-804f-09a1110fd7fd,0,el,0,Asia/Nicosia,,2025-11-17 16:41:20.312479+00:00,
20914211-9001-4bc0-beef-8d16cb2f1da5,7f4c7efb-c319-4dfc-b9bf-c368a82d5527,1,el,1,Asia/Nicosia,,2025-11-17 16:41:20.312479+00:00,
7944b45c-98a2-4426-9c13-6c57153f9acf,1c3e9a01-d160-4f61-9ce4-13dc169d671a,0,el,1,Asia/Nicosia,,2025-11-17 16:41:20.312479+00:00,
c1baa426-0578-4894-8831-b2ec9e511f51,0799ceee-cfd0-4ed1-a278-e8653992a2b4,0,el,0,Asia/Nicosia,,2025-11-17 16:41:20.312479+00:00,
0e33a5f0-9840-433a-86cd-9b773b02c337,a510ee4b-ad41-4b09-9ee3-e3c695f89c95,1,el,0,Asia/Nicosia,,2025-11-17 16:41:20.312479+00:00,
6c3e753c-5f59-48ed-9b92-cef455265176,d11ed9c8-0094-4ce9-8869-16166d1847cf,0,el,0,Asia/Nicosia,,2025-11-17 16:41:20.312479+00:00,
db0f07dc-e39a-451e-ac04-1d03a1bd2296,648ac21d-3295-4259-830c-06e7808b5ba2,1,el,0,Asia/Nicosia,,2025-11-17 16:41:20.312479+00:00,
7cb9fdad-0897-4451-8b46-c183288d3295,4e82711c-5278-434c-9776-9645af21818e,0,el,0,Asia/Nicosia,,2025-11-17 16:41:20.312479+00:00,
c92ab55c-8b3c-44d3-b3aa-a4c59dee8e5d,24ce6c72-ef3c-4a7c-b8c1-1a94cb363bed,0,el,1,Asia/Nicosia,,2025-11-17 16:41:20.312479+00:00,
6302a623-0e80-41b5-9c94-7621a17aaf7d,0f3cfdb0-1a56-4abe-b733-0879c3dd8a1c,0,el,1,Asia/Nicosia,,2025-11-17 16:41:20.312479+00:00,
04bdf596-1362-4bfa-92c4-13f89dcb873e,f89ab77b-cd02-4e90-ac97-8641c2e8c8d2,1,el,0,Asia/Nicosia,,2025-11-17 16:41:20.312479+00:00,
efee1c5b-6ecb-465d-89c0-678ea6422a5c,742ef9f1-cdaf-4c1d-a018-d6dbdf2cddff,1,el,0,Asia/Nicosia,,2025-11-17 16:41:20.312479+00:00,
953b702c-39e6-4376-b05e-ecaba78a75d3,28ea9cbe-9751-427b-9716-d012bd16de07,1,el,1,Asia/Nicosia,,2025-11-17 16:41:20.312479+00:00,
368bf7af-20bd-46de-9943-899a0ec85557,137d08d8-85d4-43ef-b942-6eec8f22bcff,0,el,1,Asia/Nicosia,,2025-11-17 16:41:20.312479+00:00,
630642d4-a9e6-45c0-940b-fc5c043a0715,27f606e2-dfc8-4e8e-967b-a0a6162fd713,1,el,1,Asia/Nicosia,,2025-11-17 16:41:20.312479+00:00,
d2ff7959-8134-486c-8abf-38a82eade9eb,5c2fbc85-5171-4710-94b9-53cd46dfc987,0,el,0,Asia/Nicosia,,2025-11-17 16:41:20.312479+00:00,
04c99e88-6b2d-430a-af27-46f45ab6e874,f9190726-032e-43af-ac2a-2b0c4d797465,1,el,1,Asia/Nicosia,,2025-11-17 16:41:20.312479+00:00,
dac7d477-551d-4add-ab7d-d7565f5a0440,55ba40e3-680b-477e-8636-fb7bc46412d5,0,el,0,Asia/Nicosia,,2025-11-17 16:41:20.312479+00:00,
dbf052e0-2bc4-4392-89d7-5e9b2566fc8a,9ca102fa-9d0d-4344-bc97-f910e990444e,0,el,0,Asia/Nicosia,,2025-11-17 16:41:20.312479+00:00,
c5ca8163-5b88-4f8c-8cbc-ace558b30b03,45bbc3dc-b026-4101-9e42-a908b81e6a5c,1,el,0,Asia/Nicosia,,2025-11-17 16:41:20.312479+00:00,
5f18df21-c3b0-4076-b1fb-53ed66954233,688800e1-8249-435c-8e5d-29fac46c67fa,1,el,0,Asia/Nicosia,,2025-11-17 16:41:20.312479+00:00,
f8718ae4-06a6-4bc6-80d8-1de08d609f3b,bccff3bf-f1eb-45da-9070-0decd6009bd5,1,el,0,Asia/Nicosia,,2025-11-17 16:41:20.312479+00:00,
b35b75bb-003b-49dc-9670-28b679b0b909,a25cf9be-bd79-4253-ba1c-85ae327c5bdf,1,el,1,Asia/Nicosia,,2025-11-17 16:41:20.312479+00:00,
c6d961a1-3e7d-480d-a2a6-2ae36800b956,dcc2c6df-3d05-4844-b34b-4c65fdc046de,0,el,1,Asia/Nicosia,,2025-11-17 16:41:20.312479+00:00,
7a5e9356-97ff-4161-ae34-9b15edb61913,be15ad7c-ea90-46ca-b51c-07c06a2fd441,1,el,0,Asia/Nicosia,,2025-11-17 16:41:20.312479+00:00,
465019f0-0896-496f-ae13-8e1e7f1b9f00,c95c48ad-28bc-40c5-b547-5fdf742637ee,1,el,1,Asia/Nicosia,,2025-11-17 16:41:20.312479+00:00,
b94b2fa1-dae0-45f5-9b7f-331bd7d81d8e,d4e01a13-9165-4857-bf49-62d81fdb2c74,1,el,1,Asia/Nicosia,,2025-11-17 16:41:20.312479+00:00,
bfbddeb4-bb9e-4673-af90-aa562df69a34,2f3c0c9b-adb3-4038-904b-ade3746c070b,1,el,0,Asia/Nicosia,,2025-11-17 16:41:20.312479+00:00,
8d82a8ab-c514-4602-a6fa-78f5d75963d4,c857e624-f5b6-4dfc-9e29-732c481c1f1f,0,el,0,Asia/Nicosia,,2025-11-17 16:41:20.312479+00:00,
ed17ce50-b3b3-43df-aaf8-552ba0c2c08d,62da3968-fcd6-4d42-aaa1-b7f8e06307aa,0,el,1,Asia/Nicosia,,2025-11-17 16:41:20.312479+00:00,
0e8e9c9e-c9d3-42eb-90fc-c7baa601e0d7,62d3eb08-1b83-4c38-aff5-50665a470ee8,0,el,1,Asia/Nicosia,,2025-11-17 16:41:20.312479+00:00,
22013ed9-20bc-4b29-8ff5-1c30a65d6463,2b815b14-ad99-4e1d-b8a4-61884e899cd1,0,el,0,Asia/Nicosia,,2025-11-17 16:41:20.312479+00:00,
6946ce25-87cd-45a6-ad07-1bf1f8c67d5b,2c27154f-f5b3-4756-be30-9f73e534fc40,1,el,1,Asia/Nicosia,,2025-11-17 16:41:20.312479+00:00,
e6eed310-3763-4454-957d-ea512bb8c3c9,74c81b70-75a0-4e79-a975-0520af1aa71b,0,el,0,Asia/Nicosia,,2025-11-17 16:41:20.312479+00:00,
07ee98e1-f270-441f-ad49-03dc1a7217b6,92e87534-bfbb-4587-b337-8f2f286f2836,1,el,0,Asia/Nicosia,,2025-11-17 16:41:20.312479+00:00,
26e95786-fb41-441f-8f45-902895d26b35,5179f637-765a-4b96-a1b1-87639e94e0ae,1,el,1,Asia/Nicosia,,2025-11-17 16:41:20.312479+00:00,
e5cc54e3-d36a-42ce-a541-6b282abfec64,4f3b43ee-841f-4964-bd0e-b296ce61b537,0,el,0,Asia/Nicosia,,2025-11-17 16:41:20.312479+00:00,
1bf08da3-e469-4afb-b127-14b6fd55392b,e5ba6783-b68b-4d2a-8149-cd07fc6ebb1b,0,el,1,Asia/Nicosia,,2025-11-17 16:41:20.312479+00:00,
ae8a75a7-e299-45a7-b5e2-dcd0e30dd3e0,25d0a883-54c6-4293-ae89-f656158c6bcf,1,el,0,Asia/Nicosia,,2025-11-17 16:41:20.312479+00:00,
206e8edc-cf4f-44d7-a102-5cc77e28cc74,5e3bcb8f-b357-45bb-975d-96282727ff7d,1,el,1,Asia/Nicosia,,2025-11-17 16:41:20.312479+00:00,
06134bf3-0576-4f2e-a9ca-22c43c03b005,7c845a14-9285-4a2e-b196-1f24738ada47,0,el,1,Asia/Nicosia,,2025-11-17 16:41:20.312479+00:00,
6cdc2be8-c08b-4685-bb86-c1017b9e8496,3be7ac4d-3735-4563-8404-c7f0e76cca75,0,el,1,Asia/Nicosia,,2025-11-17 16:41:20.312479+00:00,
5eef5628-e1d9-4bdf-b584-3dbf60b1c8de,89d25e00-db1f-4688-9304-ec6adc0556e3,1,el,0,Asia/Nicosia,,2025-11-17 16:41:20.312479+00:00,
18928725-1f16-4759-af1a-a1f543cc5751,2305dbcf-10ae-4ce9-8f0e-73fb98afd175,1,el,0,Asia/Nicosia,,2025-11-17 16:41:20.312479+00:00,
5c23fea1-e6d4-4f34-adbb-2d810ecef3c6,a52de756-bd98-4a6a-9107-b435dd8a926d,1,el,1,Asia/Nicosia,,2025-11-17 16:41:20.312479+00:00,
68722f45-c2ab-44b6-bdcf-e144b8513efa,a200584a-304b-47ad-8d15-a95a2a2fc843,0,el,1,Asia/Nicosia,,2025-11-17 16:41:20.312479+00:00,
436816e2-b963-4801-af16-20d63707dbd5,c51336b5-9e84-4988-a46b-ebe92869d22b,0,el,1,Asia/Nicosia,,2025-11-17 16:41:20.312479+00:00,
7402e3e6-dc39-4ee1-9775-7ab2978d6999,a6442753-7a53-480c-b4a1-5e346ccf670d,1,el,1,Asia/Nicosia,,2025-11-17 16:41:20.312479+00:00,
9ce15a85-c6ee-4337-bad1-ab7e0ea4c63d,a16fbf71-6e36-4be0-a3b8-68843dd575b4,1,el,1,Asia/Nicosia,,2025-11-17 16:41:20.312479+00:00,
cbe4bd83-3423-4051-80f3-a3958013a6ec,83da537f-78fe-4d1b-8dae-f51ed1846998,1,el,0,Asia/Nicosia,,2025-11-17 16:41:20.312479+00:00,
089b1e4a-7816-46e8-baf3-156eff6837d3,303c43dc-6ee4-47f8-a41b-ada1f345b81e,0,el,0,Asia/Nicosia,,2025-11-17 16:41:20.312479+00:00,
89cb4811-7c76-456b-a557-385ee7f01ad7,5592fd03-63e9-4fa7-8f57-1ad35a6d982c,0,el,0,Asia/Nicosia,,2025-11-17 16:41:20.312479+00:00,
fa17b0f8-349a-4630-bcee-d09546886018,b9e0a2ea-2177-40dd-8d5c-3b188b038fca,0,el,1,Asia/Nicosia,,2025-11-17 16:41:20.312479+00:00,
c99c9692-25dc-455b-bf8c-397142903050,3e4a43b1-fb3d-4d1f-8e09-50f3a1a37967,1,el,0,Asia/Nicosia,,2025-11-17 16:41:20.312479+00:00,
0b27f48f-dc8e-4a58-9115-4d59165867d6,3899a6fc-0e67-4bfb-840f-2273474cd07b,1,el,0,Asia/Nicosia,,2025-11-17 16:41:20.312479+00:00,
a41cca56-4dcc-4135-a7f2-f1f95f7a9646,6b1e15f9-783d-4d2a-862b-c9fcc52b0d98,0,el,0,Asia/Nicosia,,2025-11-17 16:41:20.312479+00:00,
87c11c0f-4eaa-437e-91d8-422b5e4bc552,473a833f-f009-4dca-a70f-0c2b2fdc9227,0,el,0,Asia/Nicosia,,2025-11-17 16:41:20.312479+00:00,
47b93089-3f49-4297-9a39-16fba0be6a1a,a75151b7-a9a2-45b9-ad55-6d6aa7379f0b,1,el,1,Asia/Nicosia,,2025-11-17 16:41:20.312479+00:00,
8002613a-d5f0-4320-8bc9-8aaa2725c0a9,a928aacf-5a24-42e2-8c87-b0ae912c5149,1,el,1,Asia/Nicosia,,2025-11-17 16:41:20.312479+00:00,
ab70b797-77bb-45d7-b3dd-3fd3efb70ae0,1257e6d7-e32f-4931-a32f-a6f256624628,0,el,0,Asia/Nicosia,,2025-11-17 16:41:20.312479+00:00,
c953031e-8cff-457a-bca0-af791bfa549a,cd56a2a2-005b-4907-8e0d-217b3bb0472a,0,el,1,Asia/Nicosia,,2025-11-17 16:41:20.312479+00:00,
474cba3b-a02f-4263-96c1-df8ab812e643,b5b932e4-0e91-4622-83f8-1b7ae6ae0e32,1,el,0,Asia/Nicosia,,2025-11-17 16:41:20.312479+00:00,
ef8120b6-7b55-4b11-844a-f171a34ad43e,5e52fa8c-f512-49d9-b035-ccd62bb499b9,0,el,1,Asia/Nicosia,,2025-11-17 16:41:20.312479+00:00,
9cbaec22-d541-4de8-a01b-467a8cb1ff65,64be4a15-c47c-4728-8033-c2d648cb8100,0,el,0,Asia/Nicosia,,2025-11-17 16:41:20.312479+00:00,
e1059b25-38c8-439d-8dc4-d98721b565da,c0a159cb-753e-4a05-9a38-08b8dc942e0a,0,el,0,Asia/Nicosia,,2025-11-17 16:41:20.312479+00:00,
d3531666-0933-49eb-85c1-d3b727a77ae3,1e73d1dc-240a-4746-91f6-956c3899185c,0,el,1,Asia/Nicosia,,2025-11-17 16:41:20.312479+00:00,
43415500-c819-4eb6-857a-7c68a601b864,6971bb53-3a2c-490f-8441-564162f135e0,1,el,1,Asia/Nicosia,,2025-11-17 16:41:20.312479+00:00,
a8cb53d1-9353-4775-8d3d-bca57e8a8bb6,bbc39930-d1bc-4633-9d04-589a2e9c2ba2,0,el,0,Asia/Nicosia,,2025-11-17 16:41:20.312479+00:00,
b1272175-97c2-4c62-8f28-7c18b1238cb7,2d61d649-4853-4a53-90b5-cd19fec83ffc,0,el,0,Asia/Nicosia,,2025-11-17 16:41:20.312479+00:00,
7a7db4b8-bf7f-4d0e-a930-c78ba2396dfb,8068e229-24c4-4841-8e77-1c648a3b1d23,1,el,0,Asia/Nicosia,,2025-11-17 16:41:20.312479+00:00,
37921b39-4c9c-4695-b290-e58d771c4d7a,2684b825-b913-4dc4-9b1e-7a96dd42572a,0,el,0,Asia/Nicosia,,2025-11-17 16:41:20.312479+00:00,
7ba64f51-f727-4fb7-901e-acec8aae5ddd,51e6b49b-8259-4b6c-b866-18e2ed0d594d,1,el,1,Asia/Nicosia,,2025-11-17 16:41:20.312479+00:00,
d6b69e20-3036-4767-b616-bcfd992685ef,b0d95c1c-c40e-4c29-88db-de25e4d8a23c,1,el,0,Asia/Nicosia,,2025-11-17 16:41:20.312479+00:00,
0593733e-e96b-4dc4-bdd9-3bc49a24dc19,c2276e40-fb32-4dcb-b94c-f333d9ea9adb,0,el,1,Asia/Nicosia,,2025-11-17 16:41:20.312479+00:00,
64e40cd1-387d-411c-8543-1cbda801c403,30177847-bdda-4f65-b3f9-b95f5f3802d8,1,el,0,Asia/Nicosia,,2025-11-17 16:41:20.312479+00:00,
4275e4df-f54d-4d65-9f9e-8d7e1abfb9a3,3f166990-b77e-4fad-a69a-805abafd53f3,0,el,0,Asia/Nicosia,,2025-11-17 16:41:20.312479+00:00,
4c63252b-0f76-47bd-b497-bb7afc9bd558,28843d2c-5321-4421-88f0-6c7ea623618d,1,el,1,Asia/Nicosia,,2025-11-17 16:41:20.312479+00:00,
f2aa080b-12e2-4407-817a-9008095e6ba6,edc4c907-eb24-47c3-9af5-ec07e3e31018,0,el,0,Asia/Nicosia,,2025-11-17 16:41:20.312479+00:00,
e9b535ea-d144-41e7-805a-1c260c53d5e1,73fe81eb-9161-4fb7-85e4-395ecb9457f6,1,el,0,Asia/Nicosia,,2025-11-17 16:41:20.312479+00:00,
b5284973-fe3c-4549-9ef0-276be6641761,528804ba-5785-4209-b60a-787d735a4304,0,el,0,Asia/Nicosia,,2025-11-17 16:41:20.312479+00:00,
15e76658-2c49-4e7b-9f24-8752dbcc3d6a,b65d1651-2eaa-4147-9a50-e2cdf96c270c,1,el,0,Asia/Nicosia,,2025-11-17 16:41:20.312479+00:00,
59d8e625-d659-41bf-a4a6-c89eeb6f045b,c1b79c72-28b2-444a-96dd-4a6ea9249055,1,el,0,Asia/Nicosia,,2025-11-17 16:41:20.312479+00:00,
c4f63405-0c1a-4e25-a6ee-25b1a0a7cd67,2318867c-5be5-4474-b087-ad6d201665ce,0,el,0,Asia/Nicosia,,2025-11-17 16:41:20.312479+00:00,
e5a3020f-6dd7-4d39-b154-503d89ace555,32a737b0-8447-451f-ae70-93e47a035911,0,el,0,Asia/Nicosia,,2025-11-17 16:41:20.312479+00:00,
33a85c71-78d0-4f8f-8ced-4ae8627636e8,d08df7f6-b9a6-49e0-a4d0-b8e58e6384d3,0,el,1,Asia/Nicosia,,2025-11-17 16:41:20.312479+00:00,
1bb85f12-cf67-49df-a4b5-751a4f32a42e,5443a03e-69a5-426f-be62-1b4bfe918b87,1,el,1,Asia/Nicosia,,2025-11-17 16:41:20.312479+00:00,
cf9d64cc-b404-4bd9-bc20-0d39dfd47831,0a9d2987-bd6d-43c9-a71d-781fcc678cf7,1,el,0,Asia/Nicosia,,2025-11-17 16:41:20.312479+00:00,
51f68696-ea7e-4b27-9362-5f1aeb1d37e9,2ea84704-f537-46cc-b3a5-ad8bffad69ff,1,el,1,Asia/Nicosia,,2025-11-17 16:41:20.312479+00:00,
0e1b08ac-6536-430f-a17f-1cdce15890e5,a1a55b8c-d8a8-414d-b0b4-48167dd72ce7,0,el,1,Asia/Nicosia,,2025-11-17 16:41:20.312479+00:00,
819ebeda-4057-4952-8499-823a75e80193,227a98cd-8b9a-45fb-967d-64aa0b0fd968,0,el,0,Asia/Nicosia,,2025-11-17 16:41:20.312479+00:00,
0a1578bc-ca57-4040-99c3-8fc32e959b7e,168b4a3e-f069-43b2-8318-583428d970c4,1,el,0,Asia/Nicosia,,2025-11-17 16:41:20.312479+00:00,
b4c043aa-0ff1-4427-b0a8-89a26a216efe,cbfdd453-b17f-4d94-bc1e-7af7f565395d,1,el,0,Asia/Nicosia,,2025-11-17 16:41:20.312479+00:00,
e6f400bb-b992-45c6-b8dc-3f87c95d2737,528a5c4d-d69c-455c-afc3-7b0d315a1212,1,el,0,Asia/Nicosia,,2025-11-17 16:41:20.312479+00:00,
45d7a45b-32f2-4829-aa23-bcadf7507941,6f58c5af-bd87-4c1a-a30b-c5070711a3ad,0,el,0,Asia/Nicosia,,2025-11-17 16:41:20.312479+00:00,
d066ed72-0e2f-4dba-b761-7a6eb1e4580c,08c1c3d5-94c2-46d6-bc2d-104789e54e45,0,el,1,Asia/Nicosia,,2025-11-17 16:41:20.312479+00:00,
4448e519-0a95-4612-b502-cd5b3a302e74,8562a103-137c-4ce0-a88b-3d30c2ab77bb,0,el,1,Asia/Nicosia,,2025-11-17 16:41:20.312479+00:00,
149c8f13-0d06-40a5-817b-3b70f1d67ade,b3a843ab-09eb-4b91-a152-19057b9ea0ca,0,el,0,Asia/Nicosia,,2025-11-17 16:41:20.312479+00:00,
0ba38ae7-3ac9-4c3a-b83c-e1966513f862,6be61b9c-15d8-49d4-b939-c2e1fc96bedf,0,el,1,Asia/Nicosia,,2025-11-17 16:41:20.312479+00:00,
5d2371bf-5178-4f3f-9ce2-b5537ee2f6eb,2f35b776-95f3-4a4f-bc4b-c1245ca056e5,0,el,1,Asia/Nicosia,,2025-11-17 16:41:20.312479+00:00,
91ba5073-9e93-43c2-b1b5-1fb2ff0c1e57,acff63af-2977-4c45-b9c8-ab03fd584c9b,0,el,1,Asia/Nicosia,,2025-11-17 16:41:20.312479+00:00,
3b0a18e4-6462-4498-a520-48785efb34ba,735c1dfa-2384-464b-ae38-ce53cd34cc0f,0,el,0,Asia/Nicosia,,2025-11-17 16:41:20.312479+00:00,
89546b0a-db2a-4204-93d9-28edc9fefa03,eb3540af-13d9-4673-8f0f-b7ed95aea4c7,0,el,0,Asia/Nicosia,,2025-11-17 16:41:20.312479+00:00,
7cf4dec3-74a0-4535-a540-ab5d12c5d86b,c5cab3b0-1369-40cc-a64e-b98ccc2400a4,0,el,1,Asia/Nicosia,,2025-11-17 16:41:20.312479+00:00,
b24046a8-17bf-4b86-bfab-650b3fe9f292,a674c8f4-7542-44ed-9a84-a38b1ecec51f,1,el,1,Asia/Nicosia,,2025-11-17 16:41:20.312479+00:00,
f0adde99-3f37-4d17-9017-e882b48b5cbe,b2a63758-b9f5-42b3-a5a0-5eeb35392c18,1,el,0,Asia/Nicosia,,2025-11-17 16:41:20.312479+00:00,
4ede9439-8f5f-4ed4-8c2d-f9e402e04666,4b3e6e63-73f9-4232-bd4c-44d814722517,1,el,1,Asia/Nicosia,,2025-11-17 16:41:20.312479+00:00,
db4ade78-fbd7-487e-8a8d-a5fcb07eee0f,04d9900a-36ca-4d66-bc09-4e9e2657ea03,0,el,0,Asia/Nicosia,,2025-11-17 16:41:20.312479+00:00,
3e673ffb-4893-421a-8c50-146796e4dc0f,d9ec00fb-4184-446a-9826-919360fc5de1,1,el,0,Asia/Nicosia,,2025-11-17 16:41:20.312479+00:00,
c6c8190b-b48d-4489-8528-3806e1091257,45bb65d8-9e5a-4b63-bb75-01ca1d59ea7b,0,el,1,Asia/Nicosia,,2025-11-17 16:41:20.312479+00:00,
ce2f9ea0-d17d-425c-a67a-f69c44164167,f0a48738-c3be-41de-8db3-058ed0ef4003,0,el,0,Asia/Nicosia,,2025-11-17 16:41:20.312479+00:00,
0e581c29-2190-4255-8311-42e81ca9413e,5d732e0d-70c6-48ea-95c2-fdc7748d053d,0,el,1,Asia/Nicosia,,2025-11-17 16:41:20.312479+00:00,
bdd07f1e-2600-4dcc-a577-87757160607e,30570fc0-854d-4fdd-a9b3-d7f08cd12bf1,0,el,1,Asia/Nicosia,,2025-11-17 16:41:20.312479+00:00,
8c94397e-ea45-4e30-93ff-27bb9e8435bb,752efcf8-ae7a-45a0-a55b-f12815a54938,0,el,0,Asia/Nicosia,,2025-11-17 16:41:20.312479+00:00,
d9db97eb-cbb7-429e-95f8-20fb99e97a50,4687d607-9bcc-4bb5-9359-3fb4f68e90a9,0,el,0,Asia/Nicosia,,2025-11-17 16:41:20.312479+00:00,
dcc2c168-5f65-4cef-bc67-3fb67f84ccc2,9a351a14-6c5b-4d7e-b9ff-405e7b946b67,1,el,0,Asia/Nicosia,,2025-11-17 16:41:20.312479+00:00,
7bb5ce28-99ac-408f-bb0a-37f13e26f0df,64334995-2f90-4f0c-ace4-54c955618b89,0,el,0,Asia/Nicosia,,2025-11-17 16:41:20.312479+00:00,
66dec7e4-ea55-40e1-92f6-207648c3303c,fbf82ceb-2abb-4ef0-9021-fb4208fc07a5,0,el,1,Asia/Nicosia,,2025-11-17 16:41:20.312479+00:00,
1d908ce0-0cd2-4aac-bbef-afe43536faec,f41e55b8-4fe3-4f74-9e6a-3e30673cddf7,0,el,0,Asia/Nicosia,,2025-11-17 16:41:20.312479+00:00,
1e49dcef-2299-4551-a595-4a34bbbf1617,f30df5b3-3919-4e7b-85dc-37c73eb536bf,0,el,0,Asia/Nicosia,,2025-11-17 16:41:20.312479+00:00,
715c82bd-f68f-424d-a458-53c048c518cb,6e9f470d-5dbe-4edb-80d3-6a486cc3fd66,0,el,0,Asia/Nicosia,,2025-11-17 16:41:20.312479+00:00,
94b6db05-97d7-44dd-a52f-5a2ee48d3be0,7a86eb5a-7990-4df4-b1ee-6a9a79d9a48b,0,el,1,Asia/Nicosia,,2025-11-17 16:41:20.312479+00:00,
c9ea6c7c-5d85-42fe-a7eb-f8bb0a2d0514,f8b3e4fd-87a7-4d6a-952f-f815f8fe618c,0,el,1,Asia/Nicosia,,2025-11-17 16:41:20.312479+00:00,
246cd772-b4bc-4244-80d9-56a8fd5ad6bd,cb5d6814-741e-4eb3-a00f-5b14d5e3e564,0,el,0,Asia/Nicosia,,2025-11-17 16:41:20.312479+00:00,
51d46f31-fe5c-4d9b-b6c9-11164902f8c7,d788bc43-1569-4001-9771-6ad94a002aa6,0,el,1,Asia/Nicosia,,2025-11-17 16:41:20.312479+00:00,
5dd45b9f-563e-45f5-91f4-54818408a728,35f7d530-37ee-40e3-8180-b5f438654af9,1,el,1,Asia/Nicosia,,2025-11-17 16:41:20.312479+00:00,
628423eb-9be7-4800-a2bf-bdce31d12d5b,97648b2d-f687-4e4f-815e-40f816a6ce96,0,el,0,Asia/Nicosia,,2025-11-17 16:41:20.312479+00:00,
1f8b69ac-fa1d-4792-b8b0-6b4d707e5bec,ac01d073-c861-4be7-a077-8ff46fb8cb4a,1,el,0,Asia/Nicosia,,2025-11-17 16:41:20.312479+00:00,
501d4191-5448-4cc4-a5e2-cb190eb7c102,fcd79254-e875-467e-9218-989a258c8d3a,1,el,1,Asia/Nicosia,,2025-11-17 16:41:20.312479+00:00,
2ef138a0-6dcd-4301-937e-ff03547c0549,097f6f30-aa01-4b73-987c-3c00a66c4bee,1,el,0,Asia/Nicosia,,2025-11-17 16:41:20.312479+00:00,
5b59b5d9-75aa-43f2-938f-747c3280e76a,3e25ddbd-593b-43ef-b7b5-147b3dd48433,1,el,0,Asia/Nicosia,,2025-11-17 16:41:20.312479+00:00,
b64d57af-1584-4d5b-b73b-cbdaa6cf4636,a4f92342-ec09-438e-bd65-56cb86c4df68,0,el,1,Asia/Nicosia,,2025-11-17 16:41:20.312479+00:00,
81e1a8c2-4524-4f45-bc67-a070b8b8d59b,d013de1b-f2ae-4f37-8730-5c17926ccbcf,1,el,0,Asia/Nicosia,,2025-11-17 16:41:20.312479+00:00,
d1dc9ad2-fc32-431c-95af-97a297d0a236,7dd4bf11-059d-434c-ab6a-d08b1db96d24,0,el,1,Asia/Nicosia,,2025-11-17 16:41:20.312479+00:00,
dc506c52-f922-45b1-a715-cd63c2eb0b26,ec9228f0-3603-447a-8647-3b19b4c904f7,0,el,0,Asia/Nicosia,,2025-11-17 16:41:20.312479+00:00,
09bf19bf-a62d-49c9-9dd6-90b818b199e3,0e727fd3-b846-4bc2-b2b1-1f51c45b89bd,0,el,1,Asia/Nicosia,,2025-11-17 16:41:20.312479+00:00,
895a4adb-23e6-4c1d-80c1-58e3081e5aa7,180f206a-92a8-418c-afcb-bde1362113fd,1,el,1,Asia/Nicosia,,2025-11-17 16:41:20.312479+00:00,
9bfbe8b1-472c-4d50-80ca-eaf9915b98d0,1d2a49b2-04ac-4184-a342-7df3d75bfa96,1,el,1,Asia/Nicosia,,2025-11-17 16:41:20.312479+00:00,
9fbbefe1-d803-4e7f-aed2-e83d924db8fd,e59aeb95-bc06-4d60-9f9c-1b99bf169812,1,el,1,Asia/Nicosia,,2025-11-17 16:41:20.312479+00:00,
4357ad44-750c-4163-b41f-a7c3b56409b2,90e4b34e-340f-482d-ae46-3ef3049a37f5,1,el,0,Asia/Nicosia,,2025-11-17 16:41:20.312479+00:00,
981dd0c1-e4bb-44d6-ad2b-16433d3f9793,6b7bcc8e-ee37-48c6-869d-b3c22e470a6c,0,el,0,Asia/Nicosia,,2025-11-17 16:41:20.312479+00:00,
ab8fcfb1-9a67-4a83-a8d9-b80df382796d,cdd5c734-8dfb-4540-a5fa-dde04e145cc9,0,el,1,Asia/Nicosia,,2025-11-17 16:41:20.312479+00:00,
fcd468c5-51db-40c0-a5a3-71c0c7935535,c5cdc1e9-a1cc-42e9-8b2b-922b7383be98,1,el,1,Asia/Nicosia,,2025-11-17 16:41:20.312479+00:00,
05333e6a-a858-41bd-9c4c-9ba669d6b9f2,cf8822d2-2ef3-4c99-9974-1c1a57718a4d,0,el,1,Asia/Nicosia,,2025-11-17 16:41:20.312479+00:00,
b06c42c8-f02a-4e24-8386-0d8b770babf4,74e9b3a5-ff60-49e3-9ac5-effc30f5ab65,0,el,0,Asia/Nicosia,,2025-11-17 16:41:20.312479+00:00,
d0289c6d-28ab-43ae-a159-e206c6ebab64,664aac94-fc5e-47c8-bc03-247e500a150a,0,el,1,Asia/Nicosia,,2025-11-17 16:41:20.312479+00:00,
ebf150cf-a473-464d-95c3-cab7af95d9cc,9a045981-ea4d-4bd9-8b8d-4fe4ca42568b,0,el,1,Asia/Nicosia,,2025-11-17 16:41:20.312479+00:00,
5b363678-63ab-4f83-b41e-ddeaf1c4eb95,9a4b9fb4-aeae-49dd-a9a4-987da9310c2b,1,el,0,Asia/Nicosia,,2025-11-17 16:41:20.312479+00:00,
b6f76862-e328-4e8c-b63d-8abac868db80,a6b6360d-187a-4e62-8581-862642214355,0,el,1,Asia/Nicosia,,2025-11-17 16:41:20.312479+00:00,
08a09f66-89d7-4151-913d-7de894730112,c60fb4fe-bb7e-4517-b52f-c58dd72a5fdf,1,el,1,Asia/Nicosia,,2025-11-17 16:41:20.312479+00:00,
ec4b3847-a6de-46e8-8c0e-eb3ccca3c1e3,37b8d9c3-4391-44df-af47-4e155eb2cc2d,1,el,0,Asia/Nicosia,,2025-11-17 16:41:20.312479+00:00,
c0e5a56f-ca9e-4ae1-843a-8f41b238e17c,24506225-d47f-4706-9da2-e72022241e49,0,el,1,Asia/Nicosia,,2025-11-17 16:41:20.312479+00:00,
acee8206-bc52-4cce-a821-975aae2929f7,a91154c7-e9ac-4482-9860-8b10682a3b0a,0,el,1,Asia/Nicosia,,2025-11-17 16:41:20.312479+00:00,
19d65e17-b3f7-4a31-947b-9731583c114a,4d5cf841-2891-4755-aac3-2e14c92d8310,0,el,1,Asia/Nicosia,,2025-11-17 16:41:20.312479+00:00,
8ba4f15c-bcc1-40cf-8d95-b4702169b1c1,637b1d76-eac4-4389-8bd8-56a5597c6563,0,el,0,Asia/Nicosia,,2025-11-17 16:41:20.312479+00:00,
05337922-3c9e-4644-9a48-2eca1f11da2d,795e08bd-6646-4b31-8d44-1cd364f5eec3,0,el,0,Asia/Nicosia,,2025-11-17 16:41:20.312479+00:00,
a401ba42-398a-49dc-b86e-db55dc4bd0a9,ad6f4c8f-ef00-4f4c-bf87-26ea5319ef0c,0,el,0,Asia/Nicosia,,2025-11-17 16:41:20.312479+00:00,
b802883b-39d9-4e3a-b9db-420c921e210e,cadc1095-24d6-40b6-90a5-4461030030c3,0,el,1,Asia/Nicosia,,2025-11-17 16:41:20.312479+00:00,
a620e3ab-336f-4bc0-bfc9-b8c1e5d05ec1,cd57e337-340a-4679-b550-828bfe353d2a,1,el,1,Asia/Nicosia,,2025-11-17 16:41:20.312479+00:00,
3465e4c9-7eb9-4334-969e-fb174a72824f,30725c53-04a8-4c07-bfd4-64608e46d62d,0,el,1,Asia/Nicosia,,2025-11-17 16:41:20.312479+00:00,
162b2ac9-f5d5-4ea3-9a00-b67555e8cc91,560f72f4-74d0-4ad1-b5b5-4cac10a04696,0,el,1,Asia/Nicosia,,2025-11-17 16:41:20.312479+00:00,
9169e380-4775-4d65-968c-710fc561c546,f9f2734e-a29a-4dcc-89f0-c071a060be97,1,el,1,Asia/Nicosia,,2025-11-17 16:41:20.312479+00:00,
b9077e8c-00f5-4d8e-88f2-15b7fbe41878,7de1ac0a-380e-4ca6-b41c-8323837d19c2,0,el,0,Asia/Nicosia,,2025-11-17 16:41:20.312479+00:00,
d634a573-7df1-476c-8d40-3605864340ff,03377bde-ed19-4bb8-8cd5-c3efc197078e,1,el,1,Asia/Nicosia,,2025-11-17 16:41:20.312479+00:00,
6b1df633-de83-4725-bf0f-14c02be5cbf0,8f27fda6-c548-41e2-a076-1b5e85b6e016,0,el,1,Asia/Nicosia,,2025-11-17 16:41:20.312479+00:00,
9b2858d0-5245-4567-891e-48404eeb737b,6c031c23-8494-423a-a153-bbe8beb016ac,0,el,0,Asia/Nicosia,,2025-11-17 16:41:20.312479+00:00,
604ce25a-2c6a-4017-ab92-ae0c401845a7,1f8e17e6-9f39-4432-9ec3-ba2b37ef25fd,1,el,0,Asia/Nicosia,,2025-11-17 16:41:20.312479+00:00,
111ba5b3-829b-49d6-b5eb-0f1d9d2070db,9d816632-bd24-48b6-84dd-736374d5f137,0,el,0,Asia/Nicosia,,2025-11-17 16:41:20.312479+00:00,
01ec2ac2-394e-4865-b8ba-ae6c2db662d5,a0022a72-8407-46f8-8dc0-c5777b517042,0,el,1,Asia/Nicosia,,2025-11-17 16:41:20.312479+00:00,
70e59a4a-c949-4651-81dc-10464dd0669d,a01f313d-1fb5-44cc-87ee-ea6aabae3cd3,1,el,0,Asia/Nicosia,,2025-11-17 16:41:20.312479+00:00,
1129800a-3e9a-4b8a-9606-c9a459fc2db1,5ac500ee-4ce2-4981-bccb-cd7a5108995e,0,el,1,Asia/Nicosia,,2025-11-17 16:41:20.312479+00:00,
fb865469-b848-4de6-b50a-5b0710cd78ec,2924e48f-ea9f-49f8-aa23-f3de597b554b,0,el,0,Asia/Nicosia,,2025-11-17 16:41:20.312479+00:00,
8bf3ef9b-4edc-4ab4-b7e5-05f84a3215b7,c3b10aaa-bfd8-48f5-8564-e29a6737a20e,0,el,1,Asia/Nicosia,,2025-11-17 16:41:20.312479+00:00,
f68dbe19-8ad8-4343-b7ae-f4a39a2e09bc,df3444cb-5f14-4509-9bfc-91ecb1fc4868,1,el,0,Asia/Nicosia,,2025-11-17 16:41:20.312479+00:00,
00ed65b6-0583-453b-bf79-59778e2613d5,eff60387-4945-4a14-b4c6-36eff1d312e4,1,el,1,Asia/Nicosia,,2025-11-17 16:41:20.312479+00:00,
8c7f74d4-2a90-4794-bf0f-eede773ccd8d,3c1a2dc3-99b0-4b9c-aeee-d75b45b948ef,0,el,0,Asia/Nicosia,,2025-11-17 16:41:20.312479+00:00,
0f881281-c42f-403a-94b1-fa9b9cd4188f,b119aa19-9a18-43cc-89b2-99b142060890,1,el,1,Asia/Nicosia,,2025-11-17 16:41:20.312479+00:00,
7408f199-e686-4641-abf2-48558f5e156a,e6299148-3944-479b-afc2-5a6d6ca19912,1,el,0,Asia/Nicosia,,2025-11-17 16:41:20.312479+00:00,
b4fdcbce-70e0-4171-a390-f645bd57c968,44f3f4d5-93d1-4eac-877f-510add1730ca,0,el,1,Asia/Nicosia,,2025-11-17 16:41:20.312479+00:00,
d6907f40-b7e4-460a-989c-7d61212ca28b,8b143ca3-e24c-4cdc-bba3-ae7c093dd474,1,el,0,Asia/Nicosia,,2025-11-17 16:41:20.312479+00:00,
dd76cd87-ff13-4f2f-afeb-97216bac8d4b,9a7155c5-a251-49ad-8706-8d82811af290,1,el,0,Asia/Nicosia,,2025-11-17 16:41:20.312479+00:00,
69bd4d21-4d91-4c4f-a5f9-7d6d7f1c5693,7b16daff-71b5-4b74-92a6-ce4f4e727b47,0,el,0,Asia/Nicosia,,2025-11-17 16:41:20.312479+00:00,
0374059b-3792-4ced-b818-c85f2788474b,0007ff33-9739-4ad0-8ed5-cd6cad186ed9,0,el,1,Asia/Nicosia,,2025-11-17 16:41:20.312479+00:00,
70165836-4e07-4d12-9d2b-5ad199fecd59,a5224a87-ef0a-45ba-ab4e-309d506f8400,1,el,0,Asia/Nicosia,,2025-11-17 16:41:20.312479+00:00,
821ad981-4136-4b09-9218-3677418f1af5,70ce3688-8e23-4f74-bf59-62167c6a65dc,0,el,1,Asia/Nicosia,,2025-11-17 16:41:20.312479+00:00,
87429d1d-0fdb-4c1d-8581-51b9e125f60e,9728ed7d-d8a2-47c4-b4ab-5b1259872823,1,el,0,Asia/Nicosia,,2025-11-17 16:41:20.312479+00:00,
767ed538-edb5-4b3b-bcdd-0319cc240471,67f6e51f-5920-4970-972b-c35c2452b366,1,el,0,Asia/Nicosia,,2025-11-17 16:41:20.312479+00:00,
08364ef7-8e6e-45a0-9f43-7f61dc46ab29,2df2326f-77b1-4486-b897-94130660f07d,0,el,1,Asia/Nicosia,,2025-11-17 16:41:20.312479+00:00,
847cd462-f5c2-4bcc-ab37-420d7b17f9ee,8dbe02a2-6e27-492a-afe0-e2ee9075f560,0,el,1,Asia/Nicosia,,2025-11-17 16:41:20.312479+00:00,
d4f435a8-39fc-4d86-b5b1-769d6c97f723,ec78dffd-7917-40df-acc0-5fe009811236,1,el,1,Asia/Nicosia,,2025-11-17 16:41:20.312479+00:00,
3521d2fd-5822-405c-9738-253ee21f87ae,d6f71591-1af0-43ea-9c4f-4f355085803b,1,el,1,Asia/Nicosia,,2025-11-17 16:41:20.312479+00:00,
718c3245-7750-4058-8b95-5bebae553e2c,0f6e2c73-4ba9-43e4-b519-cff122164443,0,el,1,Asia/Nicosia,,2025-11-17 16:41:20.312479+00:00,
c5d191ca-6e72-40f3-b244-c4de7c07eca1,eb16d30d-16ff-4c5a-9813-1f6957984efc,0,el,0,Asia/Nicosia,,2025-11-17 16:41:20.312479+00:00,
3581f504-7a1f-4534-99d9-3c03bf6e8449,b9155cdd-a178-4537-aa74-1624446316d3,1,el,1,Asia/Nicosia,,2025-11-17 16:41:20.312479+00:00,
64012ef2-b35d-4d29-8575-c1b33a15940c,6fff6fce-240d-4999-8d33-a07de7e2496f,1,el,0,Asia/Nicosia,,2025-11-17 16:41:20.312479+00:00,
19568b3a-3195-4c76-adc4-8be54b72309b,780e750f-082a-4f93-a9ce-81162fd5d129,0,el,1,Asia/Nicosia,,2025-11-17 16:41:20.312479+00:00,
7466e226-7aae-4898-8704-97d0ba449a6d,81309ba6-9643-46f3-b758-d99319b8257b,0,el,0,Asia/Nicosia,,2025-11-17 16:41:20.312479+00:00,
34ff98df-06d8-4633-9ced-865142ef5f14,95874315-71c9-48ce-a0d5-c059bb7c55e2,0,el,0,Asia/Nicosia,,2025-11-17 16:41:20.312479+00:00,
385226af-da3c-4a4c-9a56-27f89583d943,6a380a4a-7421-463f-be37-482aef0502d7,0,el,1,Asia/Nicosia,,2025-11-17 16:41:20.312479+00:00,
4af88cd0-85ae-4abd-be3b-022180720e15,be4a9b0c-cf8e-4a15-87a3-554cd8ee73d9,1,el,0,Asia/Nicosia,,2025-11-17 16:41:20.312479+00:00,
64ba999a-57db-4dad-8c90-76991e37ca62,000deece-d5b1-4d22-b9b1-e2a03a94e080,1,el,0,Asia/Nicosia,,2025-11-17 16:41:20.312479+00:00,
12721f1c-325d-4401-a336-c68471f5ac9b,18957abc-42ec-426e-9b6f-cdc67e2d149d,1,el,1,Asia/Nicosia,,2025-11-17 16:41:20.312479+00:00,
8a1f2c37-c2fc-4792-86d6-31f7f35e8a37,9fe67cad-d1c9-4646-88ee-3cf11e34fe0e,0,el,0,Asia/Nicosia,,2025-11-17 16:41:20.312479+00:00,
61cf9120-9748-4140-bb85-4b00fca68728,8c3f85f3-a348-41d1-9c24-79cb2290e959,1,el,0,Asia/Nicosia,,2025-11-17 16:41:20.312479+00:00,
9c3dac2a-2163-44b0-9126-8f4da5451588,6607e3cc-44e3-4e04-baa6-29a2ea73d7f4,1,el,0,Asia/Nicosia,,2025-11-17 16:41:20.312479+00:00,
fdd4e362-3cc6-4832-827a-488d89cd2c36,99a32199-9897-4684-9caa-d7f01d908585,1,el,1,Asia/Nicosia,,2025-11-17 16:41:20.312479+00:00,
02dd3466-be07-4ec7-baa0-14def19663fb,d8e0448c-6be2-4238-8bd0-714a6416db10,0,el,0,Asia/Nicosia,,2025-11-17 16:41:20.312479+00:00,
48ead890-5836-4e2e-bfb4-91edfbc2df87,7f4d8b50-712e-43a1-9ed3-250ceb6827df,1,el,0,Asia/Nicosia,,2025-11-17 16:41:20.312479+00:00,
77979301-9453-468d-8b21-cc1bcf4de4f5,e46b6bb0-a1e2-47c5-b796-4dad5856bbbf,1,el,1,Asia/Nicosia,,2025-11-17 16:41:20.312479+00:00,
935d8135-c2a6-4ea1-a207-35805bcaa254,f00feef7-412e-438b-a09a-2d1a01b74860,1,el,1,Asia/Nicosia,,2025-11-17 16:41:20.312479+00:00,
f40a24f0-a1a3-4c77-ae5c-6717a7548fdd,c569d006-ef04-445b-9441-595c2458e777,0,el,0,Asia/Nicosia,,2025-11-17 16:41:20.312479+00:00,
25349d37-8332-47b2-9d27-2c2bb45fb7a8,804d7a33-b207-43c9-ace6-5aabe6eaed02,1,el,1,Asia/Nicosia,,2025-11-17 16:41:20.312479+00:00,
dc35ce84-132f-4b42-b451-f78f47866ce5,ecb85143-27b1-4762-94bc-6630cb1f406d,0,el,1,Asia/Nicosia,,2025-11-17 16:41:20.312479+00:00,
1f262a7e-94d8-4c50-990d-a028ac5a3db0,0b52865f-987a-467f-90f2-872cf3086337,1,el,0,Asia/Nicosia,,2025-11-17 16:41:20.312479+00:00,
c539d2f3-469b-41e6-8efe-6348eb789ca1,d111758c-2237-46da-9510-d70627571acb,0,el,0,Asia/Nicosia,,2025-11-17 16:41:20.312479+00:00,
7da01004-e711-4f90-8b4c-bff8896244be,93f27db2-13e1-4e3b-bcfc-b31ce6e20e70,1,el,0,Asia/Nicosia,,2025-11-17 16:41:20.312479+00:00,
38205023-b78f-40a3-9d46-e621c2f96211,c2f55462-297e-428d-bb52-12c15c1129ae,1,el,1,Asia/Nicosia,,2025-11-17 16:41:20.312479+00:00,
35b9a5c4-cc0e-4168-8425-432e392fa28d,3806b3ec-99c6-4121-b829-685a01c750ae,0,el,1,Asia/Nicosia,,2025-11-17 16:41:20.312479+00:00,
3ec67a05-462b-48bf-bcb2-684f6aa51479,ce2ef3e7-85f1-4271-8f20-b681a9b8a603,1,el,0,Asia/Nicosia,,2025-11-17 16:41:20.312479+00:00,
5be0ceb8-d846-4899-9276-b2279e6e002f,72ada1dc-42bb-4c71-a08c-357468f3823a,0,el,1,Asia/Nicosia,,2025-11-17 16:41:20.312479+00:00,
ef149362-67ee-4d0e-81eb-273aa4b5ac58,d848f635-7260-489b-948f-687b08b3f137,1,el,1,Asia/Nicosia,,2025-11-17 16:41:20.312479+00:00,
6de54ca3-5954-4af2-9db2-860fef0e205b,4e34e4f5-df01-4ebd-b495-902164b883c4,1,el,0,Asia/Nicosia,,2025-11-17 16:41:20.312479+00:00,
5f1c455b-bae4-4c2f-8fdd-22111bc9e8f9,6427110f-2abe-46c3-b551-e66820c5f3bb,0,el,1,Asia/Nicosia,,2025-11-17 16:41:20.312479+00:00,
6345d114-aa40-4401-8539-1c1f8cfd6102,d99c5025-dd89-4e70-a8ea-6b394e2ed57b,1,el,0,Asia/Nicosia,,2025-11-17 16:41:20.312479+00:00,
48dde9fe-1187-4c0a-906c-2ef4be858bc5,4d361954-1bd2-45c2-ac5a-627fb4cda552,1,el,0,Asia/Nicosia,,2025-11-17 16:41:20.312479+00:00,
d82c9223-03d7-41bc-9017-638c53be274c,fe2e1262-10f4-4d32-a9ee-301aa370725d,1,el,0,Asia/Nicosia,,2025-11-17 16:41:20.312479+00:00,
b1d82912-bfc7-4690-8399-cdc0cab17548,3005c063-e3f4-4a46-9b76-c16bae46dc77,1,el,0,Asia/Nicosia,,2025-11-17 16:41:20.312479+00:00,
38c75f2c-0c0d-49a9-9861-0c000bec1a84,b0882b4b-4b54-408a-a0df-d1ea48a97614,0,el,1,Asia/Nicosia,,2025-11-17 16:41:20.312479+00:00,
188dacd2-dd55-4c66-9a9e-358b1fb195ee,67fa234f-3216-431a-a1a7-87f2a1c1618f,1,el,0,Asia/Nicosia,,2025-11-17 16:41:20.312479+00:00,
f70cd3ea-9752-415a-a78e-5dc64e6d183b,3edfa699-f7f0-4a76-a38e-ac4a1ce657a6,1,el,0,Asia/Nicosia,,2025-11-17 16:41:20.312479+00:00,
8db6c2aa-df07-4748-9683-2772c9216321,c552a3a4-14d9-4a3e-bf14-3491392cd5bd,0,el,1,Asia/Nicosia,,2025-11-17 16:41:20.312479+00:00,
a76aed0b-ac78-4eba-a169-15c6ed3b8244,87c8d658-e9e4-4995-9161-e4c225e1eef4,1,el,0,Asia/Nicosia,,2025-11-17 16:41:20.312479+00:00,
b6600a04-a992-4d63-bda5-feb422a4bdbe,7d8b5e04-a751-4ced-95ae-d1a705a9fa85,1,el,0,Asia/Nicosia,,2025-11-17 16:41:20.312479+00:00,
692506b4-ab99-4208-8915-397d1789e277,b538f4eb-4f8c-4f6e-9104-2dfb536ff721,1,el,0,Asia/Nicosia,,2025-11-17 16:41:20.312479+00:00,
7f67d117-da6e-49c9-85ae-427187b00163,9ac2de46-a57f-4f7b-a335-4913405e921b,1,el,1,Asia/Nicosia,,2025-11-17 16:41:20.312479+00:00,
e592926b-0aa5-4452-b8d9-49962ac7d1a4,b212863b-9f69-4e5a-9bd8-06d33ecaa0db,0,el,0,Asia/Nicosia,,2025-11-17 16:41:20.312479+00:00,
c28015ab-63b1-42ea-a6ec-a25f1d97846b,be3244a7-7ee0-4996-87b2-697804f220ef,0,el,1,Asia/Nicosia,,2025-11-17 16:41:20.312479+00:00,
b4283af7-d17b-4361-bf7b-008df2b502b0,1c972f68-642d-4a82-9e60-fa405210bc32,0,el,0,Asia/Nicosia,,2025-11-17 16:41:20.312479+00:00,
444c6f9d-00b4-494a-b1ca-2aecc2d5d1a1,3f10cf2a-398f-404a-b7ea-7aafbdfe1622,0,el,1,Asia/Nicosia,,2025-11-17 16:41:20.312479+00:00,
68c61c67-a235-4a0c-bc79-f2f868b1ad0b,389a4d8a-fe7f-4b47-956f-598a747bb4dd,0,el,0,Asia/Nicosia,,2025-11-17 16:41:20.312479+00:00,
14357082-8437-417e-8953-f3217aca3901,b74c426c-0171-4cb7-85ae-887faa08e0be,1,el,0,Asia/Nicosia,,2025-11-17 16:41:20.312479+00:00,
83c2ba29-d9c2-474e-9071-e22c84e193ca,694d0ac9-416f-439a-9241-387fd26855ac,0,el,0,Asia/Nicosia,,2025-11-17 16:41:20.312479+00:00,
d9199105-9401-4bc0-a536-a71c79e4eec1,ebaff355-082c-47df-80d4-c62b798b6457,0,el,1,Asia/Nicosia,,2025-11-17 16:41:20.312479+00:00,
59a5811e-82ae-435c-a0e9-84dfed864d90,76520663-55b7-4cbb-83f4-70a6e6d473a3,0,el,1,Asia/Nicosia,,2025-11-17 16:41:20.312479+00:00,
a3f82262-e838-418c-9d56-d0f3173e8e8a,48f43f83-5453-44c1-b7a4-29696411bf79,0,el,0,Asia/Nicosia,,2025-11-17 16:41:20.312479+00:00,
562e1e9d-7f66-4a75-9854-d0b1f95122eb,8e142661-9234-4f1d-966e-bd258f539e56,1,el,0,Asia/Nicosia,,2025-11-17 16:41:20.312479+00:00,
20e9c18a-f0af-40eb-9215-604349a18f3c,04fe1c3a-2f85-4eb5-9e64-55a9cdbde23e,0,el,0,Asia/Nicosia,,2025-11-17 16:41:20.312479+00:00,
d1765dd6-eb2e-4257-a500-da6667f9f064,77e4857d-5386-4589-a4ca-805c034eb725,0,el,0,Asia/Nicosia,,2025-11-17 16:41:20.312479+00:00,
84c96ac3-2c17-4a57-9d68-5be45c9c2c42,1eadc3b1-0f60-488d-a516-3b87cb667d25,0,el,1,Asia/Nicosia,,2025-11-17 16:41:20.312479+00:00,
5dbf0d58-20c6-4280-97c3-41b55d4c96be,5346472e-7e3e-4e57-9731-d0149dea331f,0,el,0,Asia/Nicosia,,2025-11-17 16:41:20.312479+00:00,
799b7a8f-87fc-424a-b146-121c7417b3a7,eac44251-ee9b-4bdd-9192-255e8751a830,0,el,0,Asia/Nicosia,,2025-11-17 16:41:20.312479+00:00,
ce49759c-e5f7-4df0-9b64-f79daa6fd85b,1a372598-e3df-4ae1-9f08-d16039f005c5,1,el,1,Asia/Nicosia,,2025-11-17 16:41:20.312479+00:00,
e1f63b6a-d4d9-4ac9-a35d-23031bef875e,c5cdd1b2-6bc3-4c0e-bb5b-97d8625e598a,0,el,1,Asia/Nicosia,,2025-11-17 16:41:20.312479+00:00,
af6dd58f-5086-4fd3-a611-f4dd83c56966,e929c6a3-51d9-4993-b102-bfb5e066b6ac,0,el,0,Asia/Nicosia,,2025-11-17 16:41:20.312479+00:00,
e3173e45-f9fa-4bda-ad21-2e2fc6ee6476,d492a389-9a12-4312-ada1-f07c947a86b1,1,el,0,Asia/Nicosia,,2025-11-17 16:41:20.312479+00:00,
292fecd2-be62-435a-a2d5-670082770d8b,aa848b40-eee8-471c-b7a0-9f6473201b48,0,el,0,Asia/Nicosia,,2025-11-17 16:41:20.312479+00:00,
d90707f3-547e-401f-81df-43c9f0762f4e,bb998e9e-04f3-49b2-a0f2-60e866089532,0,el,1,Asia/Nicosia,,2025-11-17 16:41:20.312479+00:00,
fc4e90d6-c78e-47d5-8d52-281925ce6ba9,a2de256b-3158-4164-8daf-9e1bc4a3849d,1,el,0,Asia/Nicosia,,2025-11-17 16:41:20.312479+00:00,
e3039ccd-2f1e-4e91-8ef7-989c939b0ba8,ad12dab3-653c-46d1-adfa-c1334829ede1,1,el,1,Asia/Nicosia,,2025-11-17 16:41:20.312479+00:00,
f94fb5f8-360f-4d08-a971-8daaa37e8c5c,f1c98911-1351-49f4-94e4-5e3e78e3c668,0,el,0,Asia/Nicosia,,2025-11-17 16:41:20.312479+00:00,
f808e956-d5eb-4986-9ab9-57d09ee8e1b7,548e16f0-8fa8-4b75-8911-29e2bd179d0e,1,el,1,Asia/Nicosia,,2025-11-17 16:41:20.312479+00:00,
ac4fd372-f5e4-4d74-96b3-5d95251f6e63,dca4816a-4b63-4d29-8826-a1e9ef6e5e52,0,el,1,Asia/Nicosia,,2025-11-17 16:41:20.312479+00:00,
3a3aaafe-d6a9-40fa-a1e4-e6208b6a3d51,10fad5c8-1aef-488a-bfac-2e00cfa5d937,1,el,1,Asia/Nicosia,,2025-11-17 16:41:20.312479+00:00,
236247a6-abd1-45b2-a13a-3c235a765c22,54b5e311-ebdd-4577-b5b1-c75356cefc6b,1,el,1,Asia/Nicosia,,2025-11-17 16:41:20.312479+00:00,
18551a53-b9af-4b35-bd6f-5c3c7dcea694,428d3208-3269-430a-ab17-0a2b09d185d3,1,el,0,Asia/Nicosia,,2025-11-17 16:41:20.312479+00:00,
b882ba9d-e71b-4fa4-a64d-e66069c557d8,35335fba-4a9c-4381-a70e-6e747e2f2806,1,el,0,Asia/Nicosia,,2025-11-17 16:41:20.312479+00:00,
ee48073a-d8a9-4f06-969e-88864dffdb32,1167360c-b41e-4726-8012-cf4f249e4bd9,0,el,1,Asia/Nicosia,,2025-11-17 16:41:20.312479+00:00,
6fe8ffee-03dd-4f63-9c7c-9c3a7455782c,6cd19ee0-6dfb-4d6f-acd9-1f0a922e973e,1,el,0,Asia/Nicosia,,2025-11-17 16:41:20.312479+00:00,
34a2a0f0-5149-45c0-8253-2f4562dff516,62a2ae74-de47-4129-93df-9c77a232bd81,0,el,1,Asia/Nicosia,,2025-11-17 16:41:20.312479+00:00,
3e6deffd-f115-4300-a3b0-9c499385d44d,86ef73db-693e-4eed-b727-eda172672d2e,1,el,0,Asia/Nicosia,,2025-11-17 16:41:20.312479+00:00,
ea6e62da-40ec-4f4e-8f88-b44354581cd1,8dfc9bb5-e510-492d-845f-7e1271070614,0,el,1,Asia/Nicosia,,2025-11-17 16:41:20.312479+00:00,
6c4739bf-2465-4d50-9784-55c9486e372a,2155cd37-90d4-48bb-a87b-71d19299d52b,0,el,1,Asia/Nicosia,,2025-11-17 16:41:20.312479+00:00,
01807b2a-eec8-4439-a9e8-0f84ebea075f,536bfd78-2e51-4b30-8f45-8f1950b3c4a7,0,el,1,Asia/Nicosia,,2025-11-17 16:41:20.312479+00:00,
8759e20b-a73f-40ca-a045-fb84e348af92,e6bb4321-9901-49d7-bf2b-c2b32101b4d9,0,el,1,Asia/Nicosia,,2025-11-17 16:41:20.312479+00:00,
f5f27f16-5fbd-45f3-98d8-2144eb22b390,ec4e4ba1-e497-4b25-a2e4-a0a833734648,1,el,0,Asia/Nicosia,,2025-11-17 16:41:20.312479+00:00,
3815eda4-6f3a-438e-aba9-97f4d857afd9,37727d04-abcb-465e-9bd6-c53764df5177,1,el,0,Asia/Nicosia,,2025-11-17 16:41:20.312479+00:00,
80ddb71b-dee3-424d-93d1-723cea59a668,d9f4bd37-cf70-4953-83bd-7d91c2d9b8d4,0,el,0,Asia/Nicosia,,2025-11-17 16:41:20.312479+00:00,
29ccbc32-22e5-4e5c-83e5-14467c57b1ba,7a5bc8f7-256f-42ab-937c-8ea8268e33de,1,el,0,Asia/Nicosia,,2025-11-17 16:41:20.312479+00:00,
331d25b0-c7f2-432f-847a-9e27d9eab523,3ff90f50-443d-468f-87d7-80fc9731eb91,0,el,0,Asia/Nicosia,,2025-11-17 16:41:20.312479+00:00,
8cf23c6a-98b7-4493-b47b-8b7e71a8055f,350b5a3b-ef44-4dc5-a7d7-88718f84aa12,1,el,1,Asia/Nicosia,,2025-11-17 16:41:20.312479+00:00,
49692c38-2c42-4568-818b-d35fd19ec65b,c72a890f-ffa8-4fa4-b580-09ae80f4c4fb,1,el,1,Asia/Nicosia,,2025-11-17 16:41:20.312479+00:00,
0b2ba39f-6b27-4c36-9e28-b9ebc9dbaa99,d5dd62ad-f19d-414e-8465-258d33a44012,0,el,0,Asia/Nicosia,,2025-11-17 16:41:20.312479+00:00,
049ea884-0aca-44b5-bc73-932daff28aa3,1e3f5a78-201c-4170-93de-49939d03de1b,1,el,1,Asia/Nicosia,,2025-11-17 16:41:20.312479+00:00,
c9bd2e60-bb13-4ada-a049-010583910aa0,8156b09a-3aed-40f2-8029-57692afed6aa,0,el,1,Asia/Nicosia,,2025-11-17 16:41:20.312479+00:00,
afd3373a-6a4c-4e57-bc6c-d88a358998ce,7c1722e4-1903-40ca-9432-83b2147bd137,0,el,1,Asia/Nicosia,,2025-11-17 16:41:20.312479+00:00,
5a55d93a-1bb3-477e-85ff-46b7b6314016,f793d501-f9d9-441c-a75d-54cc2c3f264c,1,el,0,Asia/Nicosia,,2025-11-17 16:41:20.312479+00:00,
b926bcf2-5005-4068-97fa-13ccead6910d,14e35c0f-008f-44bd-9495-288e9399e35c,1,el,0,Asia/Nicosia,,2025-11-17 16:41:20.312479+00:00,
f8a45c69-2775-4436-945d-eb5f99b12e30,1421d359-69cc-48f0-aed3-c2ab5cfdf985,0,el,0,Asia/Nicosia,,2025-11-17 16:41:20.312479+00:00,
2470a9cf-4252-4136-920d-df88ead2ac9a,889749cb-976b-4321-95ca-d978710e3e14,0,el,0,Asia/Nicosia,,2025-11-17 16:41:20.312479+00:00,
f163975a-7b46-4490-a848-f6419b30ba1f,d20315e1-73d6-4d1d-8e88-fa99e622b7b1,1,el,0,Asia/Nicosia,,2025-11-17 16:41:20.312479+00:00,
9128fc9b-f2db-41eb-a790-b8abdcc49f8e,079ba5c6-ae9a-4e9a-86a0-73ccda8eb2f9,0,el,0,Asia/Nicosia,,2025-11-17 16:41:20.312479+00:00,
c4ef506f-4e3d-47eb-ae13-743f62f5a841,f364d410-645f-40f1-9a02-c9c6cb29590e,1,el,0,Asia/Nicosia,,2025-11-17 16:41:20.312479+00:00,
0531d984-437a-401b-9841-893b36c72672,3137ef3f-13d0-418e-a24a-4f1743505099,1,el,0,Asia/Nicosia,,2025-11-17 16:41:20.312479+00:00,
00a61c13-a897-4418-9752-ef57dd787a80,8317932f-643a-4701-99a6-cd91b3503cbf,1,el,0,Asia/Nicosia,,2025-11-17 16:41:20.312479+00:00,
f5978682-cef7-4fbb-a7df-d4bb2c013199,febc1161-790a-4225-9a22-242d42cf1ca0,1,el,0,Asia/Nicosia,,2025-11-17 16:41:20.312479+00:00,
016db40c-5f33-499c-ba1b-bbc4f16531fa,7dba3e94-be87-4bd6-95c5-fb154aeca1d0,1,el,0,Asia/Nicosia,,2025-11-17 16:41:20.312479+00:00,
e4a5386f-cb29-482d-9e25-3b51072e655e,d7cbd24e-0fee-492b-9f44-7b2c06a7e309,1,el,0,Asia/Nicosia,,2025-11-17 16:41:20.312479+00:00,
5929589f-b6b7-443f-b643-b543e26a3d5b,bb01567f-f6ee-4532-a635-e1024848630e,0,el,0,Asia/Nicosia,,2025-11-17 16:41:20.312479+00:00,
1261d883-4307-488a-b9f2-79f27dc96dc1,9c087ccb-7396-40f8-ab4f-1f3c350249d5,1,el,0,Asia/Nicosia,,2025-11-17 16:41:20.312479+00:00,
a4da21f4-a63a-4c21-82e3-a09b26e771f1,fca37142-8377-4db1-9d16-c0320fae48fd,0,el,0,Asia/Nicosia,,2025-11-17 16:41:20.312479+00:00,
5d23fdee-f394-4d7e-9df5-7a73a4396ff7,8dfb5b73-ffd6-4ad6-8c18-51387f96fa8c,1,el,0,Asia/Nicosia,,2025-11-17 16:41:20.312479+00:00,
c4ece8af-7476-4bc6-afda-4a81a1efb41a,782112e8-4db6-45d9-aa49-d9f66b5ee021,0,el,1,Asia/Nicosia,,2025-11-17 16:41:20.312479+00:00,
69ed4c28-555b-4b98-b7ae-5e87e8121f50,02ffc5d1-a25b-4d87-b9cb-54d554d9145f,0,el,1,Asia/Nicosia,,2025-11-17 16:41:20.312479+00:00,
3cde6ff2-2207-47d9-88b2-919b9a72e624,e5622d30-d768-4496-bd36-0d55a7af1e2b,1,el,1,Asia/Nicosia,,2025-11-17 16:41:20.312479+00:00,
861a8e36-a6b0-4195-ba02-dc436636ac6a,2320ec1d-16cf-4753-adaa-eb8ed49c2e31,0,el,0,Asia/Nicosia,,2025-11-17 16:41:20.312479+00:00,
f4a37968-cfb4-46e1-9d6b-f9506eba8669,9c1434b3-bafa-4df7-b8e5-4e7dcee18209,0,el,1,Asia/Nicosia,,2025-11-17 16:41:20.312479+00:00,
d62338a8-c279-4f11-93dd-90c48aa1015c,989ff446-7dd9-48a1-a41a-00d200c3b289,0,el,1,Asia/Nicosia,,2025-11-17 16:41:20.312479+00:00,
f1c7ce53-14aa-4b22-93a5-f8c95fa5c5e6,8869efc3-bf86-44c2-8c13-6509b8715049,1,el,1,Asia/Nicosia,,2025-11-17 16:41:20.312479+00:00,
96cf9405-804e-4b49-98a8-cb975588c128,41b3c55e-69f3-4988-a6a1-9c3f781f2489,1,el,0,Asia/Nicosia,,2025-11-17 16:41:20.312479+00:00,
437fd930-def4-4cae-9641-d85b0c279f4d,a97bba0d-c56d-4ad4-9bc4-0621a39d1508,0,el,1,Asia/Nicosia,,2025-11-17 16:41:20.312479+00:00,
e8c284d6-a499-4f9e-b4d3-0a570fe5d020,1e216b82-55ed-4daf-ad87-3ef8998412be,0,el,0,Asia/Nicosia,,2025-11-17 16:41:20.312479+00:00,
3e4fe38e-f6f2-4905-b6ab-df6a507e14e9,b53c7661-8b2b-4a2f-844f-df839b58ab6b,0,el,0,Asia/Nicosia,,2025-11-17 16:41:20.312479+00:00,
36f2eac9-3514-4d0a-923a-6b2d4d637689,9b1cd4d1-6694-4da9-b4ba-54240bd4d630,0,el,0,Asia/Nicosia,,2025-11-17 16:41:20.312479+00:00,
2a11b5cb-2c3f-4d40-92e0-69702bd3be74,7198c7a9-958c-4dc7-9d38-419bbe66c7a4,0,el,1,Asia/Nicosia,,2025-11-17 16:41:20.312479+00:00,
ee8d4fed-5fd8-4593-a095-f06e994dbe95,2ac74311-6983-482c-9f8e-03554780b1c6,0,el,1,Asia/Nicosia,,2025-11-17 16:41:20.312479+00:00,
ede42d60-ee05-49bf-844a-f7343e5c41ed,79bcd212-b35f-4ebc-a667-b36db8a0bfcb,0,el,0,Asia/Nicosia,,2025-11-17 16:41:20.312479+00:00,
b02e58f1-f76a-4b7e-9163-5ed64112efe3,4c2655d6-638f-49b7-a43f-80dc745632c7,1,el,1,Asia/Nicosia,,2025-11-17 16:41:20.312479+00:00,
60712189-09e9-453b-9d49-461bc18cc21d,f33efa0d-3ec9-4f84-8c38-a3dc1f410010,1,el,0,Asia/Nicosia,,2025-11-17 16:41:20.312479+00:00,
da334fa7-8f3f-44bf-ac95-897f5ef6086c,34613ad4-7f72-4b52-89b6-f2e252e65b20,0,el,0,Asia/Nicosia,,2025-11-17 16:41:20.312479+00:00,
8638daa4-8e18-4d4c-ba76-5a0450092b88,3254c88d-7a09-4876-8319-e93ae26e1fd0,0,el,0,Asia/Nicosia,,2025-11-17 16:41:20.312479+00:00,
abccd91f-59ca-40ad-9863-cd5ffac33331,33a959ca-c4ff-452f-96c0-83731e8bb495,0,el,0,Asia/Nicosia,,2025-11-17 16:41:20.312479+00:00,
99ddc824-2caa-47a2-9f87-f45994bf0199,2afb796e-052e-46c3-9004-01019360fc3f,1,el,0,Asia/Nicosia,,2025-11-17 16:41:20.312479+00:00,
07ebeaf7-5166-4297-8011-1bbcea10e248,68c72fda-9426-4a50-86f8-6756cd9895d6,0,el,0,Asia/Nicosia,,2025-11-17 16:41:20.312479+00:00,
58fef2db-2381-4f8b-905d-4d103ae82355,2218ca27-335e-46f8-af6f-0765ecd6dd26,0,el,1,Asia/Nicosia,,2025-11-17 16:41:20.312479+00:00,
6e4fd939-4065-421e-b7ca-498632ee22de,ce1cd787-b73a-4753-9741-fa611151b1e3,1,el,1,Asia/Nicosia,,2025-11-17 16:41:20.312479+00:00,
58285ad8-6efe-42d3-9f66-433b27194b6b,d85b95fe-0bd1-4f8f-bdd3-4f72ff416b3a,0,el,1,Asia/Nicosia,,2025-11-17 16:41:20.312479+00:00,
19c07a03-69d6-48ab-97d5-8665d7855ab3,210687ce-15b0-4c8c-a256-48b39a3fe904,1,el,1,Asia/Nicosia,,2025-11-17 16:41:20.312479+00:00,
a87df929-c98e-4695-88d5-f0145b2112d6,7b38a6b9-07ca-43fa-a9d6-671d670149fe,1,el,0,Asia/Nicosia,,2025-11-17 16:41:20.312479+00:00,
fe6f6c24-d488-4ed8-910d-f966ccdff5a9,601baf1c-773b-471f-9950-09b74ec9c262,1,el,1,Asia/Nicosia,,2025-11-17 16:41:20.312479+00:00,
bc9fa374-2219-4f3a-8522-fe96719fca33,0828304d-13a7-42bf-8864-46cb583e8c18,0,el,0,Asia/Nicosia,,2025-11-17 16:41:20.312479+00:00,
c0dd982e-b01f-4a82-83d9-01c112054cd9,bafcb550-e669-41d0-85f3-37806b1e3663,1,el,0,Asia/Nicosia,,2025-11-17 16:41:20.312479+00:00,
fa996a4a-ccbe-4cda-b1d6-24063b8c573c,61518400-51fa-464f-8755-3f52f910bfa0,0,el,1,Asia/Nicosia,,2025-11-17 16:41:20.312479+00:00,
3446ed8f-a26c-4e8a-a3c8-36b5f0e18d94,ed9e7eba-7d79-482e-bc33-428bba8b1b6a,1,el,0,Asia/Nicosia,,2025-11-17 16:41:20.312479+00:00,
18392670-b6de-42b3-af9f-b8c6632d6fa5,7503d63c-f9d8-4b17-bbf1-2dba6266ce5d,0,el,0,Asia/Nicosia,,2025-11-17 16:41:20.312479+00:00,
e66c542d-c08f-4caf-8f0d-d10c841b2c64,f51af23d-b584-4175-9ed7-a9bb6901218e,0,el,1,Asia/Nicosia,,2025-11-17 16:41:20.312479+00:00,
bc5842a0-6526-49be-8896-f6021568a277,82e7758a-ba11-4e77-a619-921b90e9959c,1,el,0,Asia/Nicosia,,2025-11-17 16:41:20.312479+00:00,
43ea359f-64d1-4849-88c2-29ef67d1185f,e45630d2-c610-4401-aac4-0beeb1abdc9d,1,el,0,Asia/Nicosia,,2025-11-17 16:41:20.312479+00:00,
6ede54ac-8403-484b-887c-37f9b62b6ad5,5f57b06a-cbde-416e-a0f7-81a587b56146,1,el,0,Asia/Nicosia,,2025-11-17 16:41:20.312479+00:00,
fc45353f-805f-4d1b-a575-8580b483d934,ca13c303-cff2-4167-86c8-c59284a25071,1,el,1,Asia/Nicosia,,2025-11-17 16:41:20.312479+00:00,
1f729881-5a64-4567-9193-46f89c2f2292,9bbe422c-03a3-409f-905c-6ee7e3f8aa7b,0,el,0,Asia/Nicosia,,2025-11-17 16:41:20.312479+00:00,
8a873e7e-a92c-4204-b7cb-c4b287beb758,621327e6-cc0b-4725-8744-2740b923f529,0,el,1,Asia/Nicosia,,2025-11-17 16:41:20.312479+00:00,
cec098a5-8b50-47d4-8f87-f35f5462061c,5dfea039-5045-4622-b2b0-314f4366789f,0,el,1,Asia/Nicosia,,2025-11-17 16:41:20.312479+00:00,
29f97211-1498-4886-9f20-9ffb983ed006,e7bcb103-9413-46c7-ab53-c4f6cb048283,1,el,0,Asia/Nicosia,,2025-11-17 16:41:20.312479+00:00,
3b640925-061f-4953-84be-b00253e595ea,6eb9d689-c825-4d00-b516-5564e2f13aaf,1,el,0,Asia/Nicosia,,2025-11-17 16:41:20.312479+00:00,
46a25287-e6ec-45fb-8014-f0385684f235,dc4ee191-09d3-470f-94e9-a238a0b15a10,0,el,0,Asia/Nicosia,,2025-11-17 16:41:20.312479+00:00,
29d3646a-f31b-41ed-8daa-4792643ea9fd,1cb08275-35fd-4988-bc1d-d951178d5ff5,1,el,0,Asia/Nicosia,,2025-11-17 16:41:20.312479+00:00,
e9dcfef1-2e3a-4f38-81ca-f9d0ad07a071,4cca6523-8099-4f2b-a567-9b23203c9391,1,el,1,Asia/Nicosia,,2025-11-17 16:41:20.312479+00:00,
cee3f270-2ea7-4616-b855-07c227e1aac8,aee9d5a0-f1c7-48c2-8490-334ad81c476f,1,el,0,Asia/Nicosia,,2025-11-17 16:41:20.312479+00:00,
0c4c1c09-e867-42c3-9b8d-64505d587f3d,8bbdb079-9960-4557-8f0e-19285b545621,1,el,1,Asia/Nicosia,,2025-11-17 16:41:20.312479+00:00,
76a72cc5-773f-4a6a-b0b6-6c9950dc5f36,6e547e99-9ca2-4e53-aac6-d9ef2eb20117,1,el,0,Asia/Nicosia,,2025-11-17 16:41:20.312479+00:00,
24275cc6-65aa-4fc3-95f9-a472201a38b8,12ad4232-48ec-4051-bec8-565d0c841133,1,el,0,Asia/Nicosia,,2025-11-17 16:41:20.312479+00:00,
5dc05704-bd1e-4997-a539-c240432adff8,cdbfc17b-bbf4-49d8-8cb4-4e2383a388a2,1,el,1,Asia/Nicosia,,2025-11-17 16:41:20.312479+00:00,
50b35863-4277-4bbb-9efc-e71405bb90b3,570fa487-c1a2-4d9b-bbe7-2695a7e0e292,1,el,1,Asia/Nicosia,,2025-11-17 16:41:20.312479+00:00,
ba0e92a2-f3f2-4a8a-b25d-555334b01a99,d059602e-99d1-47e1-a93b-a6cc12e6dced,1,el,0,Asia/Nicosia,,2025-11-17 16:41:20.312479+00:00,
fee5c744-2ef6-42b6-bf87-bdcfab3437a8,b8863749-f249-40bb-9658-48fa61dc3481,1,el,1,Asia/Nicosia,,2025-11-17 16:41:20.312479+00:00,
1b3fbb64-f6b6-4b91-9aa2-1ff4ba9b47e7,e22a52ef-ca07-4482-a1a8-324224dbe249,1,el,0,Asia/Nicosia,,2025-11-17 16:41:20.312479+00:00,
cff50139-1a63-4613-8d64-a6a9f18281bb,57c519dd-0099-4ecc-bf33-d420e42b5139,0,el,0,Asia/Nicosia,,2025-11-17 16:41:20.312479+00:00,
d2615239-904b-4a6e-b11a-a40891198fe5,f8cbf21e-080e-453e-b689-fbbd760ecd34,0,el,0,Asia/Nicosia,,2025-11-17 16:41:20.312479+00:00,
c4643d9f-7916-437d-9e00-83ac7360fe39,86323100-0cf1-4557-b6ed-04377eb5427f,1,el,1,Asia/Nicosia,,2025-11-17 16:41:20.312479+00:00,
a5fa7bec-9492-4b5d-97fa-5f28815c9df8,d6c638d7-348d-46d3-aa6c-2b192b4b5fc2,0,el,0,Asia/Nicosia,,2025-11-17 16:41:20.312479+00:00,
778d1254-7e42-4fed-94b8-39cfebedbc32,c44c6295-a1ba-428d-b3d3-e8472ff6ddc7,1,el,1,Asia/Nicosia,,2025-11-17 16:41:20.312479+00:00,
577ed798-44bd-43f4-9fd5-fa8a2ec5a00d,776bfc05-266d-4922-8143-357161f1027e,0,el,1,Asia/Nicosia,,2025-11-17 16:41:20.312479+00:00,
6c008530-c34a-4a32-aee5-7be265ab7ce7,ac361256-3a51-4e8a-b804-f21f6aba7ad5,0,el,0,Asia/Nicosia,,2025-11-17 16:41:20.312479+00:00,
053099d8-34c2-47c5-b8a4-91400aa424d7,47cc506b-9b36-4bb2-b272-e03e29a8c467,0,el,1,Asia/Nicosia,,2025-11-17 16:41:20.312479+00:00,
c6475b65-6e44-4fda-83e3-8d1a46c11a87,8f1a57b0-b19b-49c8-8463-503e2d8a0386,0,el,1,Asia/Nicosia,,2025-11-17 16:41:20.312479+00:00,
216b31bc-f4b2-4d06-a0ea-92f824a54274,f9352670-b984-421a-b382-c5a7028bb5f6,0,el,0,Asia/Nicosia,,2025-11-17 16:41:20.312479+00:00,
8429b909-38e4-4bc3-8903-711ddd6a31e7,12251d52-ef83-4106-8cdc-c68986a1672b,1,el,1,Asia/Nicosia,,2025-11-17 16:41:20.312479+00:00,
858923a8-0214-4863-984d-d722d6fd2744,7a4ab875-60c3-4c59-90a5-20061bb208d8,1,el,1,Asia/Nicosia,,2025-11-17 16:41:20.312479+00:00,
dc5636b4-8147-45a0-b34b-f8ab4e663019,7e7786fa-358f-4db7-82e4-ee5aac9e68dc,0,el,0,Asia/Nicosia,,2025-11-17 16:41:20.312479+00:00,
f7e0aa08-282d-4da4-bdf7-10fd1ff70191,da9e188e-98d7-4fc1-8b92-bd9afd5c2ac3,0,el,0,Asia/Nicosia,,2025-11-17 16:41:20.312479+00:00,
d68f46cc-12af-4cf6-8ad8-577eaff500b0,57bfd6af-39fc-44f2-a2c8-a0d9465277b5,1,el,1,Asia/Nicosia,,2025-11-17 16:41:20.312479+00:00,
ea61470a-1d90-4224-a661-5cee93809acd,3fed6799-025c-42ed-bff8-e6166a3bb816,0,el,0,Asia/Nicosia,,2025-11-17 16:41:20.312479+00:00,
ced8aefa-7487-4fce-9784-a44e8cc2007f,6b5a9d9e-a479-4b70-8e4b-145371bf31eb,1,el,1,Asia/Nicosia,,2025-11-17 16:41:20.312479+00:00,
c080d74c-c1f8-448f-8c0b-ec945b558421,4552ab1b-0dd2-4b52-8e4d-7f16307bc605,0,el,0,Asia/Nicosia,,2025-11-17 16:41:20.312479+00:00,
11bd0b39-dd23-441d-8404-8e7cc32fc68e,52878e2f-25be-4e04-ab86-2052c2f909a7,1,el,1,Asia/Nicosia,,2025-11-17 16:41:20.312479+00:00,
8464bc14-632d-414a-af31-dc129d64c217,6b872d0c-f2e3-49f1-b9c5-c35bf724d21d,0,el,0,Asia/Nicosia,,2025-11-17 16:41:20.312479+00:00,
9175fc96-a950-4efa-b5b1-cae31f37b82b,33695c54-dd36-4174-a49f-2ff9f290c447,1,el,1,Asia/Nicosia,,2025-11-17 16:41:20.312479+00:00,
10221fd9-7d9e-4eb1-a2d2-409fa6938a09,b7df4552-fef2-4d50-81b2-72b0162ddc36,1,el,1,Asia/Nicosia,,2025-11-17 16:41:20.312479+00:00,
200b85a3-f565-4d9e-932f-bdb7c654c019,cda23633-6893-445e-b4b6-f71a8a88615a,1,el,1,Asia/Nicosia,,2025-11-17 16:41:20.312479+00:00,
5df61c70-a704-4256-9e53-9908028dd46b,c9713653-7292-4a41-a9ea-eaba93486ae5,1,el,0,Asia/Nicosia,,2025-11-17 16:41:20.312479+00:00,
fe91b5aa-b29a-417b-bdb6-c9b8aa954c34,b02d0a58-7d4c-4f78-b7a7-170d476ed0ec,1,el,0,Asia/Nicosia,,2025-11-17 16:41:20.312479+00:00,
d2ac99bd-18ac-4d9b-9c8d-2523eaae9135,2202f468-422d-4ba0-884f-5086e46cd14c,0,el,1,Asia/Nicosia,,2025-11-17 16:41:20.312479+00:00,
f477125c-5b04-417e-952c-4cd6b819581b,97b9f87d-4242-45de-99c9-386c95a7e50e,0,el,1,Asia/Nicosia,,2025-11-17 16:41:20.312479+00:00,
6e3201e1-7fc9-4233-9ebd-21f018fd5b56,0e5598af-e43d-4159-9ffe-bce7079845c0,0,el,1,Asia/Nicosia,,2025-11-17 16:41:20.312479+00:00,
eeac241e-213d-431a-8bf7-9e1717707e1e,d24c0603-962d-4eb9-be84-dad761ac71bb,0,el,1,Asia/Nicosia,,2025-11-17 16:41:20.312479+00:00,
55a4bb19-a659-4ad0-91c7-25eb0fa28aae,399b72ab-f915-428e-9ee2-8b083cbb4c40,1,el,1,Asia/Nicosia,,2025-11-17 16:41:20.312479+00:00,
9f361095-19c8-43b7-aa81-aa32fe69a54f,732cce87-4cd6-49cc-8869-d8a3bb340f59,1,el,0,Asia/Nicosia,,2025-11-17 16:41:20.312479+00:00,
0036deda-bd5c-4955-8e21-34e05880525e,5397af26-7be0-41d3-9a86-de731e1e89fd,1,el,1,Asia/Nicosia,,2025-11-17 16:41:20.312479+00:00,
86dfb541-3fd0-48ec-9d5c-b922a5e3695d,7934bba3-6e00-4e30-81ae-f26cd0d8e31c,0,el,0,Asia/Nicosia,,2025-11-17 16:41:20.312479+00:00,
ab29c7f0-e100-49f1-9b8a-df821e4d4fa6,d7553381-e985-4039-9a71-944e4375fbee,1,el,0,Asia/Nicosia,,2025-11-17 16:41:20.312479+00:00,
fde3d907-154d-44c1-944c-41200be5fd21,9125ec9b-edcd-4e02-a848-9c4c1e6b7c34,1,el,0,Asia/Nicosia,,2025-11-17 16:41:20.312479+00:00,
3493ee3d-79a0-4bcf-910f-9c6f279aa09a,5256ccd9-bf40-488a-a4ec-13bf1f160a4a,1,el,0,Asia/Nicosia,,2025-11-17 16:41:20.312479+00:00,
52c6f736-5e0e-4490-a30f-1cd4462c296f,544b494f-4b69-4402-8d7a-f7acbc371281,1,el,1,Asia/Nicosia,,2025-11-17 16:41:20.312479+00:00,
b463d64c-2543-4f7e-b784-92939ef9876a,2e2e82cd-3c4c-4d54-a9b1-07cb203d142b,0,el,0,Asia/Nicosia,,2025-11-17 16:41:20.312479+00:00,
d264f812-6c0d-40a2-8f0d-d510361d3719,90f88eaa-40cc-4f80-8410-a9f09e74c424,0,el,1,Asia/Nicosia,,2025-11-17 16:41:20.312479+00:00,
80e1b1e2-f0bd-44c4-a1cc-6718d02b5e5d,3cc63f03-e119-454f-b048-30c394761c4d,0,el,0,Asia/Nicosia,,2025-11-17 16:41:20.312479+00:00,
90c53ea6-60ed-4730-89ef-5581c30c5014,605ed36a-d6a1-42b9-ba90-dcd34f810f8f,0,el,1,Asia/Nicosia,,2025-11-17 16:41:20.312479+00:00,
00a1c0c2-a7a8-4ab4-9082-f746381b29df,002ba4f4-4f2f-448c-8752-0ec1261bee05,0,el,0,Asia/Nicosia,,2025-11-17 16:41:20.312479+00:00,
98b65681-e3e9-46b5-8ad1-106417f53ad8,46290c02-93cd-4fe8-afa4-5ed8ff4097c4,1,el,1,Asia/Nicosia,,2025-11-17 16:41:20.312479+00:00,
4f2617f1-d65b-4066-8f98-c3d3de7be151,2613de80-6c96-467a-bf03-fc31c7c554d4,0,el,1,Asia/Nicosia,,2025-11-17 16:41:20.312479+00:00,
33a62a2f-7e0e-4821-b54d-42b4e81c0ae6,e3fbeaa4-7f28-4ea3-a70a-e3fffe949222,0,el,0,Asia/Nicosia,,2025-11-17 16:41:20.312479+00:00,
ae4db8a5-6b25-4c80-be43-cae7b6d65ea8,7b2d51f5-bf0b-459a-aed8-52a20ebf6625,1,el,0,Asia/Nicosia,,2025-11-17 16:41:20.312479+00:00,
89f58a07-63a4-42d7-bf76-4041cb49b9f5,a2858934-de2a-4bb6-8c17-689d38ed6905,1,el,0,Asia/Nicosia,,2025-11-17 16:41:20.312479+00:00,
18a6c0fb-5ceb-4db6-bed4-86dc5b7aecf1,61145c51-a09c-488f-b70b-bb8152b53ff9,1,el,0,Asia/Nicosia,,2025-11-17 16:41:20.312479+00:00,
958c7500-034c-48fb-88bb-b8c1532e3275,619fee0c-62cf-49d9-9e3e-94088fff914c,1,el,0,Asia/Nicosia,,2025-11-17 16:41:20.312479+00:00,
75c5a36d-9b32-4285-83b2-703c98673edf,68f8b304-295f-4318-b023-179ed0968ee7,1,el,1,Asia/Nicosia,,2025-11-17 16:41:20.312479+00:00,
25d0c054-3051-4a0c-a108-599d9c1a2373,d85910ed-61e9-4bfa-b52f-d030884ea290,0,el,1,Asia/Nicosia,,2025-11-17 16:41:20.312479+00:00,
7c347e80-2bc0-45d1-82a6-4830a6ee0fff,af504138-84b1-42fa-bf65-b50b0ced1687,0,el,0,Asia/Nicosia,,2025-11-17 16:41:20.312479+00:00,
827b9cb2-d30c-463f-ae3e-80d8335ecd6f,4ffdc98c-26b0-4f05-b498-4fa18dd50c31,0,el,1,Asia/Nicosia,,2025-11-17 16:41:20.312479+00:00,
ea27ff26-22b7-455e-9c36-d0ae488e4151,8aee1f65-fb55-40fd-a7bf-99e906522726,0,el,0,Asia/Nicosia,,2025-11-17 16:41:20.312479+00:00,
bb568bbf-4b2e-42ff-98b6-18f108096437,2fd3a8a9-c32c-4161-9125-8d27f19041a9,0,el,0,Asia/Nicosia,,2025-11-17 16:41:20.312479+00:00,
05527169-05f4-444f-baad-65ca0deef572,6648c55c-e6d2-4454-a6c1-b93caf9cc678,0,el,0,Asia/Nicosia,,2025-11-17 16:41:20.312479+00:00,
be9977a1-7cdf-402b-bbac-3a59d1fe6ed2,c4e391cb-1c12-41ab-8140-0916d572eb9b,1,el,0,Asia/Nicosia,,2025-11-17 16:41:20.312479+00:00,
c3d118d3-9053-4b45-9328-900642a91d2c,cb5be322-6228-47e2-b590-01dd3d908c78,0,el,1,Asia/Nicosia,,2025-11-17 16:41:20.312479+00:00,
3e81b929-77f0-42a8-969f-2bf7f7168049,b5c07c26-d660-46ac-bc44-12f8dc095adc,1,el,0,Asia/Nicosia,,2025-11-17 16:41:20.312479+00:00,
459448ab-4e08-4874-b14f-a78dafae18db,dcaf97f1-92c1-4d38-99fa-61fb054585cd,1,el,1,Asia/Nicosia,,2025-11-17 16:41:20.312479+00:00,
dbdc5b3f-1706-44b4-98da-20c28675a168,d0cd6134-d0d9-43d4-9eab-8273e2caae20,1,el,1,Asia/Nicosia,,2025-11-17 16:41:20.312479+00:00,
78b9e7c6-d701-4664-93f9-2c3e2fb02cfe,538d247b-1e4f-43c1-b72f-94d08b9856e9,1,el,0,Asia/Nicosia,,2025-11-17 16:41:20.312479+00:00,
337096ef-7688-425e-b5f6-91c8145353e3,a3d01630-c93a-43a9-a5e9-524e4968c6c5,0,el,1,Asia/Nicosia,,2025-11-17 16:41:20.312479+00:00,
4f01b317-6a97-484e-8aec-9a6748948e29,e5a89a91-fc4d-47bf-b7df-dff5a59b7c84,1,el,0,Asia/Nicosia,,2025-11-17 16:41:20.312479+00:00,
7c73632d-6445-494b-8c0a-d8c4baca1a60,775ddf57-bb9d-4cfe-983c-ca344cb14d07,0,el,1,Asia/Nicosia,,2025-11-17 16:41:20.312479+00:00,
cae03447-1b5c-4966-ac18-6738b377c9b0,1beeb1bf-dd97-4634-92f0-aa0eb0ea32f3,1,el,1,Asia/Nicosia,,2025-11-17 16:41:20.312479+00:00,
5adc40e0-b09f-45e6-9efb-72143c74a63b,546b8fba-2ab9-4ddd-bff6-25a896aa7e7e,1,el,1,Asia/Nicosia,,2025-11-17 16:41:20.312479+00:00,
6c38128f-25f3-4738-8386-0a2fde75adc0,d6feed26-a08d-47bb-aaeb-c809debf2f5f,0,el,1,Asia/Nicosia,,2025-11-17 16:41:20.312479+00:00,
ae7c752e-2b45-437b-95bc-2ebce22d0435,3239a339-2792-4e82-817a-f00a0efde944,0,el,1,Asia/Nicosia,,2025-11-17 16:41:20.312479+00:00,
3f41a4c0-b227-4b05-89a2-9d5fca3d823f,09cea44b-d1cc-4d5d-957e-7a45c6edc303,1,el,0,Asia/Nicosia,,2025-11-17 16:41:20.312479+00:00,
30a5ced6-2491-4ea1-b0cc-1c34b76dea3f,ecd631c0-84e7-428b-a627-9f6f87d1e2ff,0,el,0,Asia/Nicosia,,2025-11-17 16:41:20.312479+00:00,
e071bd8e-c32b-48ef-b970-ed1d2a23da90,9f4688ec-da63-47d9-9514-811cd0706ad7,1,el,0,Asia/Nicosia,,2025-11-17 16:41:20.312479+00:00,
441d9445-ce3c-496d-af7d-f11c3c8f01bc,9e7a4860-4649-493c-9822-f96c10ea3491,1,el,1,Asia/Nicosia,,2025-11-17 16:41:20.312479+00:00,
840c370b-75d4-4eb3-9be5-62c1ff15a930,d880d5b9-8345-4e92-be30-89007de908ce,0,el,0,Asia/Nicosia,,2025-11-17 16:41:20.312479+00:00,
342c0ab2-0cca-4130-8fac-2c9dc30ba85c,3d3ce69f-033b-469c-acbe-7ea257953804,0,el,1,Asia/Nicosia,,2025-11-17 16:41:20.312479+00:00,
1a89e271-2ccc-4cb6-bb23-dc35a472d375,dd2ab409-f520-48cc-8532-4eb75f7427d5,1,el,0,Asia/Nicosia,,2025-11-17 16:41:20.312479+00:00,
b8643402-a8c2-4731-b0c9-50c9f20d21fa,4b62586c-7d13-428f-882d-ae6a3b1a94a3,0,el,0,Asia/Nicosia,,2025-11-17 16:41:20.312479+00:00,
3db63c1e-595d-44fc-86f0-1ca8a5061030,43dc0eea-8d80-4857-9866-4d54194bdea4,1,el,0,Asia/Nicosia,,2025-11-17 16:41:20.312479+00:00,
edd8d2b6-10b9-4473-9e6d-9da04eaebc2c,cfe45167-c6b2-44c8-aa41-da4fbe456d41,1,el,0,Asia/Nicosia,,2025-11-17 16:41:20.312479+00:00,
d05b6788-f942-483e-9def-d2a3ff4d273d,25aa3dc5-b60c-4f0a-bd32-1b68995ab088,0,el,1,Asia/Nicosia,,2025-11-17 16:41:20.312479+00:00,
87abb724-7dd1-4dbc-826d-978bcc1a54b6,fddcf8f8-b15e-4d59-bc1f-3ba13d1e0aee,0,el,1,Asia/Nicosia,,2025-11-17 16:41:20.312479+00:00,
0f609a75-282e-49ad-8db7-c24deccecac0,e9f2799f-9483-422d-a545-88af66e67d4d,0,el,1,Asia/Nicosia,,2025-11-17 16:41:20.312479+00:00,
96e96208-140d-46d0-9276-dbcb4af68958,6c5e3e28-ea3c-4735-a8c7-a7c103dcb64c,1,el,1,Asia/Nicosia,,2025-11-17 16:41:20.312479+00:00,
9b1dc43b-736f-4b32-9e02-d66aec38f75a,5005170f-f13a-4890-ba86-802a4fd0321e,0,el,1,Asia/Nicosia,,2025-11-17 16:41:20.312479+00:00,
a2f14195-aace-4585-bbf1-0695fefd58ab,66e87370-232c-41c9-baa3-f5ee6c48f1ee,0,el,0,Asia/Nicosia,,2025-11-17 16:41:20.312479+00:00,
7f0da447-e39f-4a48-99eb-5b1ecd685c15,d090e08a-8cf4-4d5b-bb09-376c5061ca25,1,el,1,Asia/Nicosia,,2025-11-17 16:41:20.312479+00:00,
9e16f58a-0e65-473b-acd1-3685437bbcbf,6543318b-14d3-42e3-aa47-126f0662ffc9,1,el,1,Asia/Nicosia,,2025-11-17 16:41:20.312479+00:00,
a4b83d95-79f0-48aa-91c7-1b003bcb9d0e,39b4c84f-b2ad-4ddb-92dc-c55217dafa59,1,el,1,Asia/Nicosia,,2025-11-17 16:41:20.312479+00:00,
57f00bcd-a516-4de4-bd60-091c5321f633,526f4db2-7df2-402f-ae36-38a233835175,0,el,0,Asia/Nicosia,,2025-11-17 16:41:20.312479+00:00,
3afe2a3d-652c-4be8-aeeb-8c7ba0c3af4d,14747e17-f6bb-46a7-85b5-63bc32361590,0,el,0,Asia/Nicosia,,2025-11-17 16:41:20.312479+00:00,
2015d1a0-02f0-45f4-9a8d-0913fa590314,d5a13607-7973-4669-b96f-836e5baf177e,1,el,1,Asia/Nicosia,,2025-11-17 16:41:20.312479+00:00,
fe790e2b-a5e7-4a7d-b9f2-efa339eec17c,a1926a3f-f475-4b3e-9315-4762754681c0,1,el,1,Asia/Nicosia,,2025-11-17 16:41:20.312479+00:00,
e8822843-c0e0-4f18-bd74-2f67334813d9,566c925f-93b3-4664-875d-aece46e1c9ad,0,el,0,Asia/Nicosia,,2025-11-17 16:41:20.312479+00:00,
6eb90ef3-8002-41bf-8b2a-8108fa7b90a2,05091f48-9125-472f-baa7-38076a6704a5,1,el,1,Asia/Nicosia,,2025-11-17 16:41:20.312479+00:00,
e18cc792-4fde-4336-8378-ddb9dc0617e2,974e39ac-3cae-474d-8e31-5573cee80f27,0,el,0,Asia/Nicosia,,2025-11-17 16:41:20.312479+00:00,
d4b0dc45-561a-47df-bf6c-7681bca7fca9,8eb8e4ed-1ecd-4bb5-8169-d1b1d6a15401,0,el,1,Asia/Nicosia,,2025-11-17 16:41:20.312479+00:00,
c765f24d-bf67-4148-b42b-ad2ac2da740b,a2417b9d-6117-4988-9237-de31b46f3eed,0,el,0,Asia/Nicosia,,2025-11-17 16:41:20.312479+00:00,
652d64c2-ea7e-4132-8ca9-59fef3a5bdeb,bf2b3f75-bbda-4a2c-8a65-9097e96229ad,1,el,1,Asia/Nicosia,,2025-11-17 16:41:20.312479+00:00,
94c62aaf-5939-4793-a73e-353c5a49c326,95aa7198-b247-46c6-b231-fc459d9c8f89,0,el,1,Asia/Nicosia,,2025-11-17 16:41:20.312479+00:00,
565d9c37-4eb9-4079-b63d-e39cfae05c92,c6109ffe-4547-4d4f-ad90-966bb60c8922,0,el,0,Asia/Nicosia,,2025-11-17 16:41:20.312479+00:00,
c6729629-ab1e-4a96-8229-59d3e1ad77ff,da0b202b-a2e1-47dc-ba2d-965b691f3303,0,el,1,Asia/Nicosia,,2025-11-17 16:41:20.312479+00:00,
bd5bbf59-0c23-4439-853d-c43291be54da,8e4d98e8-d620-48d3-afac-e73d71d5f77a,0,el,1,Asia/Nicosia,,2025-11-17 16:41:20.312479+00:00,
d8b67195-f4d3-4fb3-b06d-cab19be79fcb,21e6dd42-6994-4a29-bbd8-59243245657d,0,el,1,Asia/Nicosia,,2025-11-17 16:41:20.312479+00:00,
8d4e8f14-709d-43c2-b4db-434f4eae2e55,6bea6267-fb7d-4b3b-bb51-ed55dc49eca0,0,el,0,Asia/Nicosia,,2025-11-17 16:41:20.312479+00:00,
701b21e6-e823-4811-bfa2-779c67b2c5d9,c2a9012f-6549-463c-8256-d56a86e09bbe,0,el,0,Asia/Nicosia,,2025-11-17 16:41:20.312479+00:00,
81fb0929-e974-4d89-9182-f7b0c68438ce,5b24c50d-712a-434d-8e51-b89831dc9748,1,el,0,Asia/Nicosia,,2025-11-17 16:41:20.312479+00:00,
7a90e821-37d1-4243-a829-26ca7d0d1273,f2ee547c-9e1a-4c2b-bbfc-82d50f56711e,1,el,1,Asia/Nicosia,,2025-11-17 16:41:20.312479+00:00,
afc9f3e3-b05f-4ca6-8129-cb307e0247bc,268b7d42-03b4-42b4-ad1a-6681e9da2359,1,el,1,Asia/Nicosia,,2025-11-17 16:41:20.312479+00:00,
27cf6d69-ecd7-430a-9ec1-d90e015be4c6,5757ebcb-ad91-4237-9786-ef02f628a1f0,0,el,0,Asia/Nicosia,,2025-11-17 16:41:20.312479+00:00,
e96efbfc-2367-448a-9a8c-a24b499e0e74,72bc6331-52f4-47fd-b164-cf86910d9d87,1,el,1,Asia/Nicosia,,2025-11-17 16:41:20.312479+00:00,
d9af9653-7c17-46c7-aec6-a37c47b8d887,dabac251-ba5a-48ab-bcb9-2ad4536d9ba3,1,el,1,Asia/Nicosia,,2025-11-17 16:41:20.312479+00:00,
83a91d35-b8e0-4a5a-9a6b-fb7aec274b12,73d6699e-4687-4d1b-b6b4-0f7ec487f3b4,1,el,1,Asia/Nicosia,,2025-11-17 16:41:20.312479+00:00,
4f65a91f-70d7-4d65-a4ff-ed1226018459,a6e452bd-b654-4eca-8c1c-08e3422eb369,1,el,0,Asia/Nicosia,,2025-11-17 16:41:20.312479+00:00,
36351eb6-88b7-4a92-bec9-fd12dd03b7f8,c8a7ea44-5738-4269-b689-f68b39a55d44,0,el,0,Asia/Nicosia,,2025-11-17 16:41:20.312479+00:00,
35cb7a2a-7dc2-4b4a-a306-806630d358ea,b1e3fff0-12a7-48a3-88a4-799b59258903,0,el,1,Asia/Nicosia,,2025-11-17 16:41:20.312479+00:00,
9a86ef40-c751-460c-8ce2-2b1526b5e384,586fa894-64ef-49a5-989f-fefe112f25cc,1,el,0,Asia/Nicosia,,2025-11-17 16:41:20.312479+00:00,
4fef4447-9001-45b8-953b-52a899db3140,34957ea6-c9f0-435c-b0e7-e99e1297d020,0,el,0,Asia/Nicosia,,2025-11-17 16:41:20.312479+00:00,
a2a23e76-33f4-48f5-b4a0-f58928c9bb88,a86752bd-bc6b-4cb2-a59e-cbe524753d81,1,el,0,Asia/Nicosia,,2025-11-17 16:41:20.312479+00:00,
6d2484be-4adb-4755-a71c-3b5c8fbeb84f,d72c49f4-7be4-4448-849a-69bcf318032e,1,el,1,Asia/Nicosia,,2025-11-17 16:41:20.312479+00:00,
3505a1fe-e78f-47a1-8c86-89da17f85de7,21bb9d26-799c-4bcf-8e2c-99a695821ed3,1,el,0,Asia/Nicosia,,2025-11-17 16:41:20.312479+00:00,
bb23c1fb-63e1-4f0a-8242-717ca43837f1,df1c4034-6c4c-47c5-8458-9d99653a99e7,0,el,0,Asia/Nicosia,,2025-11-17 16:41:20.312479+00:00,
b89d4b33-3eeb-4e4a-9340-312d64119902,a0f10940-51e5-4565-bfc7-328f988763bc,1,el,0,Asia/Nicosia,,2025-11-17 16:41:20.312479+00:00,
ff3e3350-d907-4d11-b077-3eb642a18aad,e0d1bff2-6f3b-4caf-8171-6e1b91b384fe,1,el,0,Asia/Nicosia,,2025-11-17 16:41:20.312479+00:00,
8130f434-23eb-4f76-af99-1fccc169bb0a,6debe72f-83e9-4f4c-ab5d-0b756746e36c,1,el,1,Asia/Nicosia,,2025-11-17 16:41:20.312479+00:00,
ea1ab487-7df0-418a-b93a-20318083dbab,a5a03287-902e-47d2-a371-d7a25ecd9a8c,0,el,0,Asia/Nicosia,,2025-11-17 16:41:20.312479+00:00,
694cf136-78e8-433b-a1c4-91750a4c2512,aef5b3fb-91ab-4948-b99b-3f5fb0e5e3d9,1,el,0,Asia/Nicosia,,2025-11-17 16:41:20.312479+00:00,
29a1ec3e-bc04-4591-b2cd-080327c53397,7d5e14fd-feaa-44d6-a0ea-4194ccb1ac0e,1,el,1,Asia/Nicosia,,2025-11-17 16:41:20.312479+00:00,
d1bd9168-c468-4c3c-9f26-6616e87c3b2f,1d7955da-83ed-4bb9-96ee-a16d07171ead,0,el,1,Asia/Nicosia,,2025-11-17 16:41:20.312479+00:00,
ced94516-09b5-459e-8b40-88015561aaf9,1c8006f6-8129-4841-823f-69ce2d292cff,1,el,1,Asia/Nicosia,,2025-11-17 16:41:20.312479+00:00,
cb7d6974-afdf-42d8-b1e7-7d7310599e02,7efeac2f-93cf-46d7-bb6e-2990046662e6,0,el,0,Asia/Nicosia,,2025-11-17 16:41:20.312479+00:00,
6eea85d5-4880-4506-92e5-80cc414b408f,cfcf4b35-fc6b-4b8e-b7fe-572065225e57,1,el,1,Asia/Nicosia,,2025-11-17 16:41:20.312479+00:00,
bb54ea7e-7b0f-4fd0-a479-9c0e93231c96,a09fd33c-055a-4958-a44b-1768c3ccdbe5,0,el,1,Asia/Nicosia,,2025-11-17 16:41:20.312479+00:00,
a1418dac-10ba-4107-8acf-067ae980826f,d5023985-78fd-4849-8f83-066914d241d2,1,el,1,Asia/Nicosia,,2025-11-17 16:41:20.312479+00:00,
af734222-3cef-4cb0-ba19-80a37a19444d,0ddb8e82-fc73-41a2-bb15-adf7de30bde8,1,el,1,Asia/Nicosia,,2025-11-17 16:41:20.312479+00:00,
b53db387-17d3-4dbf-857e-8990d83b1f1b,09ee85a9-c768-41c6-a457-bcbc33ec9628,0,el,1,Asia/Nicosia,,2025-11-17 16:41:20.312479+00:00,
b503136e-305e-4b0e-90fe-073eef80b61b,b5c7a3e3-328e-49e1-8169-6fc382800ea2,1,el,1,Asia/Nicosia,,2025-11-17 16:41:20.312479+00:00,
314ded83-281f-48bb-ab1a-34135143bc59,c275be0a-498a-42b0-926e-e2a6bbe73bde,1,el,1,Asia/Nicosia,,2025-11-17 16:41:20.312479+00:00,
0278f51b-04be-4803-96d9-f78951050bf8,829dc6a8-4a46-44ed-9f1b-3636a2d1e656,1,el,1,Asia/Nicosia,,2025-11-17 16:41:20.312479+00:00,
8543c090-e649-400e-a750-234e77c0d16a,4fa88a83-d18d-4795-a0de-0d6e2c127f90,0,el,1,Asia/Nicosia,,2025-11-17 16:41:20.312479+00:00,
1160743b-3ca3-44ba-a417-3103cc32f4d5,9442b056-e52d-4842-bb6b-fccc294d8be1,0,el,0,Asia/Nicosia,,2025-11-17 16:41:20.312479+00:00,
bf6ad6af-af82-4327-816a-cb9ececa984e,c1336966-fb6e-4b5f-8263-95bbdf705909,0,el,0,Asia/Nicosia,,2025-11-17 16:41:20.312479+00:00,
c79ccab8-6c14-43fc-9e3e-13490936b011,36a3aa2a-6764-4aeb-afdf-e3066619b0d0,1,el,0,Asia/Nicosia,,2025-11-17 16:41:20.312479+00:00,
853f068f-1568-48fa-be8b-aabc3745b162,c5435d50-97be-43ec-8804-38b4b87c73bc,1,el,1,Asia/Nicosia,,2025-11-17 16:41:20.312479+00:00,
c986112b-ea93-4e5c-a887-0a681cc3aba4,a76a0d6c-4744-4ae1-9772-fc0800435220,1,el,1,Asia/Nicosia,,2025-11-17 16:41:20.312479+00:00,
4103efa5-8ed7-4b18-86da-8acc63ce774b,8ba44efc-ff6b-427e-b83e-1a69dd5aba24,1,el,0,Asia/Nicosia,,2025-11-17 16:41:20.312479+00:00,
e46b4e3c-045a-4f5f-9535-093af570a230,ea541ccf-dd4d-4fd7-97af-cb3418c2af5a,1,el,0,Asia/Nicosia,,2025-11-17 16:41:20.312479+00:00,
31ea6880-689e-4954-96b1-9cb6f731319e,570a644a-c27d-4f87-b2cf-e4a76d25a5ed,0,el,0,Asia/Nicosia,,2025-11-17 16:41:20.312479+00:00,
4b16a609-9ac9-47c8-a04f-4cf00ec1cdc4,c4cd5c28-f5a7-46ad-866a-01d449b6892d,0,el,1,Asia/Nicosia,,2025-11-17 16:41:20.312479+00:00,
d1cbfab1-f655-4e70-bcda-c2cc26e79c7e,09de04c5-e966-4dfe-8505-e61076386d62,0,el,0,Asia/Nicosia,,2025-11-17 16:41:20.312479+00:00,
aa72c956-17ae-4248-855c-8671169b2989,4cc1b596-465d-4fbe-a279-5705a7244877,1,el,0,Asia/Nicosia,,2025-11-17 16:41:20.312479+00:00,
542760cf-2e86-4392-8cf0-17b755248a84,777d309a-8217-4f80-9e35-de7eceebe5d5,0,el,1,Asia/Nicosia,,2025-11-17 16:41:20.312479+00:00,
45eb38b0-d4fa-448e-9870-d66056917d24,24c69121-935f-4c0f-9438-f5054a951b91,0,el,1,Asia/Nicosia,,2025-11-17 16:41:20.312479+00:00,
d1bf558d-9df8-4897-9c8a-7627cdeb1ca1,729c7270-4f01-4729-aef0-b824a4cb118f,0,el,0,Asia/Nicosia,,2025-11-17 16:41:20.312479+00:00,
e21ce136-a7fd-4afa-9e3b-cd9cdc88ed0f,0dabf87f-f47c-416f-86c8-9d30d7995f4b,1,el,0,Asia/Nicosia,,2025-11-17 16:41:20.312479+00:00,
d188f2b0-cd96-44da-a236-5b3bc559faaa,03d3a985-350b-4904-9db5-2513bf6f9b07,0,el,0,Asia/Nicosia,,2025-11-17 16:41:20.312479+00:00,
e4ba495f-6f79-4816-b391-be49145b4fbe,8a6637bc-f55a-4841-8939-2d4b9c339c5d,1,el,0,Asia/Nicosia,,2025-11-17 16:41:20.312479+00:00,
128b6701-71f0-477d-ab17-de06134d71b6,c59d45b3-e6a2-4a9d-b868-a2e50ef04626,0,el,0,Asia/Nicosia,,2025-11-17 16:41:20.312479+00:00,
1b2bd8c8-66c4-4f24-80fb-7c61bc4358c4,750c17ad-4abe-4830-b1e0-4e5bd78d432f,0,el,0,Asia/Nicosia,,2025-11-17 16:41:20.312479+00:00,
c5428051-38b5-406a-8fe8-0c91ad00dfd5,24551053-eb2b-4cc1-9540-8e194a5303a5,0,el,1,Asia/Nicosia,,2025-11-17 16:41:20.312479+00:00,
ab81fd26-b568-41f8-983d-e2d5b055aa20,ca4e00b2-7a71-42b6-bcde-e4fa02de4667,0,el,0,Asia/Nicosia,,2025-11-17 16:41:20.312479+00:00,
09a104ce-73bf-46a1-8433-8c0e34463356,72be1958-239a-46a0-9ae6-86e00bfc5c16,0,el,0,Asia/Nicosia,,2025-11-17 16:41:20.312479+00:00,
7fa93ca5-c48d-4b77-998c-82fc141e375d,3cbe5219-f3e1-4c1b-938d-6eb3cacabf5b,0,el,1,Asia/Nicosia,,2025-11-17 16:41:20.312479+00:00,
86f48190-a13e-4d8a-a216-30caa0f9d25a,26e3069c-c35e-4509-a0a1-6b4e9224056c,1,el,1,Asia/Nicosia,,2025-11-17 16:41:20.312479+00:00,
42000075-4446-4313-9814-1f12448078ce,31e4691b-c4f3-442a-b300-67b651399afe,0,el,0,Asia/Nicosia,,2025-11-17 16:41:20.312479+00:00,
8c904cdf-91f0-40ac-aeb8-346511811bd8,374c69d9-5c06-4c2b-9702-c096907af1e6,1,el,1,Asia/Nicosia,,2025-11-17 16:41:20.312479+00:00,
b2fa4d5e-768f-4152-808f-f633a991bdb0,74f1420c-3037-43b7-a3ce-d26fae82031a,1,el,0,Asia/Nicosia,,2025-11-17 16:41:20.312479+00:00,
3580ee32-2eb3-4d00-8328-1ccbae89e625,4e1c117c-fbb5-4d9f-9818-ee80710ade8f,1,el,1,Asia/Nicosia,,2025-11-17 16:41:20.312479+00:00,
0e5b328b-0cd2-4c24-b6c3-6cacf01234b0,505bf469-cd88-4aeb-92fa-f141636524d2,0,el,0,Asia/Nicosia,,2025-11-17 16:41:20.312479+00:00,
bf379955-abd8-4189-b002-6f23a4f73b79,0eac8323-f506-4169-9e3e-c772bd0abe7c,0,el,1,Asia/Nicosia,,2025-11-17 16:41:20.312479+00:00,
70fdfc35-9de7-4fb7-9250-0b08fc3c4e59,b8ed5954-67ac-44b2-90ba-a84bb726fb16,0,el,0,Asia/Nicosia,,2025-11-17 16:41:20.312479+00:00,
7e71baaf-61b6-4a77-9fc1-528763535b41,e7a4c388-5342-41c1-8922-462cb2153e44,1,el,0,Asia/Nicosia,,2025-11-17 16:41:20.312479+00:00,
b3fb4983-4fd9-4a9b-a981-6b54a5ec364b,fadd035a-39bc-441e-a403-c8adc16cb1a1,0,el,0,Asia/Nicosia,,2025-11-17 16:41:20.312479+00:00,
580af39c-96e9-4775-a3e3-dc43830068a9,4ba539cb-a894-43c1-a262-51cf726b0a27,0,el,1,Asia/Nicosia,,2025-11-17 16:41:20.312479+00:00,
119b756d-f3e9-495e-940c-f7eac0d02e78,ad34373b-6eca-4af8-9670-01199920ba9f,0,el,0,Asia/Nicosia,,2025-11-17 16:41:20.312479+00:00,
118f7705-65cd-4ead-8825-de84077fc2b7,31a23b87-e4b6-4877-866c-cdb493d91c04,1,el,1,Asia/Nicosia,,2025-11-17 16:41:20.312479+00:00,
aa414586-c086-4be5-ada2-d75e98cecad4,72df9b8e-223a-4214-ab67-d48dbd43451f,0,el,0,Asia/Nicosia,,2025-11-17 16:41:20.312479+00:00,
2392f62b-b976-4b01-80d6-e1ed849cf775,68e8fa63-9c1c-45ed-a00b-81fd7404e257,1,el,1,Asia/Nicosia,,2025-11-17 16:41:20.312479+00:00,
e25420f9-f749-49ce-8a7e-a1a34e6535d1,0b0119d6-ce71-4054-921e-8a9f85409141,0,el,1,Asia/Nicosia,,2025-11-17 16:41:20.312479+00:00,
762d6244-433a-4df0-a84f-9c97a22a3be8,055ed864-f9dc-4ca8-84c9-d45d357e68e2,0,el,1,Asia/Nicosia,,2025-11-17 16:41:20.312479+00:00,
7e79bad5-86d6-4a57-bfb3-a353e2a147cc,e0fb9d55-3bf6-483a-a2e7-5f758ebdc06d,1,el,1,Asia/Nicosia,,2025-11-17 16:41:20.312479+00:00,
6e509d96-64a1-488c-a045-d7da390b1092,ac40f423-c7f5-49dc-a64c-f3fd447f9bdc,0,el,1,Asia/Nicosia,,2025-11-17 16:41:20.312479+00:00,
8f8e738d-88bf-4b00-8b94-2f6ddadeac8f,9e937ce4-a430-46d1-92fd-0655df24c83c,0,el,1,Asia/Nicosia,,2025-11-17 16:41:20.312479+00:00,
bd4d61d7-3c4c-45e4-80a1-841275e5945c,5668eeb6-aa4d-49a3-914c-794b78f5c7b4,0,el,0,Asia/Nicosia,,2025-11-17 16:41:20.312479+00:00,
586bb768-4416-476a-bc2c-b460ba540636,1d87b824-aa13-4c42-8f85-bd4f572aafd8,1,el,0,Asia/Nicosia,,2025-11-17 16:41:20.312479+00:00,
44da1848-1abb-4675-ab84-dabedae280e4,860bedd6-3383-43ff-ba5e-2d175c27c98c,1,el,0,Asia/Nicosia,,2025-11-17 16:41:20.312479+00:00,
c79cb2ae-1e1d-4632-97e0-49d360dfda8f,734a9ca9-50d0-4eda-97e0-c80b60c2a3df,1,el,1,Asia/Nicosia,,2025-11-17 16:41:20.312479+00:00,
daa30c34-c216-4e4f-9bef-0db61ed8c4cf,820e987a-552d-442e-8ae8-11ba2ecad3d7,0,el,1,Asia/Nicosia,,2025-11-17 16:41:20.312479+00:00,
6959c744-2d8d-4a52-859b-8dc0a19b57da,e9478b58-76b9-4586-85e2-1190b52d179b,0,el,0,Asia/Nicosia,,2025-11-17 16:41:20.312479+00:00,
a3a0b83e-1bf6-42ae-94cd-b654d5e48a7f,022f39de-ca0f-40b7-8f2e-d1b977236c75,0,el,0,Asia/Nicosia,,2025-11-17 16:41:20.312479+00:00,
3a8f05d5-3395-4d02-975f-98b3d10d6ac1,8f000831-98c3-42b0-a5ab-e8c6082b230c,0,el,1,Asia/Nicosia,,2025-11-17 16:41:20.312479+00:00,
5fbbd2d2-42b9-4715-84a6-c3e259869236,e6f06e56-6e9d-4493-8c66-622f0e60fb8f,0,el,1,Asia/Nicosia,,2025-11-17 16:41:20.312479+00:00,
bd6e255c-67cd-4eab-84a3-73d195a12031,af1214a3-dec4-4e6d-9509-ceea0f00f9eb,0,el,1,Asia/Nicosia,,2025-11-17 16:41:20.312479+00:00,
2a445f5a-222b-4dad-b8a4-277402491e9e,1aceedd9-bc7f-4ad5-bf64-154c3d746065,1,el,1,Asia/Nicosia,,2025-11-17 16:41:20.312479+00:00,
f29ef7bb-bffa-423c-ab5f-558f162bce77,23416132-d181-4ab8-8d94-c288e6c633d6,1,el,1,Asia/Nicosia,,2025-11-17 16:41:20.312479+00:00,
03718149-7d18-428b-9881-96082f147b1a,6c01162e-5a94-4e49-a93d-834b78d215f5,1,el,1,Asia/Nicosia,,2025-11-17 16:41:20.312479+00:00,
1c7504fb-38ba-4796-ad41-85cc5f2e58a5,9e186298-179e-4a16-b264-2956ae5eb9d9,0,el,1,Asia/Nicosia,,2025-11-17 16:41:20.312479+00:00,
f37bd32a-b6df-47a4-9520-cb87c58c71bc,8a05d584-b65b-492b-a6c5-190be88f072f,1,el,1,Asia/Nicosia,,2025-11-17 16:41:20.312479+00:00,
e06c64b6-f832-4c3b-b9c1-980507831a78,a8b1c61b-9e64-4dc9-88d2-09d9be8a1b84,1,el,0,Asia/Nicosia,,2025-11-17 16:41:20.312479+00:00,
49ab63b2-8115-401b-92ec-946467a8530c,b47801c4-0f4c-4db8-bc1e-e57ed8f58c0c,0,el,0,Asia/Nicosia,,2025-11-17 16:41:20.312479+00:00,
8058deea-8eba-4ac1-a265-fb16169424c3,56d9c777-cc4c-4164-9550-06c254fa3fac,1,el,1,Asia/Nicosia,,2025-11-17 16:41:20.312479+00:00,
0865a35c-2db3-4e65-97eb-8148c1c476f8,454862ed-fd80-4504-b8b7-30adbe4200ea,0,el,1,Asia/Nicosia,,2025-11-17 16:41:20.312479+00:00,
2cd775dd-09f2-4023-abc5-676cb5ce2d47,525e0100-9426-40d0-ac3b-0353b64b817c,0,el,1,Asia/Nicosia,,2025-11-17 16:41:20.312479+00:00,
33a088fd-4fa3-4a1c-a2b1-0bfef53f3e62,30cfd58b-175e-425e-8456-af72a9e6a3e1,0,el,0,Asia/Nicosia,,2025-11-17 16:41:20.312479+00:00,
8edf6271-c5cf-4a79-badc-994a78551d2d,597b6bcb-60a5-4257-8dea-61aeade78863,1,el,0,Asia/Nicosia,,2025-11-17 16:41:20.312479+00:00,
14825f4b-07f7-4c16-b5db-3ae7609215c6,e669b2b6-598d-437f-8d9d-4fc17ba11441,1,el,1,Asia/Nicosia,,2025-11-17 16:41:20.312479+00:00,
fcd81836-19fb-4fb8-b395-17e78bbb5d7b,9e7ba130-6548-4e71-818f-b6b9e98259dc,1,el,1,Asia/Nicosia,,2025-11-17 16:41:20.312479+00:00,
c0430379-5a2b-43e3-b070-6e2e9295af94,c7e1c159-e7b9-438e-838f-148342262531,0,el,1,Asia/Nicosia,,2025-11-17 16:41:20.312479+00:00,
6be325d2-4659-4757-a72a-6f706da01dc4,1e08f082-5c20-491e-b8ff-d6937151b4bc,0,el,0,Asia/Nicosia,,2025-11-17 16:41:20.312479+00:00,
c22bc6e2-a1fb-4418-bfdf-e6c203e88287,955bb3c9-4ddf-4ba9-9e9a-23f5e2778cff,1,el,1,Asia/Nicosia,,2025-11-17 16:41:20.312479+00:00,
90d1a99d-4083-4bbc-b36e-5fed6d670f1c,8d82e3d0-d235-42bd-8097-d0786bcf3ec8,1,el,1,Asia/Nicosia,,2025-11-17 16:41:20.312479+00:00,
a6ea696a-4b4f-4b50-b406-ec75c0cbc8c9,45b4f2a9-338c-43d4-bb38-29dae0eeaeff,1,el,1,Asia/Nicosia,,2025-11-17 16:41:20.312479+00:00,
8f95103f-61d6-4ec0-8fe6-6a2420707060,4d9d63a5-1c08-4ff5-813a-2cd4796a87ac,0,el,0,Asia/Nicosia,,2025-11-17 16:41:20.312479+00:00,
d5624933-2348-4a4b-af75-e1b85e12549b,d77bf582-7d0c-463e-8960-11cc685ce3aa,1,el,1,Asia/Nicosia,,2025-11-17 16:41:20.312479+00:00,
87d8e1d5-7802-4e39-bc74-04457ef0bfc0,e4b85533-e686-4fb3-8757-3f7d3d7ef0e5,0,el,0,Asia/Nicosia,,2025-11-17 16:41:20.312479+00:00,
addb293f-5e0a-41bb-983e-3f7f02f3aed6,3e48a6be-db91-48e4-8a65-eae50094e07c,1,el,1,Asia/Nicosia,,2025-11-17 16:41:20.312479+00:00,
ff630ab7-cba8-4c49-9446-b4757d621cd1,399f54f5-ffde-4a12-97b3-040023d2dbd2,0,el,0,Asia/Nicosia,,2025-11-17 16:41:20.312479+00:00,
c6994d6e-e8d5-4576-83d4-0a462844ad90,9cccf7d0-868a-4a06-8e28-a7302267739c,1,el,0,Asia/Nicosia,,2025-11-17 16:41:20.312479+00:00,
cd7bd4bb-78eb-421e-8754-022ff24b47ff,026b6dd7-93bd-4257-a149-db220e7df70e,1,el,0,Asia/Nicosia,,2025-11-17 16:41:20.312479+00:00,
39b8ec74-5ace-4b39-835c-825b26d0dd5a,5ca76e81-291a-4f40-acc0-4208869866d4,1,el,0,Asia/Nicosia,,2025-11-17 16:41:20.312479+00:00,
46e72d34-f0b8-43d1-810b-8c976e3e81dd,6fb105d9-0f29-4077-a9f3-00ec57cdb7ed,0,el,1,Asia/Nicosia,,2025-11-17 16:41:20.312479+00:00,
56650852-503f-431a-acba-f7677686fbac,8f66a85e-f896-427e-b4bb-5b8ed453aed1,0,el,1,Asia/Nicosia,,2025-11-17 16:41:20.312479+00:00,
a5aa1531-be92-4d54-92f8-65737c1f3e5a,3e4b9b73-608d-4999-96f3-fc448d445ad4,1,el,0,Asia/Nicosia,,2025-11-17 16:41:20.312479+00:00,
99e406c7-666b-47c8-84c5-332cf2b8679a,6f5f30d5-8fc4-4591-9db3-6b7e90f5108f,1,el,1,Asia/Nicosia,,2025-11-17 16:41:20.312479+00:00,
4a1a46d2-eb38-400f-af0b-83c7cedc13e4,4b52fbdb-a652-4881-a017-0807c9b9de96,1,el,1,Asia/Nicosia,,2025-11-17 16:41:20.312479+00:00,
47221d77-0764-4a0d-8e5c-d530dc2c0e1d,e1d066f3-1b73-4598-bc62-48b316cc2af0,0,el,0,Asia/Nicosia,,2025-11-17 16:41:20.312479+00:00,
4f934d93-db1d-40db-bb8b-3f47ed5ee341,478fd3bd-f6d6-4619-adfb-ab92d6b0a0d8,0,el,1,Asia/Nicosia,,2025-11-17 16:41:20.312479+00:00,
2b81d2a2-b924-494f-b85d-726d03535f1c,44df07fc-ae6c-4672-91fe-5aa7819760c7,0,el,1,Asia/Nicosia,,2025-11-17 16:41:20.312479+00:00,
09f19e6e-841d-40a9-98a3-4c126ad9d99a,4c454e1d-28af-487a-b967-7b183c2b9837,0,el,0,Asia/Nicosia,,2025-11-17 16:41:20.312479+00:00,
204726fb-2f7c-4ddb-95f4-39a500642f1c,eea0f0a0-eef9-4790-8b25-2bc1c3ee7759,0,el,0,Asia/Nicosia,,2025-11-17 16:41:20.312479+00:00,
c89c6cf9-4974-40a4-b82c-aea6617ad280,6d267340-f6a0-4710-869d-a7f5fa6b8ec3,1,el,0,Asia/Nicosia,,2025-11-17 16:41:20.312479+00:00,
605c7169-fa4a-4bf9-8158-995db575279c,0468ffba-8e7c-4d2f-9124-38c336017f5e,0,el,0,Asia/Nicosia,,2025-11-17 16:41:20.312479+00:00,
0397ddec-1917-40e0-a130-c2c6f8828b53,be605785-fe73-47e1-92f6-ed76b6249790,1,el,0,Asia/Nicosia,,2025-11-17 16:41:20.312479+00:00,
b41fe470-0b65-4524-a6e9-0d0f7cd66ae0,beb0e47f-0887-40c2-8cee-d87c63cc34a1,1,el,0,Asia/Nicosia,,2025-11-17 16:41:20.312479+00:00,
37fde0d6-37fc-4b29-b934-cfd0555a510f,15463519-52ae-4680-b4b0-5dbb8c3d6465,0,el,1,Asia/Nicosia,,2025-11-17 16:41:20.312479+00:00,
18706222-25bd-4096-8571-0d34b0dac6cc,bf3d86d7-278e-449c-b9a2-8b551b2b1279,1,el,1,Asia/Nicosia,,2025-11-17 16:41:20.312479+00:00,
62ac0af4-92dd-4c49-ada4-061274aac64d,b0a66ae5-adc5-4538-a8d8-e7086eb7fa4a,1,el,1,Asia/Nicosia,,2025-11-17 16:41:20.312479+00:00,
741b37bc-8384-4b2d-b1ec-f6b3e6b3aa05,86329aa4-94f9-4492-9290-ec1cd81912fd,0,el,0,Asia/Nicosia,,2025-11-17 16:41:20.312479+00:00,
16e92a55-5916-403b-b04f-0e04997ace56,4ad7e137-dbca-486c-a516-fcba4e1c7afc,1,el,1,Asia/Nicosia,,2025-11-17 16:41:20.312479+00:00,
677b3587-491e-4b5d-9594-77905e023602,94ea7cbb-e02f-4fd1-8574-f6e053e4f933,1,el,0,Asia/Nicosia,,2025-11-17 16:41:20.312479+00:00,
0926509f-b9ae-423d-ab91-739a08f003d1,21b486cc-9426-469a-8b21-d3bc814f574f,1,el,1,Asia/Nicosia,,2025-11-17 16:41:20.312479+00:00,
706394f6-91e6-4daf-984d-8687f07f736d,0cee7251-777f-494f-a602-934806e10cf5,0,el,0,Asia/Nicosia,,2025-11-17 16:41:20.312479+00:00,
7645d490-ba93-4ea3-b8f2-8fd0a1330ef1,23a85c23-c52a-4cf5-bfaa-29ae91528a68,0,el,1,Asia/Nicosia,,2025-11-17 16:41:20.312479+00:00,
187bd77a-65d0-423b-bcd3-2058a52def7c,d34ae5e6-2e96-48c5-bfbc-0cc048ccd332,0,el,0,Asia/Nicosia,,2025-11-17 16:41:20.312479+00:00,
6dbbfa80-1d11-4f66-a6e2-9d115c7b53a0,b13bf488-1df4-4368-8e84-0cb9230e52d5,1,el,1,Asia/Nicosia,,2025-11-17 16:41:20.312479+00:00,
867bab10-e9a5-4017-a91f-dfffa5843c99,56605242-2eaa-466a-9f8e-2fced7381a40,1,el,1,Asia/Nicosia,,2025-11-17 16:41:20.312479+00:00,
e61e4d24-2360-47f1-838b-378d95e168ad,ed26a335-1cd0-41e0-bab9-a850976e0f90,1,el,1,Asia/Nicosia,,2025-11-17 16:41:20.312479+00:00,
6631aa36-db62-4eb7-bfd9-1465dcee809c,4aa14d76-02fa-48ea-a2d3-c1d07c1679cc,1,el,0,Asia/Nicosia,,2025-11-17 16:41:20.312479+00:00,
18e4c7d9-37eb-4d37-85c3-0b6de17f8aba,7f2d88fd-1482-4196-a857-ba22c3b7581d,0,el,0,Asia/Nicosia,,2025-11-17 16:41:20.312479+00:00,
b36b2c82-38c6-47bf-b6a3-96486cc0f248,355b6663-5667-459a-b89f-cfaf431a73c1,0,el,1,Asia/Nicosia,,2025-11-17 16:41:20.312479+00:00,
629b8160-a784-49e3-acc7-34cc9e422750,22de317d-9311-4fc2-8682-d643ec83f223,1,el,1,Asia/Nicosia,,2025-11-17 16:41:20.312479+00:00,
49a93af2-d430-4549-b01d-debda3255fca,79715c0f-a3fd-4950-b5ea-1d7de1f0acd1,0,el,1,Asia/Nicosia,,2025-11-17 16:41:20.312479+00:00,
8a4c3db4-4592-4ad5-977a-f420ca52b642,31f9b688-ad70-4437-bb15-996706851142,0,el,0,Asia/Nicosia,,2025-11-17 16:41:20.312479+00:00,
c0bc64eb-f5cc-4888-bb72-ed25db28c2ae,e6799507-1ec8-446a-a55e-7c177baacffa,1,el,1,Asia/Nicosia,,2025-11-17 16:41:20.312479+00:00,
9adff190-a1ed-438d-b734-214560e81903,2905e08e-3c77-40e3-8da4-0a4d77be073b,1,el,0,Asia/Nicosia,,2025-11-17 16:41:20.312479+00:00,
572eb179-7365-445f-bca4-aac4996b2b6d,5e469259-9e2e-497a-b779-1c9bd4533c97,0,el,0,Asia/Nicosia,,2025-11-17 16:41:20.312479+00:00,
41c881f3-3f51-4a3c-842a-c50215b60ac9,8680c4d8-b374-4e64-8796-b578e33bd8f3,0,el,1,Asia/Nicosia,,2025-11-17 16:41:20.312479+00:00,
75275f10-e55d-449c-9df2-a55ffbc8e86f,b2da6524-ad70-4f25-ba9f-ce62a012ab75,0,el,0,Asia/Nicosia,,2025-11-17 16:41:20.312479+00:00,
e2f3822b-e5b7-481f-85c2-13be0c0569fa,e6b2bdd0-d40d-439c-af35-615c3c1bd071,1,el,0,Asia/Nicosia,,2025-11-17 16:41:20.312479+00:00,
e2993f74-bf4a-46ff-86a8-881a24b44bc9,44f2343b-898f-49a7-910d-b47b6f90233a,0,el,1,Asia/Nicosia,,2025-11-17 16:41:20.312479+00:00,
4300c514-483c-4fc3-a428-f7493bd08ade,b4b53b25-a6bb-4a20-881c-51a9142fda35,1,el,0,Asia/Nicosia,,2025-11-17 16:41:20.312479+00:00,
02e0e571-b9c1-4775-b88c-7a15a346153b,ad2ff54c-0128-496e-8dc6-afc30a3b059b,1,el,1,Asia/Nicosia,,2025-11-17 16:41:20.312479+00:00,
047a1258-ca17-4295-aaf8-435a71f36b8d,191ef094-c3da-4305-8f85-b2f8f0ed1533,1,el,0,Asia/Nicosia,,2025-11-17 16:41:20.312479+00:00,
b60e456e-c3dc-477e-ae3d-61457361ac0f,984fc155-b245-4643-8f04-1002e72e2282,1,el,0,Asia/Nicosia,,2025-11-17 16:41:20.312479+00:00,
9ef96ef2-caed-46c6-8e04-93c20f760a4c,1c22c435-120e-4405-8e35-b7689305f200,1,el,1,Asia/Nicosia,,2025-11-17 16:41:20.312479+00:00,
f9e8d9fd-3a9d-4671-8239-a88a54d83a2c,ac21fe7d-b827-4434-ba45-01681a75333c,0,el,0,Asia/Nicosia,,2025-11-17 16:41:20.312479+00:00,
7c899e71-9961-4a6e-924d-0763753d53f0,bcba47fd-715c-4185-84dd-3954da49bf91,1,el,1,Asia/Nicosia,,2025-11-17 16:41:20.312479+00:00,
6b6bdc90-376d-48d1-b7ab-87598cb4bfc0,bee60e2a-b8ea-4527-9854-65b5d5908347,0,el,1,Asia/Nicosia,,2025-11-17 16:41:20.312479+00:00,
71732386-1510-410e-956c-b0d86ced22ab,ae073fe9-a62a-4ad6-b713-13dfd9db22eb,0,el,0,Asia/Nicosia,,2025-11-17 16:41:20.312479+00:00,
b204bf1b-8dd7-4d78-af67-0ac0cbb7940c,403448b4-c2d3-4915-b7fe-f762fe20695b,1,el,0,Asia/Nicosia,,2025-11-17 16:41:20.312479+00:00,
17f2bd76-e36c-46cb-859a-27e9016da8fe,bc4e8dd6-b9a0-4353-8a66-cf513422a7ff,0,el,0,Asia/Nicosia,,2025-11-17 16:41:20.312479+00:00,
0c4ca324-b5a4-401f-b90e-33f426530c81,68fa9a58-f584-4ebc-861f-41ff766ace77,1,el,1,Asia/Nicosia,,2025-11-17 16:41:20.312479+00:00,
c95d8151-ea58-41a7-b1d5-905fbbb77055,18849df2-8e0b-428d-a45f-5feded4a23c2,0,el,0,Asia/Nicosia,,2025-11-17 16:41:20.312479+00:00,
534c340e-2439-4bf5-9798-123844952931,38d98571-32af-4194-b4f5-cd108cc7ed6c,1,el,0,Asia/Nicosia,,2025-11-17 16:41:20.312479+00:00,
172ef157-f4c9-495b-88c6-947ca1a1314c,26bff83e-d742-40c8-82a1-c1b1d2fc1b0d,0,el,1,Asia/Nicosia,,2025-11-17 16:41:20.312479+00:00,
e8c2fa22-1e4d-4ac0-be02-a9c3959b907b,256d5207-57b5-4ac1-a3c3-24ac4c2752c5,1,el,0,Asia/Nicosia,,2025-11-17 16:41:20.312479+00:00,
8db46d34-2729-46be-a0ec-325218b10e4f,3ce5df93-0314-446e-88a2-464cbd067faa,1,el,0,Asia/Nicosia,,2025-11-17 16:41:20.312479+00:00,
d540cbdb-2b0e-4518-ac8b-9e6e4550992e,ae700db8-05c2-41a4-ad93-ebfc662d442c,0,el,0,Asia/Nicosia,,2025-11-17 16:41:20.312479+00:00,
cd56a4c0-1ac0-4047-9876-bb5eee3aa8eb,78785691-d6db-400d-8074-307f764ece61,1,el,0,Asia/Nicosia,,2025-11-17 16:41:20.312479+00:00,
bb72e9d3-e90a-4fdc-8ea8-8524762eab5d,99e7d3c8-831a-40d9-a7f1-7fffaed07f1c,0,el,1,Asia/Nicosia,,2025-11-17 16:41:20.312479+00:00,
4148f94b-20b2-4e7b-ab75-698607c6cf0c,1709682d-f3bb-444a-a445-1eb0f2382130,1,el,0,Asia/Nicosia,,2025-11-17 16:41:20.312479+00:00,
7fd6a15e-58ed-4006-8ae8-87d22e53f7bc,f662c6da-de47-471e-97ef-be0e0d11aeaa,1,el,0,Asia/Nicosia,,2025-11-17 16:41:20.312479+00:00,
ba4e7c13-bc84-4ffd-8ef4-2efd5f63ba70,5bef2632-750a-4f25-8123-90263b4dd6ae,1,el,0,Asia/Nicosia,,2025-11-17 16:41:20.312479+00:00,
4a920f55-5127-4f62-90c2-c9fbef9a04e8,dee1fea4-d65a-4d72-99ed-3a97cce107b1,0,el,0,Asia/Nicosia,,2025-11-17 16:41:20.312479+00:00,
c3a45758-ae79-4cda-a204-cdb4870c7dc7,38c65cf2-2532-4443-a3e7-a0cc698ee382,1,el,1,Asia/Nicosia,,2025-11-17 16:41:20.312479+00:00,
b43e24e5-0ce1-4e3a-bd8e-0c525a45fbc7,e4dbfded-1195-4372-ac01-5d2bc273d6e0,1,el,0,Asia/Nicosia,,2025-11-17 16:41:20.312479+00:00,
f755d46d-3173-4847-bf4d-80fadbbaaee3,cc0898c6-92aa-46c0-923b-b9168a60277a,0,el,1,Asia/Nicosia,,2025-11-17 16:41:20.312479+00:00,
032c5761-0609-4e32-b412-d762c4f736ff,06fdd373-09e2-470a-a592-aa14b223934c,1,el,1,Asia/Nicosia,,2025-11-17 16:41:20.312479+00:00,
47050a8b-35ea-4a90-95b8-8063b8f5d1ab,0d73f382-a6ac-4f2e-aa68-319ca1ab519a,1,el,0,Asia/Nicosia,,2025-11-17 16:41:20.312479+00:00,
deb737b4-15b1-4ecb-a2ed-5121733d6fea,1b458dc4-520b-44a8-b2e6-82317bf19f4b,0,el,1,Asia/Nicosia,,2025-11-17 16:41:20.312479+00:00,
ab9fe92c-c3f8-4214-b8f9-767cae64ed88,544fb695-d8b1-4a0b-ae59-b0a069b24d2c,0,el,0,Asia/Nicosia,,2025-11-17 16:41:20.312479+00:00,
a5eda183-4b56-4288-8c01-3fea193cba15,03ee1458-8fc6-4d7d-90b7-29b8bf6a8ba7,0,el,0,Asia/Nicosia,,2025-11-17 16:41:20.312479+00:00,
6f3ff8fd-de22-47a2-8c0f-e9fa8992835c,72fd136e-3ff5-4e62-873b-744883ed13bc,1,el,1,Asia/Nicosia,,2025-11-17 16:41:20.312479+00:00,
7009b7c3-27d9-4696-895f-ce1512207ccd,a58fec55-c0bb-426d-af96-1ad6e419f4f8,1,el,0,Asia/Nicosia,,2025-11-17 16:41:20.312479+00:00,
dc8dde7e-cb4f-444d-b43e-0366d9673f76,a4c5f740-67e8-402c-9dc5-4b05d485eef7,0,el,1,Asia/Nicosia,,2025-11-17 16:41:20.312479+00:00,
3a9f489c-3401-487f-aaa4-cf2920d3594d,ed69f375-dcde-4c9d-851d-b48c6d026fa9,1,el,0,Asia/Nicosia,,2025-11-17 16:41:20.312479+00:00,
05be9ab0-721d-4957-b5a5-1daba7c78a61,3741e4f0-2819-4516-b59d-21212ca6745b,1,el,0,Asia/Nicosia,,2025-11-17 16:41:20.312479+00:00,
bd9af571-dd86-4c5e-97fb-f0bbdc338abe,c77cb393-ba3f-46f5-8159-00f51506737a,1,el,0,Asia/Nicosia,,2025-11-17 16:41:20.312479+00:00,
5b95d92a-cf49-49a9-b1bf-de29f8a95b5d,73d2cd48-9007-414d-9b59-e011c0f42961,0,el,1,Asia/Nicosia,,2025-11-17 16:41:20.312479+00:00,
fce4091a-b218-43e2-aee7-2cf7d9568337,9904843e-91c1-43bf-bb3e-a82829d053f4,0,el,1,Asia/Nicosia,,2025-11-17 16:41:20.312479+00:00,
f1617a85-6d72-48a4-ba4d-7508e7823012,3aaa347b-40ae-41bb-a484-ac55be7d1903,0,el,1,Asia/Nicosia,,2025-11-17 16:41:20.312479+00:00,
a067c530-5ef6-456e-8aed-435e4a478012,707060e5-72b7-4b96-9e21-73f7c1937fcf,1,el,1,Asia/Nicosia,,2025-11-17 16:41:20.312479+00:00,
a2a8004d-946d-4b4f-9b96-9a35e8177847,7bbd4ab4-fd36-42a2-a628-db54f944c4ab,1,el,0,Asia/Nicosia,,2025-11-17 16:41:20.312479+00:00,
18b47b39-8ae5-416a-8528-30afdfdefd14,6b107cb2-1710-4de4-a4dd-26006c7cfe5d,0,el,0,Asia/Nicosia,,2025-11-17 16:41:20.312479+00:00,
f9b23a2e-4e1b-4b92-b18c-56a3998dc2d1,f1000998-c747-4686-8e4f-7948b91de813,1,el,1,Asia/Nicosia,,2025-11-17 16:41:20.312479+00:00,
5fe39b43-3ddd-47f6-84af-0691f427c4b1,42927062-b88b-419c-b1e8-a40e6d47a688,0,el,1,Asia/Nicosia,,2025-11-17 16:41:20.312479+00:00,
0c104cab-4996-4797-b4d8-3a38e8b693a4,f1f9d878-87b7-42ab-8bef-4f2af4b3f786,1,el,1,Asia/Nicosia,,2025-11-17 16:41:20.312479+00:00,
1c59d189-5ea7-4612-8ed1-dd628c3aa730,0b969d70-b3df-41be-8c38-0b87615f826b,0,el,0,Asia/Nicosia,,2025-11-17 16:41:20.312479+00:00,
4b178a3e-9b5e-4b12-9c85-4fc5d7321183,f0693227-d4b8-4353-be61-502274a3618b,1,el,1,Asia/Nicosia,,2025-11-17 16:41:20.312479+00:00,
6f78b10e-7bcb-44f3-a8d1-a375611d21b1,e5b2e8a9-d535-4938-b0c5-43d1f8981734,1,el,0,Asia/Nicosia,,2025-11-17 16:41:20.312479+00:00,
8abe77bd-1ac7-4c54-8d91-c1103ec84226,64684530-767b-4d96-b8ed-305835301701,1,el,1,Asia/Nicosia,,2025-11-17 16:41:20.312479+00:00,
f054c0c5-3a8f-438e-a9b4-b45980847108,e58c42f5-e2b8-4069-a189-0a3a2e268704,1,el,1,Asia/Nicosia,,2025-11-17 16:41:20.312479+00:00,
1ea13e61-8c8e-40c9-9301-108f8b0f3188,8e2e1539-2f40-4f6b-888b-4cd7b83b603a,1,el,1,Asia/Nicosia,,2025-11-17 16:41:20.312479+00:00,
5baeb450-55a3-4d9b-9f87-94ab87f80dd4,9819b9da-41b6-4905-b2ee-c95e86479e78,1,el,1,Asia/Nicosia,,2025-11-17 16:41:20.312479+00:00,
58ffd21f-a309-429b-9354-681bff345ff0,305b6067-7224-479b-8446-17ee13b409a5,1,el,1,Asia/Nicosia,,2025-11-17 16:41:20.312479+00:00,
06fe424a-b59e-442e-baea-9fe65a13ab1b,ba4cff5b-7f47-48bb-9d0f-4ded64013190,0,el,0,Asia/Nicosia,,2025-11-17 16:41:20.312479+00:00,
53b0c05f-45d6-4184-a23f-667965174232,dc0ce092-9f26-4856-9fc9-61a898d6ed7f,0,el,0,Asia/Nicosia,,2025-11-17 16:41:20.312479+00:00,
2e7dd52b-59e9-48f2-80fe-dcbe8d07b7c7,7c2ae573-2945-45ab-96d2-9ca6906e238e,1,el,0,Asia/Nicosia,,2025-11-17 16:41:20.312479+00:00,
252f35b5-d433-4ea1-948a-0d1154a63fe9,0880966c-cb64-4d58-b3a2-603a5a81b34b,1,el,0,Asia/Nicosia,,2025-11-17 16:41:20.312479+00:00,
4fb7f3c8-94a7-4e83-b895-e38302384dad,e59b1e0d-d2e2-4e5c-8687-3adffdf538ca,1,el,0,Asia/Nicosia,,2025-11-17 16:41:20.312479+00:00,
36c81918-ac7c-45a8-a3f1-83df56fc98cc,83a9cb81-0168-4a55-b686-22f4beb978b4,1,el,1,Asia/Nicosia,,2025-11-17 16:41:20.312479+00:00,
d8933c6f-e920-4f8a-897e-2a4cd50f8814,08b2266e-8681-411b-830a-52c880ef4508,1,el,0,Asia/Nicosia,,2025-11-17 16:41:20.312479+00:00,
ca57ef6b-fd0f-427b-9507-d184ca974f7b,79c821f6-b23e-4379-a99e-33c0ee07a32c,0,el,1,Asia/Nicosia,,2025-11-17 16:41:20.312479+00:00,
98ed25b0-4191-44af-bd07-8de535ca4eb7,c39b43a8-5d91-4f39-8d24-b623e5b8ec72,1,el,0,Asia/Nicosia,,2025-11-17 16:41:20.312479+00:00,
d8976d1d-3904-4b95-8eef-e033f332a8d9,d8afdbfb-8977-43fa-97fb-6de7242baf58,0,el,0,Asia/Nicosia,,2025-11-17 16:41:20.312479+00:00,
390eea07-2a91-4eba-b075-af047328dcba,752bf91c-b01f-4a94-849f-fd4d91f10f37,0,el,1,Asia/Nicosia,,2025-11-17 16:41:20.312479+00:00,
9a66e693-6771-497f-aa69-696f0302c5cc,35eea98b-6223-401a-b1a9-7343b92327ef,0,el,1,Asia/Nicosia,,2025-11-17 16:41:20.312479+00:00,
8d01a799-ae0e-4780-a0d5-48cb2eb872ea,ef62acb4-05d3-4648-b4be-f8473d149b09,0,el,0,Asia/Nicosia,,2025-11-17 16:41:20.312479+00:00,
6c7650e9-a84a-4a40-983b-c2db3e1836f4,146cda61-3f6d-4b5f-85f1-2f103bdd581e,0,el,1,Asia/Nicosia,,2025-11-17 16:41:20.312479+00:00,
49ab393a-bb3d-4d95-90b8-16db0ce861f9,85c41f9a-f8b5-4cc8-a226-3c55965d9c7e,0,el,1,Asia/Nicosia,,2025-11-17 16:41:20.312479+00:00,
0ef8977c-065b-497d-a1fe-2d0ca52f4e67,689a2357-e80b-4dba-8adb-0562da56fc4b,1,el,0,Asia/Nicosia,,2025-11-17 16:41:20.312479+00:00,
7fce2665-ee8c-4de2-884a-4022d441dd47,3b322036-9f9a-4b62-ad92-4dd3e164baae,0,el,1,Asia/Nicosia,,2025-11-17 16:41:20.312479+00:00,
5e9190e4-0192-4dec-a103-de4d9ed3b07e,b8107d5a-b803-4909-b0aa-346363c61662,1,el,0,Asia/Nicosia,,2025-11-17 16:41:20.312479+00:00,
7a652b2a-dd2b-47f1-bbf2-f72f105f3069,f97035ee-a78a-4356-8867-cbd3e87d8676,1,el,0,Asia/Nicosia,,2025-11-17 16:41:20.312479+00:00,
d114829c-5f67-47cb-8214-f71cedce44e1,dca29fb6-d3b3-49a2-b79b-6129ef6ae30c,0,el,0,Asia/Nicosia,,2025-11-17 16:41:20.312479+00:00,
0237bed3-59b0-40c5-b25e-5e4c2eeccff8,6823eda4-795c-4d97-a207-174573059801,0,el,0,Asia/Nicosia,,2025-11-17 16:41:20.312479+00:00,
406a4b68-65b4-4069-8ffd-645d527a1be5,7b85eb42-b76a-433a-977b-de8a65e748fe,1,el,1,Asia/Nicosia,,2025-11-17 16:41:20.312479+00:00,
302e2bd8-b77b-49e0-bf3f-846c33693d9e,8b7c5278-8b1f-4440-a680-d3e29dc187b4,0,el,0,Asia/Nicosia,,2025-11-17 16:41:20.312479+00:00,
baa870dd-cd0c-4adc-a125-d3b0df2017ba,e96eb37a-6057-4af4-a246-8689593a6c5a,0,el,0,Asia/Nicosia,,2025-11-17 16:41:20.312479+00:00,
1b5d5188-7936-4644-b13b-b3b2d7fa0246,7a8ba0e5-9cd9-410f-ad83-fb49a035d023,0,el,0,Asia/Nicosia,,2025-11-17 16:41:20.312479+00:00,
1bec17b4-91a5-41b6-83ee-2a90577e2267,07e1e537-81f2-4f49-a52c-f40ce05d17cd,1,el,1,Asia/Nicosia,,2025-11-17 16:41:20.312479+00:00,
2d43e36e-8810-4977-b7c0-283dde05b75c,2b14cdda-af67-4c4f-a2cf-4e34c9ca14c2,0,el,1,Asia/Nicosia,,2025-11-17 16:41:20.312479+00:00,
dc3c0d75-20d9-47ef-83ce-83401179b0b0,68bbf393-9659-42e8-abdb-f31a1834f19c,0,el,1,Asia/Nicosia,,2025-11-17 16:41:20.312479+00:00,
33b98b22-2470-47b4-b4e6-c56bdbe21484,b97d3bd4-094a-4cb1-b3e0-7773233839e3,0,el,0,Asia/Nicosia,,2025-11-17 16:41:20.312479+00:00,
22f31ccf-24e6-4b8c-bba2-4f737dfc8c69,503fe9f5-e573-4bf7-b061-4da9a8a394bf,1,el,0,Asia/Nicosia,,2025-11-17 16:41:20.312479+00:00,
21648ccf-587b-44da-a16f-0c4318b071bb,19d254cd-3a34-471c-a105-be3175cc5345,1,el,1,Asia/Nicosia,,2025-11-17 16:41:20.312479+00:00,
f11f4150-fa63-4c44-84a1-ad67a677cbc0,19c71bc1-b5b7-4450-9983-38581171cd2a,0,el,0,Asia/Nicosia,,2025-11-17 16:41:20.312479+00:00,
f578d83d-cd97-4a90-a758-2634ee2244cf,a8baabe9-5c5c-429c-9b7e-889b2126a2b1,1,el,0,Asia/Nicosia,,2025-11-17 16:41:20.312479+00:00,
23d71165-7815-4d6e-8601-038b5966621a,8558794f-4e36-4286-a5a7-4a2baf3f092b,1,el,0,Asia/Nicosia,,2025-11-17 16:41:20.312479+00:00,
500a32c7-99ce-4833-b5a1-99c1ae334936,48ddf156-8a60-4564-a726-02e3f32853b3,0,el,0,Asia/Nicosia,,2025-11-17 16:41:20.312479+00:00,
215b89f4-aa66-4b65-8a1b-a19d78d67893,ec6d3b37-624a-4852-a26c-8b33602206f6,0,el,1,Asia/Nicosia,,2025-11-17 16:41:20.312479+00:00,
1196156b-fdc2-4247-a83c-afbcb8d13d1d,c0476179-e0bf-49b4-bfd4-eed5c869863d,0,el,1,Asia/Nicosia,,2025-11-17 16:41:20.312479+00:00,
961a513f-3335-48a3-ba52-558e75fed556,796e73a2-3836-481a-b126-69a3bab2ff37,0,el,1,Asia/Nicosia,,2025-11-17 16:41:20.312479+00:00,
d40d259b-5450-4820-abee-ff9527746dd9,78104a5a-7bef-4bfb-97bd-f767d79c84f5,1,el,1,Asia/Nicosia,,2025-11-17 16:41:20.312479+00:00,
b0f94ced-d499-489b-88a0-d35bad7fe002,408fdc13-8758-4dae-b7e0-9136b80b9e8f,1,el,1,Asia/Nicosia,,2025-11-17 16:41:20.312479+00:00,
010482f1-f5d8-44f9-a950-6b36485be6d7,3b3f8cfb-35a8-4de3-af86-152884aaf471,1,el,0,Asia/Nicosia,,2025-11-17 16:41:20.312479+00:00,
7e7c5d57-806a-4ccb-8c79-ccdab4b130a2,ac9685ff-fe63-43a0-86fc-c2f808378e86,0,el,0,Asia/Nicosia,,2025-11-17 16:41:20.312479+00:00,
30c225b3-f5b3-4f1e-af94-2ba9bf936ad2,0b867225-167d-4033-8e73-636105789a35,0,el,1,Asia/Nicosia,,2025-11-17 16:41:20.312479+00:00,
02c49d90-0a86-441e-bcee-90d030584562,44bb0c53-1fec-4763-af5c-05dff5c6091b,1,el,0,Asia/Nicosia,,2025-11-17 16:41:20.312479+00:00,
4e825a46-82a1-4e1d-8e7b-20f51e7629fb,f064cc6f-17a8-40ed-acf0-a0a9a374a48a,0,el,1,Asia/Nicosia,,2025-11-17 16:41:20.312479+00:00,
b932e361-9f46-4704-906f-976c17f2d307,261f5f0c-ac1f-400f-9a5d-b4ca2baef59b,1,el,1,Asia/Nicosia,,2025-11-17 16:41:20.312479+00:00,
49b01aad-0853-4229-a584-23d56acf6058,6eaf0433-0827-459a-8343-53a670ae0719,1,el,1,Asia/Nicosia,,2025-11-17 16:41:20.312479+00:00,
108532b8-26ad-4138-b2f2-5b84c4cffa90,76c1dad4-2ea4-4e27-b980-f35929958611,0,el,1,Asia/Nicosia,,2025-11-17 16:41:20.312479+00:00,
7c19fecc-9007-4757-b208-a5c1a10e040f,ab7b61a2-ccc0-42f2-a30f-d682f0b02ad7,0,el,1,Asia/Nicosia,,2025-11-17 16:41:20.312479+00:00,
95fb2b77-410c-45c7-a606-ac046971f2d9,a74c7e59-0b51-45ce-b589-aa2a7970bec4,0,el,1,Asia/Nicosia,,2025-11-17 16:41:20.312479+00:00,
7b20dd50-a8ec-412c-80db-4b5938d47ecc,26f5436d-2500-44ff-a987-792e69a34afb,1,el,1,Asia/Nicosia,,2025-11-17 16:41:20.312479+00:00,
3e3e75a1-7fbf-40f3-b0ab-63cfe01ce2d8,16fa04a3-fab9-41e5-b61b-f5423ef6d90d,0,el,1,Asia/Nicosia,,2025-11-17 16:41:20.312479+00:00,
5ac41271-22f6-4375-a8b9-85a70272850f,f0922068-f1c5-4dc5-b8ea-438d694fa7a6,0,el,1,Asia/Nicosia,,2025-11-17 16:41:20.312479+00:00,
e7628b94-f43d-4971-a708-c0cdd3cd48b5,9f1c340f-7f00-465b-9908-aa64d9892dad,1,el,1,Asia/Nicosia,,2025-11-17 16:41:20.312479+00:00,
ca4b3614-d727-4323-b97c-d11561b7ce74,8b24b936-8147-44da-9e7f-f0a76e7aa571,1,el,1,Asia/Nicosia,,2025-11-17 16:41:20.312479+00:00,
f20ab407-dc59-49d6-a3d1-775420e92040,f3d18b58-8907-4000-991b-f924c57e7017,0,el,0,Asia/Nicosia,,2025-11-17 16:41:20.312479+00:00,
ea1980a2-6ca4-4a8c-a63f-830e07afd53b,966c2d11-3b34-49dc-924c-f640b90cb18a,1,el,1,Asia/Nicosia,,2025-11-17 16:41:20.312479+00:00,
1b8ef463-ec0f-44f4-970b-c1e303386205,dbd438fb-d08f-402c-adc2-c468f84b55d3,1,el,0,Asia/Nicosia,,2025-11-17 16:41:20.312479+00:00,
974ef989-1ede-4a1f-b8ae-d7d2546059bd,5e3cf8c9-1bcb-45ab-9d47-42075a9a1833,0,el,0,Asia/Nicosia,,2025-11-17 16:41:20.312479+00:00,
a73ec8f0-e42c-4446-b106-4187dfc222f6,5a0b3513-7e9d-4c8e-9c5d-8e2ca251f762,1,el,1,Asia/Nicosia,,2025-11-17 16:41:20.312479+00:00,
252028a7-2170-4620-bebd-d2e209977048,379223c0-1bfd-45b2-a8a5-64eefd98f150,0,el,0,Asia/Nicosia,,2025-11-17 16:41:20.312479+00:00,
7de52ffa-3391-42a4-98e1-61e8fb4b59b3,2fe205cc-65b5-40b5-9478-8cdab3759f92,1,el,0,Asia/Nicosia,,2025-11-17 16:41:20.312479+00:00,
d72144cc-62ae-4d08-a9a1-49eea85b79d5,b757e41f-1d22-473d-b4de-9a270a721c93,0,el,0,Asia/Nicosia,,2025-11-17 16:41:20.312479+00:00,
7cb58d0b-12d6-4f48-bd7b-5c820c0b5452,6712815a-d6b8-4a49-aa3b-68aec13b90e6,0,el,0,Asia/Nicosia,,2025-11-17 16:41:20.312479+00:00,
e2449243-ce93-425f-964e-785784615c7d,d6da9919-f583-4a26-a51b-3a093dfc910c,1,el,0,Asia/Nicosia,,2025-11-17 16:41:20.312479+00:00,
10e952c0-de38-4a22-9b36-7d4eebfe1dd6,7348ddbb-8f27-4cd7-855d-45490ae33f45,1,el,1,Asia/Nicosia,,2025-11-17 16:41:20.312479+00:00,
5f04e199-96ff-4231-a0e9-e188b9ed31f2,a4926406-e3fb-45cf-94c9-bd74d4f85992,1,el,1,Asia/Nicosia,,2025-11-17 16:41:20.312479+00:00,
f29e2176-4bdd-49ec-b47b-55dcc1ad6605,8895153d-9377-47a3-b27d-1fa7e73e1e48,0,el,0,Asia/Nicosia,,2025-11-17 16:41:20.312479+00:00,
de138714-f29e-4455-b4f5-9126446f2eef,a717f13b-f505-4e4d-b0c0-021739280f2b,0,el,0,Asia/Nicosia,,2025-11-17 16:41:20.312479+00:00,
97963aa0-bd1e-49ae-bc52-73c36873c9b5,c05c89d9-28d7-47d4-ae5f-a7e44aa234e1,0,el,0,Asia/Nicosia,,2025-11-17 16:41:20.312479+00:00,
249de9ca-4bd9-4b4f-96b7-e605d40bc3c1,2cd9d630-bffa-4bfb-99a6-9cd70d49a731,0,el,0,Asia/Nicosia,,2025-11-17 16:41:20.312479+00:00,
14ef8136-6b23-490c-a262-1a9ef8556efe,a0d4b6dd-6d01-48a8-9406-bed0df297415,1,el,1,Asia/Nicosia,,2025-11-17 16:41:20.312479+00:00,
360339d1-2fa2-425c-b401-896fd059ddfa,837bfe03-6f05-4545-a8de-d112de7e4d47,0,el,0,Asia/Nicosia,,2025-11-17 16:41:20.312479+00:00,
b3ab36c9-5750-4799-a324-b7aab1aaaf4c,6b2d7b94-1fcc-4a90-9362-d41761768c47,0,el,1,Asia/Nicosia,,2025-11-17 16:41:20.312479+00:00,
6f08868d-eb44-471b-8c32-cfd16e92ef0a,8b79f155-dda9-4741-ad31-8a87b10f0ff8,1,el,0,Asia/Nicosia,,2025-11-17 16:41:20.312479+00:00,
20923df0-97c5-49c0-bed3-dcd096763fd9,f1a993ba-9801-43d7-8650-75fe8d0d201a,1,el,0,Asia/Nicosia,,2025-11-17 16:41:20.312479+00:00,
8f3daf98-8425-466e-b25a-c591e0f69940,d0b2532c-1908-4c62-8f59-d1098d1779a0,1,el,1,Asia/Nicosia,,2025-11-17 16:41:20.312479+00:00,
cc3bee9c-4b7e-4d4b-b949-a5a14e6ea2e8,7d00bc64-1c1e-4ad0-a6d8-18459dd92647,1,el,0,Asia/Nicosia,,2025-11-17 16:41:20.312479+00:00,
851002be-9c4d-473e-a715-1ddc2e6ea49b,c4e38708-099f-40a7-9c05-8a9bb09a1682,0,el,1,Asia/Nicosia,,2025-11-17 16:41:20.312479+00:00,
e6254959-9773-4c09-9091-f5470374543e,a7b09e19-95fa-48ef-b1c9-28801adaecc4,0,el,1,Asia/Nicosia,,2025-11-17 16:41:20.312479+00:00,
4c35700f-ec33-41f5-aba8-06132c09db33,e93edfa8-839e-40ea-b25e-83bd15485abf,1,el,0,Asia/Nicosia,,2025-11-17 16:41:20.312479+00:00,
3a4e6bca-fbf3-4169-8dc2-7d3d2086de4f,18b4f0e8-7ebb-48a4-b210-f0ea698e8f50,1,el,1,Asia/Nicosia,,2025-11-17 16:41:20.312479+00:00,
30d50af8-f3f2-4857-85a6-0b7f507685ad,98606bcc-fe39-491b-a052-0dc08934b60a,0,el,1,Asia/Nicosia,,2025-11-17 16:41:20.312479+00:00,
d6dd152c-6014-418c-a50f-7a21564ea5c6,2b96692f-4399-4831-b2f3-f1a2aa669eb8,1,el,1,Asia/Nicosia,,2025-11-17 16:41:20.312479+00:00,
cc049480-84c7-4760-b500-fa79bfe8a9d4,67dd4686-2165-4254-96d9-d09690cbb6c3,0,el,0,Asia/Nicosia,,2025-11-17 16:41:20.312479+00:00,
7df5f078-77f7-4f25-bafc-98c871e9b77d,e075ecac-acda-4c18-bcf4-c29d4cef9a88,1,el,0,Asia/Nicosia,,2025-11-17 16:41:20.312479+00:00,
af209957-2248-48cc-84e2-46e73655b6e2,222d190e-a674-4295-a99a-ce816c9559d0,0,el,0,Asia/Nicosia,,2025-11-17 16:41:20.312479+00:00,
7aa9762f-3f5e-4d15-8bac-a8a7ba2c317c,2d04b3d9-fd5e-43cd-84ac-1b6eb262e2e0,0,el,1,Asia/Nicosia,,2025-11-17 16:41:20.312479+00:00,
023a614d-0da2-461f-acba-3c1bea562795,dbc94600-3099-445d-a746-611526c5cb12,1,el,0,Asia/Nicosia,,2025-11-17 16:41:20.312479+00:00,
469b0402-fc23-4bb6-9808-7384e25c9764,a678cffc-3381-4b17-a975-3098bc7620fc,0,el,1,Asia/Nicosia,,2025-11-17 16:41:20.312479+00:00,
7c25e165-b8ee-4903-b8b6-78249ad3eed8,f72ab1d4-78a6-449b-8842-11ddc431c814,0,el,1,Asia/Nicosia,,2025-11-17 16:41:20.312479+00:00,
a1865680-b7d5-4427-a6af-67207a7d1eef,c01d5cba-684d-4125-806e-88ae6f351785,0,el,0,Asia/Nicosia,,2025-11-17 16:41:20.312479+00:00,
ddd920d1-8130-4518-8b91-778c043be36e,4d15e960-59d9-433d-b9b5-46fe58c1962d,1,el,0,Asia/Nicosia,,2025-11-17 16:41:20.312479+00:00,
99c345ed-8d36-4dcd-a966-8925096b0342,d921b361-7af5-4e8d-a989-5b771116bf3f,1,el,0,Asia/Nicosia,,2025-11-17 16:41:20.312479+00:00,
51ba66c8-1f62-4fbe-96ac-a9bf6e21cb7b,53606396-9aee-4d67-adab-d920fae00f42,1,el,1,Asia/Nicosia,,2025-11-17 16:41:20.312479+00:00,
6fa4002f-da8a-474c-9dd2-b728a9935f98,a67336c9-7ff9-41c3-b09b-e8d40e46e984,0,el,1,Asia/Nicosia,,2025-11-17 16:41:20.312479+00:00,
19c056a2-a9ca-4462-be40-5679c3f60a97,8782ce0c-d1a6-4c98-961c-6e5b95e12fbd,0,el,1,Asia/Nicosia,,2025-11-17 16:41:20.312479+00:00,
97ba5c29-4b9e-44a5-a723-688446df7a30,20ed4e62-2dfd-4596-ab2a-6a7d1e83aa8f,1,el,1,Asia/Nicosia,,2025-11-17 16:41:20.312479+00:00,
20645d49-338c-40ea-881e-d6655eeca687,675236df-26e7-41a0-81b2-084b864ff2d7,0,el,0,Asia/Nicosia,,2025-11-17 16:41:20.312479+00:00,
9866a6ba-b06a-4511-bb84-ac2b6337f0b7,71f7901f-fed8-47c9-8ddb-b8d7be955d72,0,el,1,Asia/Nicosia,,2025-11-17 16:41:20.312479+00:00,
4c0b82f8-2020-4953-b019-583e4dfd0011,612a2b3a-aa1c-4d46-9ad2-c0dae577e554,1,el,1,Asia/Nicosia,,2025-11-17 16:41:20.312479+00:00,
806a1c5c-721b-4fd9-8ada-20438842c0a7,414a30c1-e07d-4c46-9e8d-a67906a92404,1,el,0,Asia/Nicosia,,2025-11-17 16:41:20.312479+00:00,
b1cfa249-5bbb-4d84-b5c5-94248493d7e2,8763b9ef-9bf3-411a-82c6-58571bf9eded,1,el,1,Asia/Nicosia,,2025-11-17 16:41:20.312479+00:00,
d75cf0d3-7438-4559-9578-cda96f7a031f,917deda6-0452-4b63-a782-2821e7c6b4e5,0,el,1,Asia/Nicosia,,2025-11-17 16:41:20.312479+00:00,
845d4c4a-9696-4819-bfa4-2e88c70208d8,3c97e7f1-2be1-4fd4-9622-7a78298110c3,1,el,1,Asia/Nicosia,,2025-11-17 16:41:20.312479+00:00,
f8c29660-f44a-47ee-8b9f-69342a145676,4c74be90-44a1-4115-b021-ed8e52173e50,1,el,1,Asia/Nicosia,,2025-11-17 16:41:20.312479+00:00,
f59e24a0-e80f-44f8-97bf-1a341d79829e,221d47d7-67eb-4f4d-a57b-7a1d1a133989,0,el,1,Asia/Nicosia,,2025-11-17 16:41:20.312479+00:00,
174b7cfb-3e48-4aef-aed2-07b3045fefe7,76d6df7c-5b77-4344-87ad-7da411ace84f,1,el,0,Asia/Nicosia,,2025-11-17 16:41:20.312479+00:00,
6f91d6d6-4979-40db-88d4-78397c6980b2,d8434c9f-6d2a-4dde-9a2d-dce0c1126a5e,0,el,0,Asia/Nicosia,,2025-11-17 16:41:20.312479+00:00,
8a116cb1-1b32-4621-958b-28323abecc9b,ed3ea141-7e87-4360-85a6-62aa8896cf18,1,el,1,Asia/Nicosia,,2025-11-17 16:41:20.312479+00:00,
ab1b7ee6-9588-4b26-a6c8-9c67238b9056,b44c4489-58f5-49fd-8e68-587c9936b474,0,el,1,Asia/Nicosia,,2025-11-17 16:41:20.312479+00:00,
65afb909-1628-4510-878e-24a74b0ea57a,64321fd4-128f-4cad-89f1-8a520f0c820d,1,el,0,Asia/Nicosia,,2025-11-17 16:41:20.312479+00:00,
95ad6f1e-f946-4054-8c49-53573375c2e7,2083a637-8d05-4a43-9469-100caf3f418e,0,el,0,Asia/Nicosia,,2025-11-17 16:41:20.312479+00:00,
49a3df44-2a61-46f9-ad10-f840c235c36c,7e6ddff1-8a83-45db-81bc-7a5c50e465fd,0,el,1,Asia/Nicosia,,2025-11-17 16:41:20.312479+00:00,
847a8982-9198-4a7b-a073-9e4b4ee1ce46,f90b0d59-03cf-44e5-868c-194c7c8a82d0,1,el,0,Asia/Nicosia,,2025-11-17 16:41:20.312479+00:00,
e902cb8c-4e30-4595-b2e5-99e36705564e,4575aa49-da59-484b-95d3-bf30f6783dba,1,el,0,Asia/Nicosia,,2025-11-17 16:41:20.312479+00:00,
a77b22a0-c421-4345-b2ca-7e39b37558b0,abda4efd-2702-4626-993d-e8542e69ba40,0,el,0,Asia/Nicosia,,2025-11-17 16:41:20.312479+00:00,
8c97b525-364d-4a5a-a304-793f87aea7f4,87cdb571-691f-402d-94f7-e62822ddbcc5,0,el,1,Asia/Nicosia,,2025-11-17 16:41:20.312479+00:00,
964dc41b-ae92-496e-a770-63b478e66716,394c3e23-9f0c-4f47-bc37-b6932e555e95,1,el,0,Asia/Nicosia,,2025-11-17 16:41:20.312479+00:00,
76c96bcd-245d-4f3d-a981-8dc87ad3faaa,59a983ab-ad58-4a3b-bb21-3bd797598e17,1,el,1,Asia/Nicosia,,2025-11-17 16:41:20.312479+00:00,
bb8eef78-2acb-4f89-86b4-0be0958bf14e,f5a04aaa-8296-493a-b1a1-766c7f3122fa,0,el,0,Asia/Nicosia,,2025-11-17 16:41:20.312479+00:00,
2ab880ea-2ecf-4bb9-9870-40cd3e913f1d,6bc3ac91-3fe7-479e-adc5-49dd6c243b69,0,el,0,Asia/Nicosia,,2025-11-17 16:41:20.312479+00:00,
4e80cffb-b08e-4aca-a57c-aeaf41ba318d,1050b15b-9230-45cd-a74e-aadc45f1907e,0,el,0,Asia/Nicosia,,2025-11-17 16:41:20.312479+00:00,
e90576b1-f9af-4780-8411-cf227759b2ac,9c9a3c81-af28-4184-8929-0db627a03e3f,0,el,1,Asia/Nicosia,,2025-11-17 16:41:20.312479+00:00,
9d402572-1849-4f29-84e0-27b32ae05627,2a083aa7-5d90-4d52-9dfb-c6661d0cb4b6,0,el,0,Asia/Nicosia,,2025-11-17 16:41:20.312479+00:00,
31c6705b-11c4-484d-af66-7a1d1b8d3e3a,b7ec0ba3-d5ea-4bc9-9cb7-dc0f9ec06024,0,el,1,Asia/Nicosia,,2025-11-17 16:41:20.312479+00:00,
f16cee04-0a04-4785-bd7a-bcd7171913aa,cfd1726e-ca10-44f2-b423-d6f9aec77efb,0,el,0,Asia/Nicosia,,2025-11-17 16:41:20.312479+00:00,
26f2aaac-10ac-4ac5-bd87-78272bc4daaa,3784bc16-ecdb-41f2-ad67-a72aaf000a4d,0,el,1,Asia/Nicosia,,2025-11-17 16:41:20.312479+00:00,
d2a89f7a-fb2a-4eab-856c-fd0eb20ce9ba,0603b6e0-b631-4f2e-a184-6e1616a4e302,0,el,0,Asia/Nicosia,,2025-11-17 16:41:20.312479+00:00,
4dab8893-2de9-4fe6-bdbd-0f4d731566a1,4d254e36-5bd6-4639-89cc-005222f28147,0,el,0,Asia/Nicosia,,2025-11-17 16:41:20.312479+00:00,
3223822a-5b6b-4f46-897c-7fa9581e8e95,c9a7a116-39f8-44e1-80de-808de5f33bd4,1,el,0,Asia/Nicosia,,2025-11-17 16:41:20.312479+00:00,
1bf80139-6fc5-4fbb-adb0-8e214f8313c6,ad885ad7-2400-4634-bfda-53c795380521,0,el,0,Asia/Nicosia,,2025-11-17 16:41:20.312479+00:00,
f1a9e0c2-6749-4c3e-97ef-ed5799bc3a72,8b72fda4-7d19-4c6d-937f-ed9962d9e9c8,0,el,1,Asia/Nicosia,,2025-11-17 16:41:20.312479+00:00,
5ce45415-6c90-4c6c-80a8-37351ef920be,25124fd2-53f9-41b1-aed5-8c1a04bea083,0,el,0,Asia/Nicosia,,2025-11-17 16:41:20.312479+00:00,
df75ec47-bda6-404d-b8a9-ae86eb941c16,826773d5-c21d-480b-907f-30f3ae94f24b,1,el,1,Asia/Nicosia,,2025-11-17 16:41:20.312479+00:00,
f6797cde-263f-4ea7-af93-372b804984ac,cbb162dd-6867-4dec-acb4-c63fac5e1b2e,0,el,1,Asia/Nicosia,,2025-11-17 16:41:20.312479+00:00,
9a920fbf-42de-4fa8-86ec-edb093589eca,5bd6b890-c104-4a17-9510-6a25c70307aa,1,el,0,Asia/Nicosia,,2025-11-17 16:41:20.312479+00:00,
6f109e39-416c-4b6d-b77d-f28a38de0817,ba05064b-d8ae-4b59-aeef-9366fa0b0e27,0,el,0,Asia/Nicosia,,2025-11-17 16:41:20.312479+00:00,
fa96cd91-2e93-45bc-99a7-a99a9d4db1dc,150110c5-0aaa-42f7-9ccf-a49cf46a61ef,1,el,0,Asia/Nicosia,,2025-11-17 16:41:20.312479+00:00,
1f550936-ed72-4b6d-ad2c-19e34c921f1e,78766a9c-54a3-469e-8657-8b05223f55c3,0,el,1,Asia/Nicosia,,2025-11-17 16:41:20.312479+00:00,
3f33ab4f-b3ce-43f3-bcff-b91cea5c7887,a487b64e-3231-4e42-843e-b3711fe2c8fd,0,el,0,Asia/Nicosia,,2025-11-17 16:41:20.312479+00:00,
16819e1a-2a9f-489b-84b9-d929e3d2bab2,6c11db5c-a6c4-477c-b50c-3f8c7ab7d376,0,el,1,Asia/Nicosia,,2025-11-17 16:41:20.312479+00:00,
bdb03207-dabe-454e-a8af-ba8e3fb5aa5f,3870356b-7fb2-42be-b005-1fb45a34c0fc,1,el,0,Asia/Nicosia,,2025-11-17 16:41:20.312479+00:00,
c8c78f9a-442b-480f-97e8-ad638563b96c,285ab87c-125c-408b-baa3-4d9f620a9a52,1,el,1,Asia/Nicosia,,2025-11-17 16:41:20.312479+00:00,
42de596e-c4dd-4b56-a8c7-16983693a5f7,0bb6ad52-cf8b-44ba-97bd-cf0915d7a85f,1,el,0,Asia/Nicosia,,2025-11-17 16:41:20.312479+00:00,
dd8dbd1e-1ada-49fe-9171-a75049f6be09,530ec24b-94a2-421f-81e4-8b3f787abcf4,0,el,0,Asia/Nicosia,,2025-11-17 16:41:20.312479+00:00,
91e5d7b4-e453-4f3f-96ed-3ae202d95904,b02a391e-5ad8-476e-91a1-b235a9d97dd3,1,el,1,Asia/Nicosia,,2025-11-17 16:41:20.312479+00:00,
e2db1f7f-7e15-4fc2-9bd0-dbfeae538f11,d9e98388-aa36-4ec2-a323-590fbf554aec,0,el,1,Asia/Nicosia,,2025-11-17 16:41:20.312479+00:00,
632efec7-65b5-40dc-aefe-6a2ffde3a385,1df86f22-97ac-4fc6-8933-a3808085b348,1,el,1,Asia/Nicosia,,2025-11-17 16:41:20.312479+00:00,
139a4f43-2551-417f-ab88-59de8f350f00,0d00c4ed-e0c1-4e8a-8855-fe55f0d6b194,1,el,1,Asia/Nicosia,,2025-11-17 16:41:20.312479+00:00,
d7951f0b-c360-428a-90ab-347f8bb1396e,85dd311b-9307-439b-941b-7a00face411c,0,el,0,Asia/Nicosia,,2025-11-17 16:41:20.312479+00:00,
3949da53-d774-46c2-a7f0-81a36db33c89,acc0ff82-fdb9-4158-b540-757341a01ae3,1,el,0,Asia/Nicosia,,2025-11-17 16:41:20.312479+00:00,
99a79122-e9a2-4287-8e69-46b81bd40358,457d8b08-b08a-4aec-91db-b0d5fe6f3183,1,el,1,Asia/Nicosia,,2025-11-17 16:41:20.312479+00:00,
b8c54edb-94ec-4639-9313-9592476e6663,d5562365-5dfa-46f2-ae50-d969d94d8fee,1,el,1,Asia/Nicosia,,2025-11-17 16:41:20.312479+00:00,
af666831-9a4e-45bb-8c3b-ac9ae25cea47,4ac40363-b29b-4728-a5fd-73cb7517bcf9,0,el,0,Asia/Nicosia,,2025-11-17 16:41:20.312479+00:00,
39860249-1782-4b11-b52a-ef35d1842fd8,5e09ddeb-ad1d-469f-925e-607ac506b05e,1,el,0,Asia/Nicosia,,2025-11-17 16:41:20.312479+00:00,
8da98fa7-d113-4a5d-b7b6-330083cfc223,9a3e12a4-1cf8-48a2-9a4a-4f12a698bb54,0,el,1,Asia/Nicosia,,2025-11-17 16:41:20.312479+00:00,
1e234305-a8f1-43b6-8dde-22158b8bba58,5fd9906c-a19a-4f82-ab86-af9d5845c205,0,el,1,Asia/Nicosia,,2025-11-17 16:41:20.312479+00:00,
dba18b1e-1538-4f7f-ae7f-1ef1400a4ac3,94439a8c-3a3b-4c7b-a681-5c5c16037eba,0,el,0,Asia/Nicosia,,2025-11-17 16:41:20.312479+00:00,
530d578e-3c77-4e08-9e75-247f43c5e25c,164492ab-3d8f-4d5b-a6df-7800087628c7,1,el,1,Asia/Nicosia,,2025-11-17 16:41:20.312479+00:00,
319ad150-3a20-43a5-a3aa-341149a9f953,5ced3675-39d4-4969-a3d6-a3511fc12927,1,el,0,Asia/Nicosia,,2025-11-17 16:41:20.312479+00:00,
c5f85d85-0f50-4d7f-9de1-df29365b4db1,42d0706c-8746-4b42-bff7-240d5e071750,1,el,1,Asia/Nicosia,,2025-11-17 16:41:20.312479+00:00,
4e8dc272-02a9-4e4a-8458-9749d7b7f06a,ce1aaa3d-46b2-4abd-8cec-5cfa96cb6354,0,el,0,Asia/Nicosia,,2025-11-17 16:41:20.312479+00:00,
d934a059-8a57-413f-a8eb-defa65055d0e,9e8bbab8-b16c-464b-b495-8af1127f3ee4,1,el,0,Asia/Nicosia,,2025-11-17 16:41:20.312479+00:00,
841ff6f3-76ff-4452-93fc-d6d3c72c421f,9b3a01f7-b2dd-442c-aa47-22c080bf493d,1,el,0,Asia/Nicosia,,2025-11-17 16:41:20.312479+00:00,
eaec729f-6f78-4e97-96dc-f6ce90da929c,381d6a27-3264-4c2d-aeb6-c9a557124867,0,el,1,Asia/Nicosia,,2025-11-17 16:41:20.312479+00:00,
1ef27d9c-45d4-4783-b3b4-f1d7da9f2df0,c44ea248-4700-4f5f-bb69-15df38eccc60,0,el,0,Asia/Nicosia,,2025-11-17 16:41:20.312479+00:00,
b433c4ec-7626-4605-af7b-d0bc938a3ef7,e18fd894-f48b-4860-8115-6e23771ece9a,1,el,0,Asia/Nicosia,,2025-11-17 16:41:20.312479+00:00,
3ecfd575-9acd-4fc8-af61-6cacee7e7895,fa5b71da-ae08-4493-a9b1-d71b37ed210e,0,el,0,Asia/Nicosia,,2025-11-17 16:41:20.312479+00:00,
cfc74235-dd3a-4530-8160-53537f8b75ae,59fd0742-4d7b-433b-9128-313eaef5866d,0,el,1,Asia/Nicosia,,2025-11-17 16:41:20.312479+00:00,
55440248-115f-494f-b22d-85638650b918,0d446c53-063e-4e0f-bb2a-f22ad72ca829,1,el,1,Asia/Nicosia,,2025-11-17 16:41:20.312479+00:00,
1782bca2-2a4e-4e80-99ac-54b56cb85c45,1734ab2f-44d1-4b83-a3dc-73a959c9bd1e,0,el,1,Asia/Nicosia,,2025-11-17 16:41:20.312479+00:00,
9a08f8d5-e2ed-479b-bfbe-916ccab3e60b,0398c0f0-8e9a-4c39-ac2e-8564df44e18e,0,el,0,Asia/Nicosia,,2025-11-17 16:41:20.312479+00:00,
baa076f3-5881-4117-a0cf-01c15ce016c4,70536d32-c7c3-4bac-bb7d-754b7c4d1796,0,el,1,Asia/Nicosia,,2025-11-17 16:41:20.312479+00:00,
0da61aea-7cb5-43ee-9419-0830dd237264,4fca5cd7-69fb-46d7-9b60-ea5f0ac775e1,1,el,1,Asia/Nicosia,,2025-11-17 16:41:20.312479+00:00,
23ea5be2-9ec6-4b02-ac10-38d6c92aa75b,95cace6d-d928-4ce0-b91f-81a5043990a2,1,el,0,Asia/Nicosia,,2025-11-17 16:41:20.312479+00:00,
394f405e-414c-49e2-be6a-efc740a23549,da454f28-0ea2-4ba3-b065-602e2b4cbb58,0,el,1,Asia/Nicosia,,2025-11-17 16:41:20.312479+00:00,
0ff8aeed-c852-43b3-a876-bae784fbe078,d0f00c63-297e-4edd-96a9-2b065bcc793f,0,el,0,Asia/Nicosia,,2025-11-17 16:41:20.312479+00:00,
7a506561-37e2-4354-9b03-e8d616b6c01d,39250933-94cb-420a-95f8-746d5639031c,0,el,0,Asia/Nicosia,,2025-11-17 16:41:20.312479+00:00,
8516a423-e1c4-4229-a83f-9dae324d1ded,6ab4203b-0e5a-41a6-b9e0-c1e3fa19ea7e,1,el,0,Asia/Nicosia,,2025-11-17 16:41:20.312479+00:00,
6e46eee4-f4cc-48a1-af3c-7ec3d5d8b8fa,85250968-f5a1-49bf-864a-29a02290008e,0,el,0,Asia/Nicosia,,2025-11-17 16:41:20.312479+00:00,
f776d882-bfb8-4102-855c-7bd4e9601303,4a397daa-2d07-4929-ae81-b22ac81d7a17,0,el,1,Asia/Nicosia,,2025-11-17 16:41:20.312479+00:00,
aa576b7e-8cf6-4846-84aa-05d1899cea02,db8acd8f-b9df-4453-81c5-0e7c0f85589f,1,el,1,Asia/Nicosia,,2025-11-17 16:41:20.312479+00:00,
8a808da9-5125-4205-9429-9f4d151dbd65,9d6f52c2-95f3-4e95-a489-638debc1adea,0,el,1,Asia/Nicosia,,2025-11-17 16:41:20.312479+00:00,
286d8707-a6bc-4083-be74-2ad45851dff3,4d2b7a95-869a-4fba-9fe0-92730f532018,1,el,1,Asia/Nicosia,,2025-11-17 16:41:20.312479+00:00,
e65874db-b390-487e-9020-457b7e8a2539,2960536a-66a5-4b02-a6e0-c1e7db2cbb42,1,el,0,Asia/Nicosia,,2025-11-17 16:41:20.312479+00:00,
ae24138b-a7cf-4b49-9583-e8fe154d399c,f9b9f6d5-84cd-48a7-bf4c-7b2abf87e59e,0,el,0,Asia/Nicosia,,2025-11-17 16:41:20.312479+00:00,
546e93b9-c338-4cdf-bb66-b51282723f08,6ca43f7a-c469-4ccb-8467-c34dca476a1e,1,el,0,Asia/Nicosia,,2025-11-17 16:41:20.312479+00:00,
caee6a90-ab0f-4736-bc59-3a0953e86af6,ea93cad6-fa82-4f72-a56f-29768d4c1d81,1,el,1,Asia/Nicosia,,2025-11-17 16:41:20.312479+00:00,
f9ace2d5-4ff1-4d1f-997c-37380a1474a0,573f9059-15b3-4981-bc9c-90f988e72601,0,el,0,Asia/Nicosia,,2025-11-17 16:41:20.312479+00:00,
b7d070a1-a450-4e3b-8c76-203b156b87c3,2cdbf5d2-f11b-4182-900b-902d303f62cf,0,el,1,Asia/Nicosia,,2025-11-17 16:41:20.312479+00:00,
b77aec4b-fd95-4275-b5ba-3f3ea53aa58f,5ac9fea1-2023-4242-88e4-51f24fcbe2bb,1,el,1,Asia/Nicosia,,2025-11-17 16:41:20.312479+00:00,
838cbcd8-5898-41d2-8951-f2a9e7d8919c,40b047ea-064e-44c4-9e9c-93598c6e8b55,1,el,1,Asia/Nicosia,,2025-11-17 16:41:20.312479+00:00,
fa03ccb5-de04-46db-a73c-0a18f3f6b92a,17d28679-759f-478a-b6f1-8733e3e02fd8,0,el,1,Asia/Nicosia,,2025-11-17 16:41:20.312479+00:00,
8dbac1a2-cf5d-437b-bc23-235a46406743,e8254420-79cf-48f9-8177-938bec83bae6,0,el,1,Asia/Nicosia,,2025-11-17 16:41:20.312479+00:00,
738e1d26-aa93-4593-8e2c-b8c774c9565c,e2f7b4bd-a5a9-4ab4-87af-632e64cc67fd,1,el,0,Asia/Nicosia,,2025-11-17 16:41:20.312479+00:00,
4b103cf0-5fff-46b3-b8ff-1aeb905d900c,bdbd2288-923a-445e-9964-2cab9c0327ba,0,el,1,Asia/Nicosia,,2025-11-17 16:41:20.312479+00:00,
d19ed0bd-5c32-4819-b017-fe70e7d32a07,631cf68a-d4fa-470d-bca8-4de1634b187e,0,el,0,Asia/Nicosia,,2025-11-17 16:41:20.312479+00:00,
7c60483d-84da-4feb-9d99-e73e3ccfad8f,72ae0131-89b6-4941-b8f7-b8553e5c7bfa,1,el,1,Asia/Nicosia,,2025-11-17 16:41:20.312479+00:00,
0d354983-903b-45d3-a933-1aa56679cb62,0730d858-a8d1-45c3-890f-2a73b558132a,0,el,1,Asia/Nicosia,,2025-11-17 16:41:20.312479+00:00,
e45a8c43-8199-40a2-875b-2e0c91b4844f,0d512f3a-92e7-4b23-901d-5a01eb937511,0,el,0,Asia/Nicosia,,2025-11-17 16:41:20.312479+00:00,
20993ca0-57be-435d-ba16-a05a7b202ffd,fc7a3d25-4d71-4290-84fc-9fd1455d715c,0,el,1,Asia/Nicosia,,2025-11-17 16:41:20.312479+00:00,
b64ae21e-b0fd-4872-bdaf-6670146fe8b3,b8ab3818-c1e8-487d-b87b-5a6279515418,0,el,1,Asia/Nicosia,,2025-11-17 16:41:20.312479+00:00,
482aeb1b-b2d8-428a-8658-2081a63fa355,d78c11f5-45aa-4dff-84cf-b40d8f1a664a,0,el,1,Asia/Nicosia,,2025-11-17 16:41:20.312479+00:00,
30956800-4497-40f3-aaed-d899e1b42c9a,02fc5552-1679-4cc3-b179-691fe4b812ec,1,el,1,Asia/Nicosia,,2025-11-17 16:41:20.312479+00:00,
f19fc521-1336-488f-8626-64d3f402624d,32e6ef42-507c-4872-8799-4504e4649f93,1,el,1,Asia/Nicosia,,2025-11-17 16:41:20.312479+00:00,
edf496c2-e0bb-4225-a3b3-6d9fa263e2cf,cf08045b-6dab-4e34-80ed-52acb091d017,1,el,0,Asia/Nicosia,,2025-11-17 16:41:20.312479+00:00,
cdcfffc3-986a-4ba3-9130-e4b760dc0a4d,5f5dc8bf-3754-42f6-9265-deef1a125b83,1,el,1,Asia/Nicosia,,2025-11-17 16:41:20.312479+00:00,
eacf24d1-f974-4420-8f26-2b9834197dcb,7bf6555e-22b1-4e8f-91b7-fd079dbf023b,0,el,1,Asia/Nicosia,,2025-11-17 16:41:20.312479+00:00,
5eb4282a-db0e-41f3-b0fc-e668218f0f5b,df86608e-02dc-4733-b380-9a62ac10b660,0,el,0,Asia/Nicosia,,2025-11-17 16:41:20.312479+00:00,
3ff2d627-f566-4bb9-9538-b30e48b52eb1,6222a750-d09b-490a-bd6b-64efe848757d,1,el,1,Asia/Nicosia,,2025-11-17 16:41:20.312479+00:00,
c8eea186-05ce-4c42-a6bc-4fb46c1650d5,1ca5f24b-29f0-4e1e-8027-a17b6af559fd,0,el,0,Asia/Nicosia,,2025-11-17 16:41:20.312479+00:00,
4dcf8e00-d3f0-4d38-8eac-d8459bbbab40,2b0ff26a-3095-4d9d-855f-048725cea522,1,el,1,Asia/Nicosia,,2025-11-17 16:41:20.312479+00:00,
b6d9134e-4b90-4019-9e23-53a0bd0062fc,01c9075c-29fe-4a01-9621-2de9ae1b4863,0,el,1,Asia/Nicosia,,2025-11-17 16:41:20.312479+00:00,
eccf8ba6-dfaa-40ac-92fe-b6753f9540a5,180c189f-0a86-4246-aecf-047fc088ca29,0,el,0,Asia/Nicosia,,2025-11-17 16:41:20.312479+00:00,
609d8f8a-d691-46f3-8af9-95bcdd92f60f,261f51b5-7c6c-4df0-970b-ef20a203479e,1,el,0,Asia/Nicosia,,2025-11-17 16:41:20.312479+00:00,
c07f1d17-1af9-41e0-b6e0-e8c31683135f,b393b53c-d0d6-4734-b7c4-289b236bc0b6,1,el,0,Asia/Nicosia,,2025-11-17 16:41:20.312479+00:00,
b18378d7-8fc7-4500-9d58-64fdb5d22924,0a6e01ac-d974-4bb2-8137-cb25515bb40e,1,el,0,Asia/Nicosia,,2025-11-17 16:41:20.312479+00:00,
e3c8a8fc-9be3-46af-82e5-1447f04213a1,c69e0aa4-db4f-4c67-b8a8-dc2aa80d1df5,1,el,0,Asia/Nicosia,,2025-11-17 16:41:20.312479+00:00,
dfad3bb6-f9ec-4ef2-a80a-2be1b6a2e95a,bc41f731-8ec5-48de-a686-173115375a28,0,el,0,Asia/Nicosia,,2025-11-17 16:41:20.312479+00:00,
28431e29-8f6a-4e08-8276-0de7cc5de599,be42ee09-49a9-4cc8-bc10-49b3bad5c255,1,el,0,Asia/Nicosia,,2025-11-17 16:41:20.312479+00:00,
8f848262-5a97-47b2-92e4-6542b9215d6d,1484e17d-39b1-4490-be36-87803d5dc410,1,el,1,Asia/Nicosia,,2025-11-17 16:41:20.312479+00:00,
904d2974-9e84-4087-b61c-387a8b8c1bc8,da27ce82-8aad-4c2e-ad5c-0a9f3b869b8a,0,el,0,Asia/Nicosia,,2025-11-17 16:41:20.312479+00:00,
804ba986-9d51-4999-a82a-07ffbc1e956e,baca6fa0-baaa-4215-a5b1-a8b95a5f0825,0,el,1,Asia/Nicosia,,2025-11-17 16:41:20.312479+00:00,
14ef36e9-7aee-49db-9b2e-96416b663807,9811fa35-3288-49be-8681-a8312b8fc305,1,el,1,Asia/Nicosia,,2025-11-17 16:41:20.312479+00:00,
ee9cc7ec-4015-4dba-b9ff-e38ffea09930,1b2efaf5-066d-445a-8b43-bfa76cc5f98a,0,el,0,Asia/Nicosia,,2025-11-17 16:41:20.312479+00:00,
1142480d-4c11-4c42-a7e1-a82456557938,59a58e46-dab1-4ec8-847f-68def5a37d77,1,el,0,Asia/Nicosia,,2025-11-17 16:41:20.312479+00:00,
78cd7668-d2c9-4f01-8557-e87404fe7420,e073ec12-f845-4d96-965d-21ae6533955c,0,el,1,Asia/Nicosia,,2025-11-17 16:41:20.312479+00:00,
999f958a-35d2-4a4f-99b2-861f9cff8190,27eb43b1-b829-4b58-ab6b-c3d072adceb3,0,el,0,Asia/Nicosia,,2025-11-17 16:41:20.312479+00:00,
003d2695-ac84-41fa-bb68-32dab2f2294b,2e6174fb-e3d0-4b9d-a244-81b53f69a34c,1,el,1,Asia/Nicosia,,2025-11-17 16:41:20.312479+00:00,
afff182c-202d-429f-a39f-9469866c3855,ba427cf7-ab30-4774-8cab-5c56c8edef16,0,el,1,Asia/Nicosia,,2025-11-17 16:41:20.312479+00:00,
4728114a-77e4-486c-8e01-1675a0152c73,12f6b6f0-1138-46e1-8792-30103ebe0b31,1,el,1,Asia/Nicosia,,2025-11-17 16:41:20.312479+00:00,
e1900faf-68f5-4ebc-bf6b-f020e4d0bf9d,50e21d0b-0c3f-410b-a3c9-48247ff70dcb,0,el,0,Asia/Nicosia,,2025-11-17 16:41:20.312479+00:00,
b654e58d-b4f6-4015-a152-1b3f0268d96c,37a3da3e-2e76-4fb1-9f68-25d685fd2889,1,el,1,Asia/Nicosia,,2025-11-17 16:41:20.312479+00:00,
3974f49f-7cb6-45e7-9225-b060341605c4,995617dd-2a72-436e-ae79-ce8339a95264,1,el,1,Asia/Nicosia,,2025-11-17 16:41:20.312479+00:00,
23ee4425-f7d8-4412-80fe-dce7fa3fed42,beb6688e-5f32-4c00-ad11-d0f7069ed70d,1,el,1,Asia/Nicosia,,2025-11-17 16:41:20.312479+00:00,
53c19c7d-c28c-451f-88cd-11b1aa285ed6,e529bb29-c7fd-4e1f-a30a-23763ddb49a0,1,el,0,Asia/Nicosia,,2025-11-17 16:41:20.312479+00:00,
c21bc647-b807-4ee7-bc12-339d41c87b4d,617067a7-159b-4019-b0eb-eb753dfd9922,0,el,1,Asia/Nicosia,,2025-11-17 16:41:20.312479+00:00,
9c45f80d-4504-43de-aca1-aeb2d8af34b6,444f3c66-2d39-4305-93fd-391d30e02df1,1,el,0,Asia/Nicosia,,2025-11-17 16:41:20.312479+00:00,
780d61d9-44e3-4d24-9c9c-479c3a2f9e04,b8b50443-1102-4b8c-b35b-03bdfa9acc24,1,el,1,Asia/Nicosia,,2025-11-17 16:41:20.312479+00:00,
5ed01058-5346-4ca6-abe9-ea283581ca1f,44c6743d-5af6-446a-80ff-48cda13b01bf,1,el,0,Asia/Nicosia,,2025-11-17 16:41:20.312479+00:00,
445562d9-0a55-4fd0-bc57-9e6c7df6ccc3,5788eb85-dd2a-4e04-983e-93be8fbae892,0,el,1,Asia/Nicosia,,2025-11-17 16:41:20.312479+00:00,
9b9946f4-1b80-4621-9cc7-a43d596357b8,b04ea80b-66d4-43cc-9bf1-de1fabfe0d94,0,el,0,Asia/Nicosia,,2025-11-17 16:41:20.312479+00:00,
c143a854-dc96-42da-b333-ff3953cf0c58,2f99917d-eaef-4898-ab3a-bb60f670e948,1,el,1,Asia/Nicosia,,2025-11-17 16:41:20.312479+00:00,
9c0b3ab6-9619-41c4-a131-4890a6f3fcb6,6422a304-6f68-48c8-98cb-3b14a394050e,1,el,1,Asia/Nicosia,,2025-11-17 16:41:20.312479+00:00,
db9c5212-decc-40b7-a5af-53cb9f80fcbe,c94d027b-1425-4553-8496-7d2a6193e804,1,el,1,Asia/Nicosia,,2025-11-17 16:41:20.312479+00:00,
a7ab6163-9378-4c67-9a72-e5865adf0cd1,b2854088-3f95-46ec-82dc-c3a7e9cf3d0d,1,el,0,Asia/Nicosia,,2025-11-17 16:41:20.312479+00:00,
76e5da98-2dc9-4ce7-b53a-069cf470d712,ba70b6bc-f5b3-46a3-abd2-96cf04148d5e,0,el,0,Asia/Nicosia,,2025-11-17 16:41:20.312479+00:00,
e03e3e44-6889-47a0-9b20-1d6f5036e08d,674bea85-1889-4d53-8b71-4f60507c2dc6,1,el,1,Asia/Nicosia,,2025-11-17 16:41:20.312479+00:00,
ddb7a569-939a-4f47-b66a-77814a52b2b6,17d8b9c6-2084-46ee-b24a-9da99e6c42b2,1,el,1,Asia/Nicosia,,2025-11-17 16:41:20.312479+00:00,
e7e49c79-9d82-41ce-92b2-0af3a2572ae3,d9636a25-6689-4ddd-81bf-416b2288713b,0,el,1,Asia/Nicosia,,2025-11-17 16:41:20.312479+00:00,
2db42a3a-5554-4a12-afc2-9fa7d2196d7f,28e2d979-a855-4e04-8974-d06a074e211d,1,el,1,Asia/Nicosia,,2025-11-17 16:41:20.312479+00:00,
ad035b08-3ec7-43cc-8003-2e2552104802,8020cf25-34cc-4902-b516-6ae35dabfe9b,1,el,1,Asia/Nicosia,,2025-11-17 16:41:20.312479+00:00,
a1ccf717-2db0-49d4-b33b-0db81e4a3626,c9d0ec5b-e09f-419d-adb9-c7a8ceedf38d,1,el,0,Asia/Nicosia,,2025-11-17 16:41:20.312479+00:00,
6361cb5a-a1cc-4425-919b-559aeb0fb3c0,c7b870c9-6649-4838-9981-740514bec40c,0,el,1,Asia/Nicosia,,2025-11-17 16:41:20.312479+00:00,
1f465c90-5b2b-4121-b262-75bfda9d15d9,57f6acf7-dfe6-4ab4-81b9-c772aa649a64,0,el,0,Asia/Nicosia,,2025-11-17 16:41:20.312479+00:00,
092831c5-256e-415b-8b75-4b66a7a59876,d4115227-de6b-4f20-9ac0-577934e08560,1,el,0,Asia/Nicosia,,2025-11-17 16:41:20.312479+00:00,
5df1a0ff-4de6-4e9f-a8f7-e57aa7a0a19b,ee82f6ff-b332-49bd-91c3-1ab40af9c232,0,el,0,Asia/Nicosia,,2025-11-17 16:41:20.312479+00:00,
c0b08a88-c552-41ed-af74-a96502c2516b,859ac57b-28ce-481f-9ad2-ac38e453418f,1,el,1,Asia/Nicosia,,2025-11-17 16:41:20.312479+00:00,
645809a4-6639-40c0-95fb-b20ae096a035,99de6ef9-3f48-4e18-82a7-e348fe6800d3,1,el,1,Asia/Nicosia,,2025-11-17 16:41:20.312479+00:00,
8d00148c-41dc-4bd4-be80-e02e4fe08380,3368f3a7-84a7-4e2a-a4bf-9692c08eb7c3,1,el,1,Asia/Nicosia,,2025-11-17 16:41:20.312479+00:00,
8030f780-c5cd-42fa-b9de-4a370a4f2f1d,a1637480-e488-4191-b56e-3766b30afdc1,0,el,1,Asia/Nicosia,,2025-11-17 16:41:20.312479+00:00,
f7d0c0b0-68e7-45d3-911c-8c6054adb03c,cbc890e4-a143-4658-9a54-987f168dd682,0,el,0,Asia/Nicosia,,2025-11-17 16:41:20.312479+00:00,
850ecd12-1738-47cc-b85b-cc8825cd78a5,3cd7ec7b-7add-40d6-bbc0-c7dbd78c4ea3,1,el,0,Asia/Nicosia,,2025-11-17 16:41:20.312479+00:00,
fe19f559-bfc1-406e-a069-98bfc972761f,264d22ca-1b87-4820-b16e-4f8af8571771,1,el,1,Asia/Nicosia,,2025-11-17 16:41:20.312479+00:00,
fc977d3b-3281-4c55-930d-c2d70ff9afe5,a77dddc9-4a81-4618-9d2c-cdc91cc1c0a3,0,el,0,Asia/Nicosia,,2025-11-17 16:41:20.312479+00:00,
6111f5cd-601e-43e1-89bd-30ecec36acb2,efd37717-e26b-45df-8738-a224bd26c7c4,0,el,0,Asia/Nicosia,,2025-11-17 16:41:20.312479+00:00,
3dd5283a-8cf1-45f8-a19f-88085b6afd60,9832c94e-8490-49b9-97b0-fa13edbc3a9c,0,el,0,Asia/Nicosia,,2025-11-17 16:41:20.312479+00:00,
8a3f5ba6-a880-4aaf-a96f-c51eebb9e549,95f3ae63-e36d-4ad8-8bd6-69a5506a40c0,0,el,1,Asia/Nicosia,,2025-11-17 16:41:20.312479+00:00,
1665dd6e-871e-41e9-8ee3-abc249d43ee3,6d9dcc88-1292-4539-aa64-304726873faf,1,el,0,Asia/Nicosia,,2025-11-17 16:41:20.312479+00:00,
86d1225c-6161-4b3c-81cb-0207749f853e,eb15066b-d6fb-4bdb-b77b-1ff4ee0c3fa8,0,el,0,Asia/Nicosia,,2025-11-17 16:41:20.312479+00:00,
b257e66f-e7ab-4b03-b718-49f95444122d,58ca9ca4-af3e-4946-bcae-80a3fd29cdc6,1,el,0,Asia/Nicosia,,2025-11-17 16:41:20.312479+00:00,
735e213e-7f70-4343-b0dd-00c08f510c00,45f539bc-7bb2-4ab1-94d9-7fd3fdaff0e8,0,el,1,Asia/Nicosia,,2025-11-17 16:41:20.312479+00:00,
e4b9c929-7982-468a-a30f-f84bf8cadd02,422a4c32-26ab-4b12-afdd-5b4e7896bd71,1,el,0,Asia/Nicosia,,2025-11-17 16:41:20.312479+00:00,
225ef19f-70b2-41bf-a032-d60e9ac460ff,c9ba5172-e28f-49c9-9aca-0148c96e8d7f,1,el,0,Asia/Nicosia,,2025-11-17 16:41:20.312479+00:00,
11673543-1729-4bc3-b6b2-d8dca3808ede,1d34631d-11c3-43d8-ad65-f4494bf3e220,0,el,0,Asia/Nicosia,,2025-11-17 16:41:20.312479+00:00,
0a8757a6-2cbe-44be-b62a-1e2e081e59fb,b86fcfc7-3b8f-46f1-aca2-88c658ff8cf2,0,el,1,Asia/Nicosia,,2025-11-17 16:41:20.312479+00:00,
304f516d-b7ad-4e59-b1ad-2c690b0b4def,fcd437d6-510d-4952-b1b3-a85c47e05d8c,1,el,1,Asia/Nicosia,,2025-11-17 16:41:20.312479+00:00,
d038991a-2111-49f0-95ca-c555b7324de4,1a98f076-6d69-4d4c-a617-86155dadd0a5,0,el,1,Asia/Nicosia,,2025-11-17 16:41:20.312479+00:00,
5353327d-35b4-45ff-a20c-585f5c2c258d,d56e35b4-1584-471b-86fc-b9234c34eec9,0,el,0,Asia/Nicosia,,2025-11-17 16:41:20.312479+00:00,
c27c8782-6d62-4959-b9b8-399fac8935db,1f6529fd-b92f-4334-8ca4-c915c385a744,0,el,0,Asia/Nicosia,,2025-11-17 16:41:20.312479+00:00,
a3ebd913-684a-4497-882e-2b73fa07c3d3,1d843def-1dd9-4efd-829d-2d705a4b6c12,1,el,1,Asia/Nicosia,,2025-11-17 16:41:20.312479+00:00,
7fb02739-e66c-4c55-aea5-cfd933b6498f,a4dcb8f3-413d-48ee-bbcd-0c04437a5f17,1,el,1,Asia/Nicosia,,2025-11-17 16:41:20.312479+00:00,
ea6ade6b-6759-429e-82c6-0edab516703f,2a0417be-5d4f-4ce9-bef2-0f93d868c3fd,1,el,1,Asia/Nicosia,,2025-11-17 16:41:20.312479+00:00,
f2f9b1ae-e3ac-4758-a4dc-32a2629eb4c4,3a95de6f-c141-4896-80ef-b510becb6b57,0,el,1,Asia/Nicosia,,2025-11-17 16:41:20.312479+00:00,
cc525496-d3ba-4757-b242-85d1b1d12a87,bd0b248e-a47a-47ad-9450-f89621d2f80f,0,el,1,Asia/Nicosia,,2025-11-17 16:41:20.312479+00:00,
af51e4a6-e5d9-498c-81cc-aef56be0bc52,6cccf3e0-b9bc-4c4b-a3b0-97c4d81a8662,1,el,1,Asia/Nicosia,,2025-11-17 16:41:20.312479+00:00,
5a74ca47-8b7c-478d-8954-f78d56cd74c1,b09578df-f6e9-48f0-a961-c0642363054d,1,el,1,Asia/Nicosia,,2025-11-17 16:41:20.312479+00:00,
d7843fd4-5b8a-44ec-a124-c8dd14267109,52adb1b5-e248-41f2-bf85-bb0db0db9451,1,el,0,Asia/Nicosia,,2025-11-17 16:41:20.312479+00:00,
22f9b94e-5a82-4641-abf1-f73a057a3823,870c20cf-3465-45b1-adc2-18f420b5ed4a,1,el,1,Asia/Nicosia,,2025-11-17 16:41:20.312479+00:00,
297c1767-53a9-4ec0-82ff-56c11e2dff04,6eca3c75-e00b-4293-aaf2-b577b41f2a38,1,el,1,Asia/Nicosia,,2025-11-17 16:41:20.312479+00:00,
c4a860cb-78bb-4c78-90a5-960d939dbd75,77132579-f553-46b1-97fb-05c60626be68,1,el,1,Asia/Nicosia,,2025-11-17 16:41:20.312479+00:00,
fa7b98da-69d4-4362-aa8c-4e9bd22fcf5e,34316b99-a0d1-42a7-acd8-d88290fa14b2,0,el,1,Asia/Nicosia,,2025-11-17 16:41:20.312479+00:00,
474007aa-271b-4e9d-bc95-68248a09cc40,d3e2d315-b6f4-40ef-b340-89582458f978,1,el,1,Asia/Nicosia,,2025-11-17 16:41:20.312479+00:00,
1ec3860b-78ce-41ce-8892-0134591c79fb,d12345be-47e0-4a12-8776-2eaac31794f0,1,el,0,Asia/Nicosia,,2025-11-17 16:41:20.312479+00:00,
7133ecf9-035f-4b11-a813-4ed15d05104b,9430c6ef-dc96-4eb5-8f81-e0b569e19253,0,el,1,Asia/Nicosia,,2025-11-17 16:41:20.312479+00:00,
3ba4bf76-2e18-46a6-9fda-cec8032d0ade,fa7c0d16-9a03-433a-bc9c-d988e8bfe933,0,el,0,Asia/Nicosia,,2025-11-17 16:41:20.312479+00:00,
5c66fae8-4fa5-43f4-bb9b-3bab4d4bed10,9b9d49f4-4e0c-4d36-99cd-5bf5a20be91a,1,el,1,Asia/Nicosia,,2025-11-17 16:41:20.312479+00:00,
ce1a567a-e337-42de-b71d-fcf06f39e7c3,dca1a6a2-ebf4-4ae7-a794-62be679391ca,0,el,0,Asia/Nicosia,,2025-11-17 16:41:20.312479+00:00,
a2bf77ce-147a-4f4d-b83a-7c77ad8426a7,1a9d264b-81b7-4011-8543-a0b2c78a2e93,0,el,0,Asia/Nicosia,,2025-11-17 16:41:20.312479+00:00,
87361a7e-6b84-429a-b966-561fdc55d28b,2dcba452-f5c7-4b89-b698-d4a82f03a303,0,el,0,Asia/Nicosia,,2025-11-17 16:41:20.312479+00:00,
acf6bbd4-33ed-4c55-9c38-e641cdce55d5,68482b19-b1d5-4d9b-a5af-2e9fbee892af,1,el,0,Asia/Nicosia,,2025-11-17 16:41:20.312479+00:00,
f949b056-e7fb-4e2f-81f5-ea42b2368267,d7777248-5035-4cca-a10a-95eb04dda6e4,1,el,1,Asia/Nicosia,,2025-11-17 16:41:20.312479+00:00,
90f9c87f-098c-4c06-9b9f-8c0d9c290fe3,4517983f-ebf5-4add-bcce-f46da980aabb,1,el,0,Asia/Nicosia,,2025-11-17 16:41:20.312479+00:00,
df2e379d-0f99-4a36-a906-4b15003e5610,7d40565b-658d-4a1c-9178-322fdb0e6174,0,el,1,Asia/Nicosia,,2025-11-17 16:41:20.312479+00:00,
67599165-65f2-4eb6-884a-df8406efb4b4,3185bd17-1a54-47d4-b22c-533b2d0dac07,0,el,1,Asia/Nicosia,,2025-11-17 16:41:20.312479+00:00,
12bba892-a03d-4e1a-862a-37da13554d53,d0f60bea-08de-41fe-a0be-27b22fb5a507,1,el,1,Asia/Nicosia,,2025-11-17 16:41:20.312479+00:00,
c71421c1-d5b6-427d-897d-f7cde5d3d79d,31be0c18-28b1-4baf-8b0f-b044eb2943cc,1,el,0,Asia/Nicosia,,2025-11-17 16:41:20.312479+00:00,
aebb471a-9d8f-4484-b253-74e0c1cc2055,213d466b-f3e0-4e1a-80f2-3b3555c60620,0,el,0,Asia/Nicosia,,2025-11-17 16:41:20.312479+00:00,
241eae79-72d4-44c7-bcb9-3753ef5e757c,53242b21-2d6e-4c00-a81b-fa4bb512904e,0,el,0,Asia/Nicosia,,2025-11-17 16:41:20.312479+00:00,
487406d4-d0b7-48f6-b56f-cd00d7eac3d1,f52d0edf-ddd2-464b-96b3-9f592a06ea49,1,el,0,Asia/Nicosia,,2025-11-17 16:41:20.312479+00:00,
8be02958-0614-44c1-9c3e-7dc0faf8e191,52c03499-948f-42c9-a5d4-465e859bc06c,1,el,1,Asia/Nicosia,,2025-11-17 16:41:20.312479+00:00,
7d372c30-b1a7-4378-9f54-b799ba6d44cf,0facc68e-60cd-4fe6-aec3-70fedbb09b2d,1,el,1,Asia/Nicosia,,2025-11-17 16:41:20.312479+00:00,
e6d1b6e7-6957-4392-80fb-c9991639a148,cc63c334-304b-4fe3-ac16-7658e6822f53,0,el,1,Asia/Nicosia,,2025-11-17 16:41:20.312479+00:00,
7f45315f-c52e-4f39-bd7e-837f1422073c,f8d6f7c8-ce03-48b6-b7c8-e71919025af4,1,el,0,Asia/Nicosia,,2025-11-17 16:41:20.312479+00:00,
c4e2750c-350c-4645-8e45-bb03677b7cc1,3a856112-dc81-4ee2-a352-5c8abe48550e,1,el,0,Asia/Nicosia,,2025-11-17 16:41:20.312479+00:00,
b047e774-4a0f-44cf-ae71-d6c3476d4f0c,2951fd4d-1a8d-4a8c-bd86-a045aad89bbc,0,el,1,Asia/Nicosia,,2025-11-17 16:41:20.312479+00:00,
2857ebef-bf64-4ddd-b671-303eafd751f7,062ac91b-5019-437b-8999-255975dda36f,1,el,0,Asia/Nicosia,,2025-11-17 16:41:20.312479+00:00,
633f7c33-92d9-4b78-85cd-475c760ce87b,c9215173-27d0-4952-a65c-31948ca0e92a,0,el,1,Asia/Nicosia,,2025-11-17 16:41:20.312479+00:00,
74c45832-60d9-407f-98b7-e50cb5378faf,52a42445-e9e9-489e-aa08-804dadb3150a,1,el,0,Asia/Nicosia,,2025-11-17 16:41:20.312479+00:00,
64c66f02-e796-436d-a1ad-506a5447fbe0,ce8d6f5b-c0b3-4046-b32c-b48c4f360272,1,el,1,Asia/Nicosia,,2025-11-17 16:41:20.312479+00:00,
597f080b-842d-4e85-9f6c-503761645341,c77737c6-ff82-4c41-a88d-698f7c3600dc,1,el,1,Asia/Nicosia,,2025-11-17 16:41:20.312479+00:00,
ea854df9-9af6-4da8-bae0-d70d462882c0,a63e61b2-0d05-4c5b-b266-81519d732d1e,1,el,1,Asia/Nicosia,,2025-11-17 16:41:20.312479+00:00,
28fc0209-3123-4de9-b2d7-d1329b109240,51be0ebd-96a2-45da-a41c-dffa52f75707,1,el,1,Asia/Nicosia,,2025-11-17 16:41:20.312479+00:00,
3a3ed279-207e-486c-bd91-e283ba837d33,307f9179-013d-4cde-92b2-3e506004ae83,0,el,1,Asia/Nicosia,,2025-11-17 16:41:20.312479+00:00,
66bc93f1-2194-41ed-8e04-fff191f8a512,a5b9d1fd-23fc-4eaa-a706-52dedd4fe234,1,el,1,Asia/Nicosia,,2025-11-17 16:41:20.312479+00:00,
73229e7c-16a9-4e7f-9fc2-b8733b4f43c4,87d39a82-e0c0-4d3a-a440-1f3e47c4f03a,1,el,1,Asia/Nicosia,,2025-11-17 16:41:20.312479+00:00,
b28cb746-3642-480e-8a85-02c4fcd37747,a597f8be-bb57-431e-99bb-412ac51e11b9,0,el,0,Asia/Nicosia,,2025-11-17 16:41:20.312479+00:00,
a28ae405-79c5-4c44-b577-c7e255e2ae73,ec8b7cf8-85d0-4428-896c-cc12fdc0f02f,0,el,0,Asia/Nicosia,,2025-11-17 16:41:20.312479+00:00,
a436c560-6f4c-41bb-9754-f9ec7ecc390e,2350a638-c964-4002-84f9-e474ab2efdcf,0,el,1,Asia/Nicosia,,2025-11-17 16:41:20.312479+00:00,
d29f40d6-0b9f-4e1f-a1a4-195a11aa6238,32068b27-01ee-4b5f-bb3a-0fee52677fbd,1,el,0,Asia/Nicosia,,2025-11-17 16:41:20.312479+00:00,
d40f4740-7823-4e39-b0a5-7cc9e6f1d2d4,64c9961a-2013-43a6-9e53-a60f7c3d9e92,0,el,0,Asia/Nicosia,,2025-11-17 16:41:20.312479+00:00,
5779f068-a683-4afc-a395-bdc62f5ed57d,ca76f1ab-a2ab-4e3e-8afb-fed39a50e1fe,0,el,1,Asia/Nicosia,,2025-11-17 16:41:20.312479+00:00,
9dad5853-7910-4210-89fa-d06b4ee1ebf9,00eca561-f3e6-49c8-937c-cff1e52713e1,0,el,1,Asia/Nicosia,,2025-11-17 16:41:20.312479+00:00,
2e41fc43-68e7-42f3-a9b1-4a83160118dc,dd2c99ce-0a8b-44bd-8344-af895e6df920,1,el,0,Asia/Nicosia,,2025-11-17 16:41:20.312479+00:00,
55b08740-039c-4bfb-b33f-ef215ca8e6d4,68f8b3a1-c447-4257-8cde-39caf3d3e09d,0,el,0,Asia/Nicosia,,2025-11-17 16:41:20.312479+00:00,
ffde0c3d-5100-4e6c-9833-4d14993926f6,6e5fb3cb-5e5c-47ef-ba1b-f78f7c6f7b0a,0,el,0,Asia/Nicosia,,2025-11-17 16:41:20.312479+00:00,
47f451fa-a7a6-4803-be0b-583ebe0d9c79,3f4f907f-4f9d-42fa-ac25-6fce8f0cf909,0,el,0,Asia/Nicosia,,2025-11-17 16:41:20.312479+00:00,
ed450843-8008-4421-ba57-7cb748640b53,76395ec7-96e6-4749-aee0-bbbd24a72c2f,0,el,1,Asia/Nicosia,,2025-11-17 16:41:20.312479+00:00,
c002a166-c46f-420c-945c-0ae2695a919b,c4b2c168-1b35-48fb-bf20-fe35fdc03a0c,1,el,0,Asia/Nicosia,,2025-11-17 16:41:20.312479+00:00,
1e8276fa-773e-4e77-b2bd-063ca06322e2,17f3d39b-e415-427a-b56b-7271207b8aae,0,el,1,Asia/Nicosia,,2025-11-17 16:41:20.312479+00:00,
845ece68-3a05-4f39-a996-f41c8f530fc7,bc3c5e76-8108-46cc-a07e-83d1bc54996b,0,el,1,Asia/Nicosia,,2025-11-17 16:41:20.312479+00:00,
3f4d4b8b-50c5-44a5-a47d-da54d4e80e06,a15a646c-c13c-43cb-bd05-2740a8c23883,1,el,0,Asia/Nicosia,,2025-11-17 16:41:20.312479+00:00,
bb8cbe00-20b6-428c-bbfe-48455f0c9e0e,b1dec4a7-b65a-4a31-b933-7ee6679215bb,1,el,1,Asia/Nicosia,,2025-11-17 16:41:20.312479+00:00,
1ae44738-7722-4b7e-80c6-c30b2ff59430,0961edae-bd06-4141-be43-b5039d4a070b,1,el,0,Asia/Nicosia,,2025-11-17 16:41:20.312479+00:00,
d4183d52-21a6-445b-ab75-e5f5ce2e3c11,ef6be837-1ec5-4f6a-81db-e4865a42fe9d,1,el,1,Asia/Nicosia,,2025-11-17 16:41:20.312479+00:00,
97e6725a-0921-4be1-8545-e697001d1a49,8d8ca3a8-986a-4934-accb-d3702cd78cc2,1,el,1,Asia/Nicosia,,2025-11-17 16:41:20.312479+00:00,
219b9647-32df-468c-be96-3d5b10429fd1,da63fba7-ec59-4ea7-83c4-24e7a0de1f0c,1,el,1,Asia/Nicosia,,2025-11-17 16:41:20.312479+00:00,
b964c66d-3aee-41a4-8f67-a8c48da78dae,f1b25422-eb27-4409-a3fc-9961f1fef0b1,0,el,0,Asia/Nicosia,,2025-11-17 16:41:20.312479+00:00,
92a63d83-2a21-4565-a6b2-ceb4c2b84f98,113615f3-9404-4fce-87e0-a88ccaa2f29e,0,el,1,Asia/Nicosia,,2025-11-17 16:41:20.312479+00:00,
7a72975d-3500-411b-8dc5-a3fb2a046163,ea9ce01d-eb06-4d12-abcd-b33b8d15a37b,1,el,1,Asia/Nicosia,,2025-11-17 16:41:20.312479+00:00,
8de9d858-e8af-4430-a651-be1be091d8f9,2f121dbe-b4d9-45e5-9672-cc69eb7f5479,1,el,1,Asia/Nicosia,,2025-11-17 16:41:20.312479+00:00,
6d5162f8-e03c-4c5c-80e3-65223041c664,ec2988cd-4e3a-438c-bdba-598b89c9b8c4,1,el,0,Asia/Nicosia,,2025-11-17 16:41:20.312479+00:00,
ae8dd781-c4d3-4ea8-855e-69daf99d9af4,9795be8f-f251-4d5a-a3ba-d246a00a3695,1,el,0,Asia/Nicosia,,2025-11-17 16:41:20.312479+00:00,
6049dad2-cb57-4341-8e0c-e539c01c717d,c4dc8b20-8cb7-4578-9256-28231a022f5b,0,el,0,Asia/Nicosia,,2025-11-17 16:41:20.312479+00:00,
63bb379d-2822-47ad-9a36-40f2184d9fea,b4cd2784-c061-4e62-bb57-9fb4630d33e6,0,el,1,Asia/Nicosia,,2025-11-17 16:41:20.312479+00:00,
94efba22-e514-4da5-9a1e-647d2e912490,b0ff734e-36a4-449c-a6d5-9140539f8de9,1,el,0,Asia/Nicosia,,2025-11-17 16:41:20.312479+00:00,
d5a58f2c-8be0-4a23-9296-c1b31f6bd804,a126950f-c58b-4e74-8e54-21482de54782,0,el,0,Asia/Nicosia,,2025-11-17 16:41:20.312479+00:00,
4531b4e9-9868-411c-bccc-81eda6e585e3,018f1cb6-e777-4629-b1e6-6874965db20d,1,el,1,Asia/Nicosia,,2025-11-17 16:41:20.312479+00:00,
1c7c2712-176c-4663-ac1a-910464adf740,8ceec7eb-4904-4f4f-9e22-74605e07e762,1,el,1,Asia/Nicosia,,2025-11-17 16:41:20.312479+00:00,
b058e1ba-e981-45d9-84bf-c3030446b840,bdaf6869-8c74-4638-92af-61c84bae8d43,1,el,1,Asia/Nicosia,,2025-11-17 16:41:20.312479+00:00,
698b4a6d-89c5-4571-a38e-b3dcce4eba50,57f98248-1709-41c3-9fe3-ef45bd969bcf,0,el,1,Asia/Nicosia,,2025-11-17 16:41:20.312479+00:00,
a2224ebf-9b32-4b9a-bad3-b3141824a16d,6e9e47dc-ab53-4115-ae87-918767c4f5f8,0,el,1,Asia/Nicosia,,2025-11-17 16:41:20.312479+00:00,
57da594f-67df-4f52-92ed-288b299e9e77,963ec3a7-7f1e-408d-85af-ca766291b973,0,el,0,Asia/Nicosia,,2025-11-17 16:41:20.312479+00:00,
e8332a29-231b-4462-9a76-521ce30180c2,8e89992a-150d-4603-b869-6cf204fc8c4b,0,el,1,Asia/Nicosia,,2025-11-17 16:41:20.312479+00:00,
d22887f1-2a6b-4795-8ecf-50821f4e6620,1140bc20-4098-476c-90d7-0247c330e094,0,el,1,Asia/Nicosia,,2025-11-17 16:41:20.312479+00:00,
f8c48db5-b35c-41fb-8e05-528a84a3d33d,9d102709-9e30-4cb9-be02-9dc2b3e5186a,0,el,0,Asia/Nicosia,,2025-11-17 16:41:20.312479+00:00,
3d66c820-319e-4bb0-9d8b-1170fc3d126f,ecf47a47-5076-456a-92e8-dbd5ac1d0a2d,0,el,1,Asia/Nicosia,,2025-11-17 16:41:20.312479+00:00,
b42838b3-b381-462d-935c-da579e53d6b7,be20559c-92e2-4b76-b5b4-b46ca0402077,0,el,1,Asia/Nicosia,,2025-11-17 16:41:20.312479+00:00,
adc383ba-026d-4030-8d7c-6ee968a9243e,712c755c-c2ca-4462-9368-a404e31b41f7,0,el,1,Asia/Nicosia,,2025-11-17 16:41:20.312479+00:00,
4150d627-cf60-426b-86aa-550d72859848,7dacf9b3-591a-49c3-a167-d61b996d1225,1,el,0,Asia/Nicosia,,2025-11-17 16:41:20.312479+00:00,
e8e81db9-16c4-4094-aea7-f3c996cebe1c,6a8fb6a4-6e8a-4749-a709-428b4114e458,0,el,1,Asia/Nicosia,,2025-11-17 16:41:20.312479+00:00,
585929bd-e137-4f66-bec0-54ebc29cdad6,c73f2107-919b-46ee-a015-75d37e6dffdb,0,el,1,Asia/Nicosia,,2025-11-17 16:41:20.312479+00:00,
01e243a1-944d-4b70-b291-ca52919a1f78,edb81d51-21ed-4244-8ed9-3b8db597174c,1,el,0,Asia/Nicosia,,2025-11-17 16:41:20.312479+00:00,
9c32b721-fc59-46c6-ab42-abc864580c9b,1a84210b-78cf-4b33-b526-99617981dd10,1,el,0,Asia/Nicosia,,2025-11-17 16:41:20.312479+00:00,
780e847e-641f-46ca-a19b-bb53427d7827,82aabefc-ba7a-468f-ab08-3cdc9e0b4cf5,1,el,1,Asia/Nicosia,,2025-11-17 16:41:20.312479+00:00,
ca653297-258b-4ba8-a345-0761878cd266,0d841df3-87af-4981-aa59-f20390c69d84,0,el,0,Asia/Nicosia,,2025-11-17 16:41:20.312479+00:00,
fe535e42-1e23-40d7-9cfb-b3524701345f,fd442c47-0e5c-4237-be84-b2fef25825d3,0,el,0,Asia/Nicosia,,2025-11-17 16:41:20.312479+00:00,
5c2ee7ca-b03e-4444-a5b5-58e466099707,b51bc8de-ce46-4496-a421-8639f6557dcc,1,el,0,Asia/Nicosia,,2025-11-17 16:41:20.312479+00:00,
4040875a-ed41-4216-9a67-c0ba0ba62753,7c82b39d-34d7-4d80-8410-5be7b67bbbe1,1,el,1,Asia/Nicosia,,2025-11-17 16:41:20.312479+00:00,
5856cdb6-6b61-4ac3-a31b-5dfa0b5cc9a4,bac44284-39ef-4985-a538-8c4d1eb009cb,0,el,1,Asia/Nicosia,,2025-11-17 16:41:20.312479+00:00,
047676ac-833c-4622-9bbd-ccd194e36454,51594152-30ab-46fa-ad2a-81bdd9e0e5a9,1,el,0,Asia/Nicosia,,2025-11-17 16:41:20.312479+00:00,
789fbcec-2b6b-43c2-ae68-72c1e264e731,ac8e04ac-0c99-4e28-a1d3-27ce5c19f420,0,el,1,Asia/Nicosia,,2025-11-17 16:41:20.312479+00:00,
f10f796b-7b07-41aa-93a5-8fe3df9529e4,85ec4d76-784f-455a-bc81-a0515ec8f601,0,el,1,Asia/Nicosia,,2025-11-17 16:41:20.312479+00:00,
41d2d606-1a20-48c4-bd18-e617b5775ee8,cd558518-7176-4099-b425-af4f3c012a2f,0,el,0,Asia/Nicosia,,2025-11-17 16:41:20.312479+00:00,
572584ba-d1d8-4925-aea0-ca8c958883f9,be20ec10-d29e-4827-8f50-6f38bae3f9bd,0,el,0,Asia/Nicosia,,2025-11-17 16:41:20.312479+00:00,
8970d465-906f-4565-afe2-32857c159923,aa8458e2-9307-4360-8f22-728899483bd6,0,el,0,Asia/Nicosia,,2025-11-17 16:41:20.312479+00:00,
3b45db78-6e65-4511-bf4d-bafb37e6250c,48ed1e8f-18df-43a0-9878-8ebc58d7cf5b,0,el,0,Asia/Nicosia,,2025-11-17 16:41:20.312479+00:00,
e07773c0-16f5-403d-a958-56fb32aabf77,bd91aa45-896f-4e83-8ba0-6459345c0768,0,el,1,Asia/Nicosia,,2025-11-17 16:41:20.312479+00:00,
9b190c7f-e371-4e7d-97b4-953863e6876d,0b767971-6e35-4a89-8f70-be1d73af7519,0,el,1,Asia/Nicosia,,2025-11-17 16:41:20.312479+00:00,
4f723298-8833-48cb-a968-eb0585f7207e,993cff4a-7ac9-4910-8035-6e018146e8c1,0,el,0,Asia/Nicosia,,2025-11-17 16:41:20.312479+00:00,
43e8f0fc-1d11-4448-9448-2d27da8b92eb,b04c280f-b926-4c7d-88ad-89b16d12a165,1,el,1,Asia/Nicosia,,2025-11-17 16:41:20.312479+00:00,
cc519d6f-9a16-435e-a390-e8893d514f91,c9905977-c65c-4326-9788-1856f44319c6,0,el,0,Asia/Nicosia,,2025-11-17 16:41:20.312479+00:00,
be6ecfbf-2b0a-48f8-91b5-3ecba93ad2de,f9117d52-5781-4b49-b9ef-c850eb4b4a22,1,el,1,Asia/Nicosia,,2025-11-17 16:41:20.312479+00:00,
5f7a91b4-9ff9-435b-9ff6-e10ef689cb5c,6a88c8ff-4bea-4925-9cbe-8c2e48798ef1,1,el,0,Asia/Nicosia,,2025-11-17 16:41:20.312479+00:00,
c82adf40-a43d-4fd8-be58-f61ccd9c4fc6,aaf3eb8f-b897-400d-82af-c030fa8a6030,0,el,1,Asia/Nicosia,,2025-11-17 16:41:20.312479+00:00,
92b368ff-3f4c-46cb-adf9-85e79a4d2743,2e8f4009-b460-40f9-8fc5-5ddda2296aed,1,el,0,Asia/Nicosia,,2025-11-17 16:41:20.312479+00:00,
46eba2ff-a1d0-4e99-9f32-c966f7a10aa2,e2935b26-06cf-4c9c-8d5a-f6517b09f08c,0,el,1,Asia/Nicosia,,2025-11-17 16:41:20.312479+00:00,
cf6f8289-a93a-4b89-9284-87a313803d90,c05e9aad-4b52-48d3-9b78-d3a9099a7b20,1,el,0,Asia/Nicosia,,2025-11-17 16:41:20.312479+00:00,
a57ea54f-1570-45d1-9880-9ea437086af6,0398567d-5bca-4744-a74d-72fd1defd50c,0,el,1,Asia/Nicosia,,2025-11-17 16:41:20.312479+00:00,
1a1975fd-0286-4242-bd13-e691eceb05fb,cb70fdbf-ffb7-45d2-bc0c-d4c26516c6e2,1,el,0,Asia/Nicosia,,2025-11-17 16:41:20.312479+00:00,
2b7a7469-b7e8-4855-81db-1982cbc5a06b,475625b5-2f8e-4c6c-a61a-6eb05664f4c9,1,el,1,Asia/Nicosia,,2025-11-17 16:41:20.312479+00:00,
1fc5f3db-85a4-43e4-bc5e-487447009a1b,48743d24-81c6-472d-9a37-f02984a97360,0,el,1,Asia/Nicosia,,2025-11-17 16:41:20.312479+00:00,
bf9f423a-e08b-4b43-8d8c-20c60112ef02,1e14110c-1bb5-431c-92e6-74d05c6b1e53,0,el,0,Asia/Nicosia,,2025-11-17 16:41:20.312479+00:00,
26ae6837-c7ac-4152-8e6f-a19ef568bc24,11586ef3-3a0e-4b0b-9973-a525fc25d6d8,0,el,1,Asia/Nicosia,,2025-11-17 16:41:20.312479+00:00,
908a5077-26f2-4764-b3f1-66184a050187,b568709e-86da-484a-bf3c-3aa65395c599,1,el,1,Asia/Nicosia,,2025-11-17 16:41:20.312479+00:00,
7a30ed76-d8ee-46a8-bfc2-65aac139496a,b3b71a77-cb95-42da-8645-d912c2955836,1,el,1,Asia/Nicosia,,2025-11-17 16:41:20.312479+00:00,
93ddc9ab-fbef-41f1-9666-98a56e39d9dc,baadbfc3-4740-4366-a9a5-2c24bab7c768,0,el,1,Asia/Nicosia,,2025-11-17 16:41:20.312479+00:00,
bf045889-1bfb-4855-b7a6-e8d0861d0f5c,92e8c150-79d9-445c-8742-1fad930d51d2,0,el,0,Asia/Nicosia,,2025-11-17 16:41:20.312479+00:00,
408e76de-2a80-47e2-9bef-beaf8d15ee72,c9228c4a-d6c0-499d-b552-69ff21cba1c6,0,el,0,Asia/Nicosia,,2025-11-17 16:41:20.312479+00:00,
41a54177-7d0b-40ce-881a-2c09806337b5,80302f31-d82c-4181-8119-2eab6a78010e,1,el,0,Asia/Nicosia,,2025-11-17 16:41:20.312479+00:00,
d1fd93d0-9dfd-433b-ba3c-ad7bea92eda1,47f074be-4384-490f-8ba2-b33cc0343874,0,el,1,Asia/Nicosia,,2025-11-17 16:41:20.312479+00:00,
1dea5666-6f9e-47c3-aa97-3cd8b526c034,d91e1bd6-2661-480b-badf-461f9467e94b,0,el,1,Asia/Nicosia,,2025-11-17 16:41:20.312479+00:00,
4adc2b84-00dc-49a6-b5f7-acb743f34573,4467d6a4-ade8-4bfe-b905-1364f1d8430c,0,el,1,Asia/Nicosia,,2025-11-17 16:41:20.312479+00:00,
501cef23-2eb1-4a5e-be21-59f23a18a28c,84b7c0da-3a7b-4a10-91a7-b04a804646b3,1,el,1,Asia/Nicosia,,2025-11-17 16:41:20.312479+00:00,
028b5c4f-8d0b-432d-aa6f-399312774e67,426af719-0b5c-4832-a0eb-5703b3135b35,0,el,1,Asia/Nicosia,,2025-11-17 16:41:20.312479+00:00,
1eae9874-f5a5-44d7-a710-d349a66afbe8,7f322a11-263d-4fb3-8cd5-4192b4817860,1,el,1,Asia/Nicosia,,2025-11-17 16:41:20.312479+00:00,
25d60439-35c0-476d-a99c-df033d24edba,e54a4cc8-53a4-48f8-8f21-d4039f7c90dd,0,el,0,Asia/Nicosia,,2025-11-17 16:41:20.312479+00:00,
6db15e20-1e54-4e63-8f59-cbee04b05f9c,78b48a0c-d5e5-4e14-a987-f43726473f20,1,el,0,Asia/Nicosia,,2025-11-17 16:41:20.312479+00:00,
89c65fc7-c3f1-4ade-a7e7-2e5d8b8d7509,113b3ba7-ebb6-48a1-b2f1-416bdaf5217a,0,el,0,Asia/Nicosia,,2025-11-17 16:41:20.312479+00:00,
01cb0ce8-8dde-4789-9247-1ae698d939b1,95bc2e63-4254-4f93-b247-234a009bacae,1,el,1,Asia/Nicosia,,2025-11-17 16:41:20.312479+00:00,
5a91dfe8-9bfe-47cd-a714-b8d3cc784a2c,934f996a-fa49-498b-af67-9b4aea16c5ba,0,el,1,Asia/Nicosia,,2025-11-17 16:41:20.312479+00:00,
2df5477d-2019-446f-964f-251d489dc0a6,d5cd7180-9def-4e2e-a256-c185d856995c,1,el,1,Asia/Nicosia,,2025-11-17 16:41:20.312479+00:00,
bec0c2d2-5858-4857-90c2-82214faac33c,81086ac9-a49c-4dc0-9950-fd9699061c54,0,el,1,Asia/Nicosia,,2025-11-17 16:41:20.312479+00:00,
2297a0e5-92a4-4809-b187-4477690e1729,5dc5f4e7-cf5f-4624-a894-26ab663d4b09,1,el,1,Asia/Nicosia,,2025-11-17 16:41:20.312479+00:00,
36427c9b-6319-43b7-94b0-9f38d20dfa53,033d3af9-2813-40f1-952e-0b6fd13ef3b2,1,el,0,Asia/Nicosia,,2025-11-17 16:41:20.312479+00:00,
95cf11d0-478a-4fda-9715-6185f28bd014,40fe964e-b8a6-4595-a468-c8bc0d6faeee,0,el,0,Asia/Nicosia,,2025-11-17 16:41:20.312479+00:00,
6a9ed26e-04cd-4236-ad8e-c1f87f8f84e9,8f53159e-5e4e-4858-83a0-04006f36689c,1,el,0,Asia/Nicosia,,2025-11-17 16:41:20.312479+00:00,
defd6043-7f6b-44e8-8c4d-82a104cd06ec,da864efa-3f1b-429c-a2d2-02cfc941765f,0,el,0,Asia/Nicosia,,2025-11-17 16:41:20.312479+00:00,
7f9bd09e-7035-4389-8f5c-e653da0f4b7a,c58883fd-1efc-427b-8b13-252070b2b576,1,el,0,Asia/Nicosia,,2025-11-17 16:41:20.312479+00:00,
6d9de940-b81d-41b3-b4d8-d192cd381495,98cc4f8d-4554-41e6-ae4f-c68f674c33be,1,el,1,Asia/Nicosia,,2025-11-17 16:41:20.312479+00:00,
e4fb384f-55f8-42af-8790-82a754300553,0a14fc51-c10a-48f7-997f-8af83d8f8d78,0,el,1,Asia/Nicosia,,2025-11-17 16:41:20.312479+00:00,
c82f05ae-2859-475c-bfaf-480ffbcce368,feb0902f-925c-4c54-b5df-46aed912b017,0,el,0,Asia/Nicosia,,2025-11-17 16:41:20.312479+00:00,
b7a0262b-05f7-4573-83e3-a4119316f58c,6ff19586-450f-4eec-9889-48e18e4d3c46,1,el,1,Asia/Nicosia,,2025-11-17 16:41:20.312479+00:00,
ad657693-5b2f-4a89-a0d5-4c2abd2ab32e,1884e345-00e6-4e87-9c99-a02be3be4007,0,el,0,Asia/Nicosia,,2025-11-17 16:41:20.312479+00:00,
fd687613-58dc-418b-929f-6005cd50bb73,c04279b1-8318-4320-8c4d-e97df1847424,1,el,0,Asia/Nicosia,,2025-11-17 16:41:20.312479+00:00,
f158acc7-5f88-4b74-975e-a3dc8baf2f51,55e41cb1-b1e7-47ca-b101-1f7fcf56559e,1,el,1,Asia/Nicosia,,2025-11-17 16:41:20.312479+00:00,
169238d1-b6f9-47aa-ba22-d5acf238d835,86c4e0aa-90fb-4df9-bd89-c961d4403988,0,el,1,Asia/Nicosia,,2025-11-17 16:41:20.312479+00:00,
de1e76e0-bbeb-4f6f-b592-8c213b8581e0,12d51519-47e2-4d16-ab95-a2ba40718a0f,0,el,0,Asia/Nicosia,,2025-11-17 16:41:20.312479+00:00,
9b7af480-8ae8-4452-9e3e-4e93dbe1fade,6ded4904-ab63-4a77-9b1b-aed1c28efb37,0,el,1,Asia/Nicosia,,2025-11-17 16:41:20.312479+00:00,
c2a28b66-c9c2-48da-9e9f-62aa208c15b7,e3c652a0-a949-432c-aa6f-2d1d3f7906ae,1,el,1,Asia/Nicosia,,2025-11-17 16:41:20.312479+00:00,
f08868c0-a6f4-4dde-a34c-c445b7e3b2de,1b54bb82-2b62-4774-a133-634c1beb61b4,1,el,0,Asia/Nicosia,,2025-11-17 16:41:20.312479+00:00,
a4f17088-f8f1-4e08-9cbc-71a965962c17,f4dd2f46-2972-4cae-9325-c5fcc69f271b,0,el,1,Asia/Nicosia,,2025-11-17 16:41:20.312479+00:00,
68a3c549-2315-4627-847f-2419122ee5b2,d269a6b5-fa4a-4ed4-a4f1-444f79ff48dc,0,el,1,Asia/Nicosia,,2025-11-17 16:41:20.312479+00:00,
b01d4a05-875d-4ce5-b271-b1d1a288189f,42482c52-31e7-46f1-b9a1-60084f43770c,1,el,1,Asia/Nicosia,,2025-11-17 16:41:20.312479+00:00,
e99c634a-a507-4d44-9511-d07346740147,2339956a-b73e-4224-bada-00d55d693b31,1,el,0,Asia/Nicosia,,2025-11-17 16:41:20.312479+00:00,
b86eab1b-8a49-42d8-9d9d-140181578cbd,edf39d85-af28-4d8e-9440-c1c1a203cb57,0,el,0,Asia/Nicosia,,2025-11-17 16:41:20.312479+00:00,
b1b0c414-631d-46a3-b69a-357ef05d8d59,a75886cd-7397-40dc-8891-a91ddc8ea0c4,1,el,0,Asia/Nicosia,,2025-11-17 16:41:20.312479+00:00,
61ad552b-ae08-4487-81bf-b1f646feb8cd,18a75c63-c986-4942-98a4-67d05c8b8436,1,el,1,Asia/Nicosia,,2025-11-17 16:41:20.312479+00:00,
528199d5-a810-4f77-a931-b9e98038e2ad,53be041e-ce72-43d0-9853-ce1810568599,0,el,1,Asia/Nicosia,,2025-11-17 16:41:20.312479+00:00,
b4f00923-fc36-41d1-bee0-359438fd415b,04330906-a8c3-4d6b-8534-81aa4c7dc910,1,el,1,Asia/Nicosia,,2025-11-17 16:41:20.312479+00:00,
3ce14c9d-40d0-4a3c-9e4f-1683b224882f,18643e8c-5177-4872-b8b5-5050b3958db0,0,el,1,Asia/Nicosia,,2025-11-17 16:41:20.312479+00:00,
187a3d85-ac37-41c8-b159-bd9414334a16,1cc5d08d-35f9-475f-88ef-ac357e83f9c2,1,el,1,Asia/Nicosia,,2025-11-17 16:41:20.312479+00:00,
aefeb8f8-64b0-4b3d-a9ba-9360d8832b8c,41dadbe0-aa0d-4ebc-9e6e-2e3f57e0c1a3,0,el,1,Asia/Nicosia,,2025-11-17 16:41:20.312479+00:00,
a9aa61b6-4e31-4e90-8762-571d26f20026,3351a1b5-17f8-47f1-a6a2-841b91e741d5,0,el,0,Asia/Nicosia,,2025-11-17 16:41:20.312479+00:00,
ea47a906-f48f-4078-962a-6b55907ed01e,840e5131-f4a7-428a-b7ea-bad6b097f75d,1,el,1,Asia/Nicosia,,2025-11-17 16:41:20.312479+00:00,
c343792c-8413-4a13-a3e9-c6cb92a12d6a,58583597-ea14-483a-a4f3-42168188698f,0,el,1,Asia/Nicosia,,2025-11-17 16:41:20.312479+00:00,
09b970f1-9071-441f-a3b0-8d8e503a2c7f,827fa3df-5edd-4aa0-99ae-b8e15eb61262,1,el,1,Asia/Nicosia,,2025-11-17 16:41:20.312479+00:00,
1346735c-3aa1-4d9b-801a-2911ceeec80d,cb33b950-aa81-45a3-8a5e-09a0a5d75726,0,el,0,Asia/Nicosia,,2025-11-17 16:41:20.312479+00:00,
3484870b-df7d-46d1-8604-64e5b0a206ec,a3b4c70d-01d1-45c9-8f7f-7bdfad457e47,1,el,1,Asia/Nicosia,,2025-11-17 16:41:20.312479+00:00,
f7b679f8-d01e-41d7-beb6-bfffb10350a8,fe74ab12-ea66-4261-b028-86e383de4d56,0,el,0,Asia/Nicosia,,2025-11-17 16:41:20.312479+00:00,
b8130ad7-7d46-484f-85bd-60d354fc1885,ec95611d-1ea0-4a32-89e6-a11c8477cbc8,0,el,0,Asia/Nicosia,,2025-11-17 16:41:20.312479+00:00,
392a64d4-a263-4a88-a32e-a52048ff2d53,4ffb2349-a6d9-471a-815a-b2575629753f,0,el,0,Asia/Nicosia,,2025-11-17 16:41:20.312479+00:00,
89d224f4-bf1e-448e-bd39-6b7f659dcbd7,f048bed7-7cc6-4eb8-b5ee-5f07516d4b7d,1,el,1,Asia/Nicosia,,2025-11-17 16:41:20.312479+00:00,
8da7a39a-4681-4e27-8c83-9c959188c68b,43ab992b-0e42-46ca-ba13-e2b48be67441,1,el,0,Asia/Nicosia,,2025-11-17 16:41:20.312479+00:00,
84f160f2-a270-464b-a7f5-d711a51ded0f,414a7fdf-3183-48a1-9ba6-6fd1f471f825,1,el,1,Asia/Nicosia,,2025-11-17 16:41:20.312479+00:00,
f3c9922a-f40a-4a44-bac6-0ed8f8f7a11e,280bf7f1-c6b8-45a8-8633-a640116171eb,1,el,1,Asia/Nicosia,,2025-11-17 16:41:20.312479+00:00,
f0f144a5-cb06-4e35-a833-864b5eec52ab,f09d3310-4ece-40dd-b54a-734e87b75e95,1,el,1,Asia/Nicosia,,2025-11-17 16:41:20.312479+00:00,
7dfa86c5-6f61-4415-854a-61dc535aacd4,af51928a-42ab-4ad2-adb4-88d4c03b13eb,1,el,1,Asia/Nicosia,,2025-11-17 16:41:20.312479+00:00,
c4ca8976-ff34-4c5f-85fc-6493ea89a223,4ba6380c-c5bd-48d8-a6a9-e127f96506d0,0,el,0,Asia/Nicosia,,2025-11-17 16:41:20.312479+00:00,
8b46889f-b35d-4529-80e4-ae1dcfaa526f,e866b809-70d5-48ff-b8c9-37e7027fc474,1,el,1,Asia/Nicosia,,2025-11-17 16:41:20.312479+00:00,
072da1c4-19e7-460d-b6f7-15e9e10b3019,72f6b3b1-0fa9-4c9c-a83b-b7437c89219f,1,el,0,Asia/Nicosia,,2025-11-17 16:41:20.312479+00:00,
52360249-3e0e-4fa9-92b5-121fd283888f,e8a43f0e-51c4-4de8-b701-7c5c5d7e6b07,1,el,0,Asia/Nicosia,,2025-11-17 16:41:20.312479+00:00,
e099b9bd-9ace-46a6-922a-91efa7a27629,07d7eb16-1114-4030-b34d-e40c2acc37e2,1,el,0,Asia/Nicosia,,2025-11-17 16:41:20.312479+00:00,
ec579ea8-769c-43c2-bd7d-8d3fa0c44016,8775069e-6513-4d38-a47e-121a5e2753a6,0,el,1,Asia/Nicosia,,2025-11-17 16:41:20.312479+00:00,
cfa2b6ff-0ea1-41a7-a4f1-52691d1ee9c2,b641dfe3-ac7d-4f0a-8332-b3124e791b4b,0,el,0,Asia/Nicosia,,2025-11-17 16:41:20.312479+00:00,
065ffb74-faec-49e2-948c-1753bd0a04a7,2562dfd8-ac9d-4e38-8c12-b518355cdf7c,0,el,1,Asia/Nicosia,,2025-11-17 16:41:20.312479+00:00,
02501b11-96e9-40a6-94e9-c648d2ada181,a2960db4-a7c2-4a4d-969c-2bdab3f9fcaf,1,el,0,Asia/Nicosia,,2025-11-17 16:41:20.312479+00:00,
a276cb1f-f336-4c69-9930-4e6215bcd576,b0bbb33b-cd1e-4ff6-a8a8-8b209f872226,1,el,0,Asia/Nicosia,,2025-11-17 16:41:20.312479+00:00,
897646a1-3b20-4589-a66b-25dfeececee4,053c9f9f-d70a-4939-8484-41f6b7911b7d,0,el,1,Asia/Nicosia,,2025-11-17 16:41:20.312479+00:00,
972a7266-1878-41b8-92df-ae13a2ceb272,21214aba-d243-4a3e-aaeb-e9a8c3e6c126,1,el,1,Asia/Nicosia,,2025-11-17 16:41:20.312479+00:00,
c963b7f6-f695-4e05-af55-64ee8f793f67,f8cc55a0-0f5c-4a48-b48d-8e795e798c78,1,el,0,Asia/Nicosia,,2025-11-17 16:41:20.312479+00:00,
01c96c6e-ab58-4877-b898-addaef8a2555,642fccce-0e7f-47ee-a221-0e3926ca7dd5,0,el,1,Asia/Nicosia,,2025-11-17 16:41:20.312479+00:00,
fe79b1ef-4445-4775-a9d3-760e91ac46e2,1992bdda-cd2a-44f2-914d-9d264b959ad6,1,el,1,Asia/Nicosia,,2025-11-17 16:41:20.312479+00:00,
b91f3185-1872-47d9-a63c-e54aed1984d4,709293f1-1129-4c2d-a3ec-6c87511cbc76,0,el,1,Asia/Nicosia,,2025-11-17 16:41:20.312479+00:00,
75f08130-9670-4b7e-b9de-f0671c539dd1,219df8ab-bb43-447d-9b06-57c4c5a9739d,1,el,1,Asia/Nicosia,,2025-11-17 16:41:20.312479+00:00,
12532386-8be8-44b1-8042-571c00d444c6,fa76aed1-d48d-4f89-adfd-2d8aaf648ee3,1,el,1,Asia/Nicosia,,2025-11-17 16:41:20.312479+00:00,
08b62fb1-5db0-409c-84dd-ffed1153120e,46ae66b2-6977-43e2-927e-a72ccf7bd134,0,el,1,Asia/Nicosia,,2025-11-17 16:41:20.312479+00:00,
e91f8129-530b-435b-b0dd-658b281a97e9,a3b113b9-53a7-4b5f-8401-6b39086a73ac,1,el,1,Asia/Nicosia,,2025-11-17 16:41:20.312479+00:00,
3a5e3a3d-99ce-4fe5-9162-4a164b2931e6,a0049d69-3b6e-4fec-ae46-014b045a748c,1,el,0,Asia/Nicosia,,2025-11-17 16:41:20.312479+00:00,
9f33a6c8-9977-40cd-a794-395393022338,f27bf97a-6557-490a-a69a-b719d96da6c2,1,el,0,Asia/Nicosia,,2025-11-17 16:41:20.312479+00:00,
065c8e87-5cfa-430c-be0a-b74ef7e4b218,9d74cb84-4619-4088-81bb-1ae5633c4f7a,1,el,1,Asia/Nicosia,,2025-11-17 16:41:20.312479+00:00,
1d5c05f9-c5ff-4802-92d0-21ab276e1687,c04c0565-5216-4de6-a2fd-a8ef4dc8f252,1,el,1,Asia/Nicosia,,2025-11-17 16:41:20.312479+00:00,
bb18778a-0835-4c5f-8590-7fb7befc840f,8fc5c279-6192-4f81-b277-cf29f46bfe9b,0,el,0,Asia/Nicosia,,2025-11-17 16:41:20.312479+00:00,
7ac5642e-dcfc-4d21-a10e-1ba1e932cb90,ac62cfa9-96b5-4a4a-b281-c5972218f3dd,1,el,0,Asia/Nicosia,,2025-11-17 16:41:20.312479+00:00,
391b93d9-b102-4ed8-905f-53b25c71b4e9,7b7a14c7-a056-419e-a02a-eab1f885e264,0,el,1,Asia/Nicosia,,2025-11-17 16:41:20.312479+00:00,
152d75d2-2df8-4b3a-a8fb-39ffb733a0fb,943b7d5d-b17d-4d6f-a225-1b3aac188268,0,el,0,Asia/Nicosia,,2025-11-17 16:41:20.312479+00:00,
5af60475-bacb-4c56-adff-b3b625ac02d3,35cec307-5598-4218-bd17-0435e3e8b790,1,el,0,Asia/Nicosia,,2025-11-17 16:41:20.312479+00:00,
3b44cd5f-42ba-4e55-aae7-f3b65f23c38e,9ab9b0c3-df2c-4177-8088-9dfae9a88460,0,el,0,Asia/Nicosia,,2025-11-17 16:41:20.312479+00:00,
7ae8f835-166f-4acd-b31d-ae34b67bf1c6,6ed3fa65-7f76-45fe-a364-1446be25f682,1,el,0,Asia/Nicosia,,2025-11-17 16:41:20.312479+00:00,
832bde34-e5d8-49af-9101-b250aff9c076,da4d89c5-edf9-4819-bf3a-08dbe26369b3,0,el,0,Asia/Nicosia,,2025-11-17 16:41:20.312479+00:00,
6aa3267f-29e3-453e-a688-8d6ce031c4d1,126104eb-881e-4660-addd-604254bfae4e,1,el,1,Asia/Nicosia,,2025-11-17 16:41:20.312479+00:00,
c492c749-311f-4dfa-b7d2-e96746b2f326,a937c49a-e3d4-4764-9823-68772a15a1fb,0,el,1,Asia/Nicosia,,2025-11-17 16:41:20.312479+00:00,
e6f3be07-49dc-4dc5-b07d-5cc1274e0f55,66a36ac9-c600-455e-b28f-05208111a2c2,0,el,0,Asia/Nicosia,,2025-11-17 16:41:20.312479+00:00,
b6748347-0ce4-41c7-a0b0-248f7f72548c,d5d2d682-2de8-4439-a678-413a6c1d971c,0,el,1,Asia/Nicosia,,2025-11-17 16:41:20.312479+00:00,
93a257ba-adfb-4d2d-9573-6e379743b876,40afe3f5-1962-4b8f-8a55-5b1de9d28d2d,0,el,1,Asia/Nicosia,,2025-11-17 16:41:20.312479+00:00,
7e2c2141-0f6e-4271-9399-08e56e70e05e,08c1e49b-117b-4b6f-be8b-1398311769b5,0,el,0,Asia/Nicosia,,2025-11-17 16:41:20.312479+00:00,
78e9ed45-29e3-4f5b-9079-857a0eb9977b,f6a9fc59-e11f-48d8-8b7d-69b121957b6c,0,el,0,Asia/Nicosia,,2025-11-17 16:41:20.312479+00:00,
893a8985-1a78-423d-be8b-6384c032a2c9,c4f336e1-ecf5-419f-b223-8c6afe5591bb,0,el,0,Asia/Nicosia,,2025-11-17 16:41:20.312479+00:00,
e2dfcb89-bcbc-4095-920e-1603836dc701,dc813f31-6b5b-4cae-8dec-4729b1a3ce9b,1,el,0,Asia/Nicosia,,2025-11-17 16:41:20.312479+00:00,
24ea15bb-13df-4505-bf7d-5e95d8412c80,61f48df3-1c1c-4938-b8db-b4ce768b941c,0,el,0,Asia/Nicosia,,2025-11-17 16:41:20.312479+00:00,
6f85916c-737f-4762-9aec-8b8703535c7c,b54a7186-46ec-4bc0-ad26-d291da64c677,1,el,0,Asia/Nicosia,,2025-11-17 16:41:20.312479+00:00,
41ea3317-db5d-4561-b307-ddfc64bb0ebd,54714b81-f1fa-4eca-9364-586920b69413,0,el,0,Asia/Nicosia,,2025-11-17 16:41:20.312479+00:00,
cec2a01e-05b8-49a3-9155-538e11c71f95,66e293bf-9f14-4470-8038-be1dba0daedb,1,el,0,Asia/Nicosia,,2025-11-17 16:41:20.312479+00:00,
5b795663-94fa-43bb-a00d-289e1584f469,f0a69a4a-a280-46f6-ab72-4fd50585d1cc,0,el,0,Asia/Nicosia,,2025-11-17 16:41:20.312479+00:00,
2b44cd3a-38a6-48f7-a78a-d261c9f51645,7b742f1b-e406-4f4c-ae41-f2add1f24184,0,el,1,Asia/Nicosia,,2025-11-17 16:41:20.312479+00:00,
c7b32cca-7253-4275-8551-5474ce003b04,960663a2-9c3b-41c8-937f-1fdf7eb0f03b,1,el,1,Asia/Nicosia,,2025-11-17 16:41:20.312479+00:00,
ad62d321-8e59-4d2a-8ca5-1417c78c9f7e,7df2c843-c048-4c40-b27d-94ae85d36aff,0,el,1,Asia/Nicosia,,2025-11-17 16:41:20.312479+00:00,
a9aeaec7-f914-4ae3-b64e-8187d19990e9,26410252-0765-470a-99ec-72ed59be787f,1,el,1,Asia/Nicosia,,2025-11-17 16:41:20.312479+00:00,
98b16633-c8c6-42e3-ae7e-7cb8782c69b0,64c17387-8d58-45c1-a79d-edb7621cd1f6,0,el,1,Asia/Nicosia,,2025-11-17 16:41:20.312479+00:00,
fca21653-30a7-45f6-bc93-4400b4113bbe,6ce65634-3a3d-44a0-be53-5d55b3f3f04e,1,el,1,Asia/Nicosia,,2025-11-17 16:41:20.312479+00:00,
6bb4fad7-87bc-4642-8d5c-9056b4b7c0ae,84a3ad40-2217-43e1-8dc7-d8b244f9fecc,1,el,1,Asia/Nicosia,,2025-11-17 16:41:20.312479+00:00,
78f84607-6fc4-4972-94e0-6552d0e86663,2441d802-1ce9-4937-a5f1-637f663c3350,1,el,1,Asia/Nicosia,,2025-11-17 16:41:20.312479+00:00,
7a1a9828-6747-4486-9cc7-0df367d93b72,12c3a990-45ea-4e9d-9a27-1dfec1ebad28,1,el,0,Asia/Nicosia,,2025-11-17 16:41:20.312479+00:00,
bb660095-25a0-4439-b48a-a729da5a40eb,2cb8af57-ff2b-4705-8596-35fa6b41db25,0,el,1,Asia/Nicosia,,2025-11-17 16:41:20.312479+00:00,
6f020e91-7a0e-4767-90b4-53cb367ccaa4,46a199a4-f3f1-4dc6-882b-2b3857849931,1,el,0,Asia/Nicosia,,2025-11-17 16:41:20.312479+00:00,
2ab02a01-5bfd-4ae8-a980-119683c14acb,740f43c2-ee2c-491d-9e3e-83309f5dae57,0,el,1,Asia/Nicosia,,2025-11-17 16:41:20.312479+00:00,
71c2a2b1-ff50-4482-a8fd-5dcf140a331b,26ef9c8a-7c11-45a0-be65-3f124e5a7104,1,el,1,Asia/Nicosia,,2025-11-17 16:41:20.312479+00:00,
0f3170e8-f9d8-474f-a652-19ebdb6faae2,975aa3be-05a1-4cc3-805c-fba436d515ba,0,el,1,Asia/Nicosia,,2025-11-17 16:41:20.312479+00:00,
acf13bb6-ca04-497f-b232-a0190a27d58b,c38dcab9-8349-45d0-935d-9e8a1f65ac8a,0,el,1,Asia/Nicosia,,2025-11-17 16:41:20.312479+00:00,
c408619a-a002-464d-8d0b-d4614cafd52e,1c18cffc-5370-494f-9a11-a15aac5c3f54,1,el,1,Asia/Nicosia,,2025-11-17 16:41:20.312479+00:00,
8017ce47-a1eb-44d5-b0cc-e6311d96f0b0,a4d4877d-cbfa-40e2-bfbc-7494fbf530e9,1,el,0,Asia/Nicosia,,2025-11-17 16:41:20.312479+00:00,
40278022-b233-4f6d-916e-28bf904c0a5b,8f1a5dc2-8ca4-414a-a292-1742e5d4624a,0,el,1,Asia/Nicosia,,2025-11-17 16:41:20.312479+00:00,
76100079-bf3f-4978-906b-7fda72cd62be,c2618c83-3f05-46df-ad14-7bf3a34f7559,1,el,0,Asia/Nicosia,,2025-11-17 16:41:20.312479+00:00,
35fe572d-d055-4a70-980f-db43007b360d,a6e0cc96-b1bc-4014-af7b-1c9b6584b725,1,el,1,Asia/Nicosia,,2025-11-17 16:41:20.312479+00:00,
661104b9-a248-4cc0-a5c2-5577d3d28bb1,6483089d-6a2e-49ea-9ec7-f6b312cb6329,1,el,1,Asia/Nicosia,,2025-11-17 16:41:20.312479+00:00,
76108155-777e-448a-b97c-7b01fc523ef5,d0ffc7c7-a23d-40cd-aecb-02d46daf926b,1,el,0,Asia/Nicosia,,2025-11-17 16:41:20.312479+00:00,
efb750fc-2ca8-4bac-be9b-1f9e806eedc6,290982dd-f156-4caf-9a31-ed66379649e3,1,el,0,Asia/Nicosia,,2025-11-17 16:41:20.312479+00:00,
9b15e9b5-96f4-49d0-b0f6-313dd44647e0,75231660-ae37-48c3-b00d-dcdee8c54f4e,1,el,0,Asia/Nicosia,,2025-11-17 16:41:20.312479+00:00,
599091cf-0928-4656-a243-03df74206761,dfd4f363-f483-4476-b800-fa1fa067fe4a,0,el,0,Asia/Nicosia,,2025-11-17 16:41:20.312479+00:00,
110d3cf4-4274-482e-a9a0-4196eaeafda9,fbaea0dd-ad60-4694-8306-f06803110347,1,el,1,Asia/Nicosia,,2025-11-17 16:41:20.312479+00:00,
6eb288f3-ead7-4868-9e58-e19abbd761c2,12717a72-067f-4830-a826-8afda4b3302c,0,el,1,Asia/Nicosia,,2025-11-17 16:41:20.312479+00:00,
506b076e-da6e-4cb7-b2b0-e04cc0b12a04,2ddb0ec2-341f-46a0-b103-cba80a846ad9,1,el,0,Asia/Nicosia,,2025-11-17 16:41:20.312479+00:00,
1efeb612-d341-41df-8a1b-7de24eafcd3b,a9ab4298-7cca-4f17-abf0-5c3aa43a77e0,1,el,0,Asia/Nicosia,,2025-11-17 16:41:20.312479+00:00,
d58667fc-0985-4c0c-9e11-2d910fcb9fd6,30b8ad4f-1385-4f66-a84d-b019d6ce1871,1,el,0,Asia/Nicosia,,2025-11-17 16:41:20.312479+00:00,
31b963e5-4796-4547-a91b-b749ac4961b1,9cd311f3-62ac-4c4d-8ac9-dad072e468eb,1,el,0,Asia/Nicosia,,2025-11-17 16:41:20.312479+00:00,
fed23641-5e1a-443c-9b2e-fdf41e84eb2f,571fdef7-5615-4143-b7d6-a758f3480742,0,el,0,Asia/Nicosia,,2025-11-17 16:41:20.312479+00:00,
6cfe8f93-db0c-4dc0-a522-a932a2321ffb,9c08f2aa-db23-4593-99cf-dccff4f85e6f,0,el,1,Asia/Nicosia,,2025-11-17 16:41:20.312479+00:00,
3992efa6-3633-4409-9017-306df4adbf89,223b542a-fa06-44db-a21b-b6cb7bd6a8b8,0,el,1,Asia/Nicosia,,2025-11-17 16:41:20.312479+00:00,
edf2e418-4ba9-44d3-a072-362d44629768,a487ff0f-7b80-427f-bc63-6262f0a11a7b,1,el,0,Asia/Nicosia,,2025-11-17 16:41:20.312479+00:00,
de0e6f2f-bc10-49bf-a19a-599c5de19d96,616d539b-d37d-476d-97f1-4f34974ea6fb,1,el,0,Asia/Nicosia,,2025-11-17 16:41:20.312479+00:00,
c26902aa-cf9d-4885-bcb6-9def96c2dee2,6a64f016-f311-4f0b-a37f-01513286ee4a,0,el,1,Asia/Nicosia,,2025-11-17 16:41:20.312479+00:00,
ae680081-c5d6-4236-88da-31e2be167fe8,a5cd895c-2564-4741-bf87-b0934bf31316,1,el,0,Asia/Nicosia,,2025-11-17 16:41:20.312479+00:00,
3f049d0e-1fe1-49df-a343-9d02696b23e7,b8ca5835-07f4-4a6a-a3fc-9dd2f7059c02,1,el,0,Asia/Nicosia,,2025-11-17 16:41:20.312479+00:00,
ffb29faa-b9c0-4517-a0f0-99345aea5791,6fbd6052-2770-4f80-99d6-3c4b7a284200,1,el,0,Asia/Nicosia,,2025-11-17 16:41:20.312479+00:00,
a4d4439f-aefb-4263-941e-163bbafa4df3,a2aafb50-1091-49bc-a70c-2f6e06640dfe,0,el,0,Asia/Nicosia,,2025-11-17 16:41:20.312479+00:00,
9d6a8f3d-cb8c-4c94-8040-e96ada2006e0,55b769f8-c267-41a0-b7f3-67192411b263,1,el,0,Asia/Nicosia,,2025-11-17 16:41:20.312479+00:00,
41cb3b18-8242-4da0-9373-2da8a79671c5,ca0404a4-8948-4a06-b817-6142f1df867f,1,el,0,Asia/Nicosia,,2025-11-17 16:41:20.312479+00:00,
78e67ede-a0ca-496f-922c-b21333916437,abad1e4e-793e-49e9-8fc9-1b5ef3f7822f,0,el,0,Asia/Nicosia,,2025-11-17 16:41:20.312479+00:00,
7291a28d-e9c9-4707-adcc-e0e2f1039977,2ef3e11c-2c5f-4841-b2f9-edaf2e6f8846,1,el,1,Asia/Nicosia,,2025-11-17 16:41:20.312479+00:00,
886aa6ef-5431-4545-b97b-f1fd9e332019,85a1af46-7b91-47fb-96c7-921f59b4b3f7,1,el,0,Asia/Nicosia,,2025-11-17 16:41:20.312479+00:00,
70b330a2-7d0a-489e-905e-be57c6257329,d57ca441-b150-42d3-a8a1-ead4b054aa3d,1,el,0,Asia/Nicosia,,2025-11-17 16:41:20.312479+00:00,
fbc97752-45e9-479e-8fee-1881b4764584,391de708-75c8-49ba-b5c3-04255c73bf84,1,el,0,Asia/Nicosia,,2025-11-17 16:41:20.312479+00:00,
6cb462f7-ad82-40a7-92e5-d87f7dde13ab,29cf15d6-8c4f-4df2-9a63-541dd984935b,1,el,1,Asia/Nicosia,,2025-11-17 16:41:20.312479+00:00,
989f26e4-db33-4b05-98f2-e4df2845f1f4,15920d5f-075d-4015-aba6-39e5b2ac1609,0,el,1,Asia/Nicosia,,2025-11-17 16:41:20.312479+00:00,
c45ffbd0-7581-4e07-a392-1195e2b67579,da52119d-3c23-42d9-ae6e-afb33240692f,0,el,0,Asia/Nicosia,,2025-11-17 16:41:20.312479+00:00,
6703b9d9-dcaf-45cb-9240-a1a5617b492d,baa64120-11e3-44ec-bac0-314c4c0c19da,1,el,0,Asia/Nicosia,,2025-11-17 16:41:20.312479+00:00,
af5f3468-d630-4ed9-8d70-88781a8c8a7b,0af14274-9a34-4a37-86b6-67842a2fdd9e,0,el,0,Asia/Nicosia,,2025-11-17 16:41:20.312479+00:00,
2d57f284-23f3-4cc0-883e-541b753ba7b6,306883fe-93d1-4478-acb0-bad8f7e5415f,1,el,0,Asia/Nicosia,,2025-11-17 16:41:20.312479+00:00,
d0d5455c-1c7a-4220-84a8-6e7c4af3f351,a58ca19b-6f22-4b72-ac9d-7402f5d28893,1,el,1,Asia/Nicosia,,2025-11-17 16:41:20.312479+00:00,
c6720296-288c-44d7-afff-12d30e5d7e83,8e7809f5-6e3c-48a7-a7d7-adafaffda3d1,0,el,1,Asia/Nicosia,,2025-11-17 16:41:20.312479+00:00,
fc55d88f-d02f-41b8-ba62-dcdd6074c7b6,92eaf866-6680-4c47-96b9-4b7b3c55275c,0,el,0,Asia/Nicosia,,2025-11-17 16:41:20.312479+00:00,
78226458-5a9f-4a0b-8cfa-eafdf1785ef2,7be2c4a6-c4e9-4bc0-b8ce-ffa893c7c82e,0,el,0,Asia/Nicosia,,2025-11-17 16:41:20.312479+00:00,
dc147955-d3f4-4bc6-aafb-87e2719cf4dd,783672d8-d655-48d9-9f43-ec9af0f82501,0,el,0,Asia/Nicosia,,2025-11-17 16:41:20.312479+00:00,
6b1a71fb-a7ca-44a3-a1b0-9b816501e269,ba640124-7323-407a-a982-0562ec007984,0,el,0,Asia/Nicosia,,2025-11-17 16:41:20.312479+00:00,
b0b197b6-67b8-4750-a8ae-a677c9abb883,6a51f9bb-275e-46a9-8dc9-819e06e1a11f,0,el,1,Asia/Nicosia,,2025-11-17 16:41:20.312479+00:00,
2a61dcdd-cd37-4aaa-a292-1db146672d77,3ead5b4a-4b4d-4a30-acc8-293ef6d78f49,1,el,0,Asia/Nicosia,,2025-11-17 16:41:20.312479+00:00,
6769d171-46ff-496b-96ab-4e9aa4e0829a,7a0dd267-25c5-47ce-9f2e-9f84464d288e,1,el,0,Asia/Nicosia,,2025-11-17 16:41:20.312479+00:00,
09e797d5-6fdb-4147-afa8-4f9a46855a69,c339c650-e93b-473f-a286-dd7425707fc6,1,el,1,Asia/Nicosia,,2025-11-17 16:41:20.312479+00:00,
593e3874-bff8-4b25-ba52-b2b5dc0cd7fa,b574975a-d422-4d61-b8ef-5b412cf6035c,0,el,0,Asia/Nicosia,,2025-11-17 16:41:20.312479+00:00,
b7c0b744-3fbe-4e1a-b964-046ca04db2cf,72fe72ee-1907-4f27-8d07-c17ba69196ed,1,el,1,Asia/Nicosia,,2025-11-17 16:41:20.312479+00:00,
602ddfa5-9cd8-4cc7-82bf-7cf0cb6e685f,6841e93f-f441-4641-9ce9-cf498b76db0e,1,el,0,Asia/Nicosia,,2025-11-17 16:41:20.312479+00:00,
c29d7718-f62a-4a9a-aee5-999057262f66,c328b410-dfa5-4caf-850a-670daec1ccab,0,el,1,Asia/Nicosia,,2025-11-17 16:41:20.312479+00:00,
ce7f2acf-9e50-4b89-bac1-f34033f896b2,49aba4f9-9571-4f02-8d8d-39fb8751588d,0,el,0,Asia/Nicosia,,2025-11-17 16:41:20.312479+00:00,
db467077-ccc0-4568-ab84-7abdeac80a23,4cbbb920-48e3-4bd6-8548-e515b3cab8b4,0,el,1,Asia/Nicosia,,2025-11-17 16:41:20.312479+00:00,
29242aea-bb2b-45c0-9209-ff1942550f51,8b79aed5-6818-4f53-b85c-a54c7d4648e7,0,el,1,Asia/Nicosia,,2025-11-17 16:41:20.312479+00:00,
b5860207-7c5c-444f-b339-b97b00430ac1,55051411-1432-4e2f-97a6-d34f0f009f1b,1,el,0,Asia/Nicosia,,2025-11-17 16:41:20.312479+00:00,
18c50730-8ed4-4d51-ace6-494f7e76ed3b,d6348494-58c0-49d4-8a51-a031fd826aca,1,el,0,Asia/Nicosia,,2025-11-17 16:41:20.312479+00:00,
2b0e8de1-2f43-4711-b169-b8696fa2ada1,cf5363c0-654a-4cd5-aa00-edb61ab3e6b6,0,el,1,Asia/Nicosia,,2025-11-17 16:41:20.312479+00:00,
9a52e64e-4034-49b4-a9c6-7f9bfb9e4552,6345ba4c-266e-4f01-9974-6eed7c75b3cc,1,el,0,Asia/Nicosia,,2025-11-17 16:41:20.312479+00:00,
7c069d6f-45a9-4a53-a065-9938a2d8aaf7,c6a48e8e-953d-4704-befe-cd8cf84e79a0,1,el,0,Asia/Nicosia,,2025-11-17 16:41:20.312479+00:00,
008d76a9-2d8b-4b23-a600-9af9bbbae094,5e54a5e1-79e1-4d01-8de9-186008926cac,0,el,1,Asia/Nicosia,,2025-11-17 16:41:20.312479+00:00,
8ff0b180-3d26-4972-81a2-5e55bb7819aa,802083d3-ead3-4ad1-b619-6839afd13486,0,el,0,Asia/Nicosia,,2025-11-17 16:41:20.312479+00:00,
0e57e09c-df53-4081-9253-8924d288447b,5f0b26b9-75b6-47fe-8023-7087b0d85283,0,el,1,Asia/Nicosia,,2025-11-17 16:41:20.312479+00:00,
be08a88f-d964-4b1b-b199-77b1066737ef,d4c0dd20-3702-4f18-8473-814e49bc8ada,0,el,0,Asia/Nicosia,,2025-11-17 16:41:20.312479+00:00,
6a28b21d-cf75-4d0b-9033-9bc49e2f74c4,a543697d-f079-45e8-8026-d499eb4b3370,0,el,0,Asia/Nicosia,,2025-11-17 16:41:20.312479+00:00,
01e28304-8b92-4942-a6d2-38793d4deb21,742a38ce-707a-4aa3-89a2-38e632b64d3c,1,el,1,Asia/Nicosia,,2025-11-17 16:41:20.312479+00:00,
21b35ffe-f39c-48ba-b11d-f4e6f8ead54d,1669eb2b-658f-40ff-b691-ad96a6e70c89,0,el,1,Asia/Nicosia,,2025-11-17 16:41:20.312479+00:00,
abd63b03-3181-4543-8ac4-c421ef9b4827,1c3de858-825c-42ea-b6b1-3cb7c1bd0c36,1,el,1,Asia/Nicosia,,2025-11-17 16:41:20.312479+00:00,
d816e28a-ae52-4fa0-8108-77edf779a37c,47303cce-8d8c-433f-ac32-f96a52d7225e,1,el,0,Asia/Nicosia,,2025-11-17 16:41:20.312479+00:00,
472eeb8b-6739-4e3f-80bc-36663e02a752,28dfce59-5bf1-4670-bbbe-a961b1f3815b,0,el,0,Asia/Nicosia,,2025-11-17 16:41:20.312479+00:00,
4bcc2870-06c5-45be-aeb9-d3aab89067bf,48652c64-1570-4e47-85cc-83ccf7d83e95,1,el,0,Asia/Nicosia,,2025-11-17 16:41:20.312479+00:00,
f06c5059-7770-4f9b-8003-5012a9c54c6e,ef19c7a9-8525-4346-a275-727669840960,1,el,1,Asia/Nicosia,,2025-11-17 16:41:20.312479+00:00,
32971fff-e273-47f5-85fa-c5dcad029a1b,dc9ff329-ea5e-4c49-a952-37c4ee532af3,0,el,0,Asia/Nicosia,,2025-11-17 16:41:20.312479+00:00,
7579c2c3-3af6-451a-a15a-1d74e0f616b4,6b22e460-c47e-489f-946b-438da8246f69,1,el,1,Asia/Nicosia,,2025-11-17 16:41:20.312479+00:00,
48c41f90-4671-42a3-a525-d6cf59a155cd,23216621-cc8d-49b3-826d-e82778068b48,1,el,0,Asia/Nicosia,,2025-11-17 16:41:20.312479+00:00,
ee8bf580-c343-4170-a485-08bb88d0d0fa,f4661c3b-f6c7-4be4-a4ca-e5ce0a64e023,0,el,0,Asia/Nicosia,,2025-11-17 16:41:20.312479+00:00,
d39274c3-7b8c-4028-b1bd-44e8f56e4493,80de9ecd-44a6-4847-8cf2-77438d2e4a75,0,el,1,Asia/Nicosia,,2025-11-17 16:41:20.312479+00:00,
542ddb18-dee2-44bd-8fbf-1017441c0699,bf45cfcd-fecd-4676-9509-63d4a4505d48,1,el,0,Asia/Nicosia,,2025-11-17 16:41:20.312479+00:00,
3ff4651c-53f1-4faa-bea2-5d46a8ed9e31,f884af07-3082-45e5-990f-1e197dc837b8,0,el,0,Asia/Nicosia,,2025-11-17 16:41:20.312479+00:00,
474f38fc-041d-4951-9b01-be48f180ba8b,20528743-bb99-48ef-932b-ffd7f867af7f,1,el,0,Asia/Nicosia,,2025-11-17 16:41:20.312479+00:00,
ce238c28-ea13-4b0b-b37f-e6a2d156137d,59d95461-401b-4a51-ac58-82a85623d645,0,el,1,Asia/Nicosia,,2025-11-17 16:41:20.312479+00:00,
32c5caa8-7106-4d2e-89fc-3e144bc46c37,00a98802-12c5-4cf5-8ac3-aacd2a7cb5f4,1,el,1,Asia/Nicosia,,2025-11-17 16:41:20.312479+00:00,
93f89dcc-bc80-4620-ba5a-6210559248ab,95f682f5-48d2-47b3-a861-1ade1532921d,1,el,1,Asia/Nicosia,,2025-11-17 16:41:20.312479+00:00,
e24d19d1-0eac-4619-a24d-27f1bf47607e,34f90739-252e-4a75-b65c-97cd113c6231,0,el,0,Asia/Nicosia,,2025-11-17 16:41:20.312479+00:00,
7355af9f-6d66-4744-9758-cb4461872859,5f33e3fa-a4ff-490e-ad7b-20446af73887,1,el,0,Asia/Nicosia,,2025-11-17 16:41:20.312479+00:00,
a6143786-8ff1-4f3f-9590-bd9ad06b093f,1fcabfdc-90a6-4549-a942-c9ef86be7467,0,el,1,Asia/Nicosia,,2025-11-17 16:41:20.312479+00:00,
66a0035c-b360-40be-a44c-24706c318c66,3449bac9-34f6-4524-8467-e38f14edefe1,1,el,1,Asia/Nicosia,,2025-11-17 16:41:20.312479+00:00,
3a1add7d-d7e7-41e8-89f9-aecb67af9eb8,4a84471d-5b9c-4004-a99b-020d82947412,0,el,1,Asia/Nicosia,,2025-11-17 16:41:20.312479+00:00,
fbb48284-aa8e-4826-bf87-b6ffe10a85c5,53df397f-9013-413a-ac4e-65efc9370deb,1,el,0,Asia/Nicosia,,2025-11-17 16:41:20.312479+00:00,
fbac824b-2945-43dd-96eb-bcad469169ab,1d3bd831-586c-4ed8-a34e-7884ae4f16e7,0,el,0,Asia/Nicosia,,2025-11-17 16:41:20.312479+00:00,
8f22a302-3391-4c37-9063-40d533c063fe,8891515c-7c93-4026-b26d-00736b51b15d,1,el,1,Asia/Nicosia,,2025-11-17 16:41:20.312479+00:00,
210e9b80-26d8-464a-b6b9-e3bdbcab83f5,c4b2d98f-2a86-4fb7-92d4-2beef10ca78c,0,el,1,Asia/Nicosia,,2025-11-17 16:41:20.312479+00:00,
eebddad3-2e66-48c3-9af0-88daa9b32786,d55a3590-bcd7-48bc-a80b-a00113124fdd,0,el,0,Asia/Nicosia,,2025-11-17 16:41:20.312479+00:00,
2359a594-2700-4403-962c-233fe65e16ae,8559b590-a1e3-48dc-ace2-d94d95da9a89,0,el,1,Asia/Nicosia,,2025-11-17 16:41:20.312479+00:00,
8658d2ab-767e-43af-9e81-189a2e5ea9f3,50edad4e-97fa-4c54-af0c-759847a87710,0,el,1,Asia/Nicosia,,2025-11-17 16:41:20.312479+00:00,
6fbd1a67-5f8a-48d8-bcff-4f0e63713f06,32dd3f86-c591-42ee-a861-a3a2bb6bc2df,0,el,1,Asia/Nicosia,,2025-11-17 16:41:20.312479+00:00,
a3deccf0-c8c0-430f-8ead-83f7292a76f9,0e26634e-53a0-402a-9237-43d01d7a7d32,0,el,1,Asia/Nicosia,,2025-11-17 16:41:20.312479+00:00,
777406cb-4420-42b2-8679-d3d8f9650d40,1b08e12a-cd4a-4a39-bdf5-aa9e6b3a9fc0,1,el,0,Asia/Nicosia,,2025-11-17 16:41:20.312479+00:00,
694b2dc9-5ca8-4e0c-a96c-a450702aae15,2124eb36-7eea-445c-994e-6fd03c412b6c,0,el,1,Asia/Nicosia,,2025-11-17 16:41:20.312479+00:00,
9bb1c05b-002a-46cf-97ed-0214d605cff4,c0a1b821-dd6f-4c2e-95a2-66ae736d834c,0,el,0,Asia/Nicosia,,2025-11-17 16:41:20.312479+00:00,
a32f098c-6551-42f5-9546-5493d4ba9047,96ede1ba-b042-4e9b-8288-ca388bb2e8e1,1,el,1,Asia/Nicosia,,2025-11-17 16:41:20.312479+00:00,
b4a938ea-ae8b-4d9f-8597-775db093127e,f22da1f8-1783-42cc-bec3-2539f37ce6af,1,el,0,Asia/Nicosia,,2025-11-17 16:41:20.312479+00:00,
4c96951c-7b4f-4e2f-808a-d20a40600dc7,fc0ed404-1215-4406-b785-c9f6f98e9d1d,1,el,0,Asia/Nicosia,,2025-11-17 16:41:20.312479+00:00,
79d5012e-5d3a-412e-a9c9-4fcec40cca31,9eba6016-5330-460c-838e-8c49e160a33f,1,el,0,Asia/Nicosia,,2025-11-17 16:41:20.312479+00:00,
c9151408-4f63-4ad1-aefb-c8958af153cd,b144d0d7-05d4-43dd-97c8-3ba65b60a94b,1,el,0,Asia/Nicosia,,2025-11-17 16:41:20.312479+00:00,
6e68c2eb-c899-48ee-b86a-26ac8b9ad1a5,3e4622a2-93a1-483c-b956-b55bc23b1963,0,el,1,Asia/Nicosia,,2025-11-17 16:41:20.312479+00:00,
2f515634-5ef9-42a8-830c-35c5dacbb195,95093c0a-67e3-43d0-bad1-79108d1c84a3,0,el,0,Asia/Nicosia,,2025-11-17 16:41:20.312479+00:00,
93eefb76-f5a7-4b8a-b905-777ab9f5c53f,cf8fff93-64d2-46ac-a1f2-20d6cc9c26dd,1,el,0,Asia/Nicosia,,2025-11-17 16:41:20.312479+00:00,
02c514a9-1bad-42cd-9200-ab6a732d8488,1504d16a-8638-4b61-af98-0768ae039664,0,el,0,Asia/Nicosia,,2025-11-17 16:41:20.312479+00:00,
dd902987-c4f5-4d40-acb8-e12127f2a5ce,e986ea81-ad9e-4c2f-a98c-56e9ef52fdd7,1,el,1,Asia/Nicosia,,2025-11-17 16:41:20.312479+00:00,
6a9a60c1-9afd-4903-adb7-e01cfdf3a77c,4f424055-fbfa-4e33-874f-c8ead338c3d1,0,el,0,Asia/Nicosia,,2025-11-17 16:41:20.312479+00:00,
3f8e2ee1-64a1-4cd8-98ea-2098e95032f7,8a2c0ce1-8eb7-4237-9bc4-4737c639f898,1,el,0,Asia/Nicosia,,2025-11-17 16:41:20.312479+00:00,
899aaf89-e525-49bd-926f-435ee969a477,743f8659-2666-4319-bb12-19b5582876cc,1,el,0,Asia/Nicosia,,2025-11-17 16:41:20.312479+00:00,
fe03aee0-7b2d-4038-9702-85dcfdb28ed1,d743588e-acf9-4a80-975e-fcb4d9a915f7,0,el,0,Asia/Nicosia,,2025-11-17 16:41:20.312479+00:00,
ff0047c1-ffac-4ab1-982f-4eb361b677d5,0115e9ff-053f-4c14-b1a6-c64ea93a069e,0,el,1,Asia/Nicosia,,2025-11-17 16:41:20.312479+00:00,
9b4bea84-ae46-4ba7-8d64-454dbb807791,5f6c15e6-95ce-4a08-88dc-eae04bcfc560,1,el,1,Asia/Nicosia,,2025-11-17 16:41:20.312479+00:00,
fab06753-402b-4a7f-976f-dfde3e2e7fe8,8443d0a4-a4d1-4440-9c60-2e8c534fbf24,1,el,1,Asia/Nicosia,,2025-11-17 16:41:20.312479+00:00,
4cb82415-8b27-4bea-8a97-95299b86d3d4,a676949c-c095-4850-a495-0a57462611d8,0,el,1,Asia/Nicosia,,2025-11-17 16:41:20.312479+00:00,
1fc103f3-5bc4-474b-b560-c294268c1b43,b5754d52-97c6-4f57-a1c8-536d3eaa099b,0,el,1,Asia/Nicosia,,2025-11-17 16:41:20.312479+00:00,
4f87e841-a710-48c5-bb74-c58a5f2fe47f,569b3b1e-d9e1-4734-8211-5c9d04840714,1,el,1,Asia/Nicosia,,2025-11-17 16:41:20.312479+00:00,
39596276-5a8b-4fbd-892c-35cd80999c8c,7fc52ed0-7a54-41af-b174-b409c884223e,0,el,0,Asia/Nicosia,,2025-11-17 16:41:20.312479+00:00,
fb1094b4-f2e1-42f0-9fa8-1a976050eb85,84c3fedf-f4a4-45a1-892d-99559083d118,0,el,0,Asia/Nicosia,,2025-11-17 16:41:20.312479+00:00,
4540cac5-c35a-42eb-a162-e9cdff90e1d1,22e782f1-2fc8-4312-bc9c-83ddb9374b1f,1,el,0,Asia/Nicosia,,2025-11-17 16:41:20.312479+00:00,
b8ffde13-6a46-4865-bfc6-89b4896d0815,1e199380-2c71-4a92-afde-2fb2aa5eda4a,0,el,0,Asia/Nicosia,,2025-11-17 16:41:20.312479+00:00,
319a839d-e780-4aae-bce6-66569ea10034,b6d24ef6-1bb2-48eb-85a8-ed2c20d64d72,1,el,0,Asia/Nicosia,,2025-11-17 16:41:20.312479+00:00,
171b330e-8599-4f33-b5e3-c6de9b5fd8e7,d4928b51-4571-4cdd-8944-1c29d5c562e7,1,el,0,Asia/Nicosia,,2025-11-17 16:41:20.312479+00:00,
c8d350e9-000a-4af3-8b1f-e03102db6a3c,050d2f5d-fa5a-4650-9ff9-2fc2c8457dda,0,el,1,Asia/Nicosia,,2025-11-17 16:41:20.312479+00:00,
64e3cf7d-01e3-4b85-ac8c-c5fa7956ce68,0da3e57b-56f7-42fc-833d-643e9271cf6b,0,el,1,Asia/Nicosia,,2025-11-17 16:41:20.312479+00:00,
44c47d38-c740-48b3-9c6f-30cc1ae63dc1,527141ae-cae5-414a-9ebd-c59071f80844,1,el,1,Asia/Nicosia,,2025-11-17 16:41:20.312479+00:00,
57b32c3f-8622-414e-abfe-8f8f9c5709f7,cc14742b-d29d-41d1-b926-81ed15eab7f2,1,el,0,Asia/Nicosia,,2025-11-17 16:41:20.312479+00:00,
482cad25-8056-473f-8130-577774df0b6b,c4ea4300-1a85-42b9-958a-fe30de85336d,1,el,1,Asia/Nicosia,,2025-11-17 16:41:20.312479+00:00,
7da28d36-e05d-466a-b12b-27d8e70edc01,467ab9d4-b73e-4e25-8490-436cf122f20b,1,el,0,Asia/Nicosia,,2025-11-17 16:41:20.312479+00:00,
7b590cf7-899a-46ff-9bc9-ea30abc96309,fe6b428c-4cc7-46ad-8fd5-23b92788cccd,1,el,0,Asia/Nicosia,,2025-11-17 16:41:20.312479+00:00,
384ce769-d6a3-45c9-bda2-b7aeafc0da24,f026d5e7-fb4b-4391-a125-66503bd49d3b,0,el,1,Asia/Nicosia,,2025-11-17 16:41:20.312479+00:00,
d05ce1fc-7ebf-44b4-a2ed-684bd928cb8a,caaa4ffe-07a5-4264-956a-17b800d6d177,1,el,1,Asia/Nicosia,,2025-11-17 16:41:20.312479+00:00,
7c28818c-dcc0-4cf8-8bc8-9bf491a0754a,b49fef4c-c152-411d-bc26-3d44f6521530,0,el,0,Asia/Nicosia,,2025-11-17 16:41:20.312479+00:00,
f14e807f-def5-4e4a-a44c-aa190515b101,b3c10791-01c4-4f18-849f-6bf766470909,1,el,1,Asia/Nicosia,,2025-11-17 16:41:20.312479+00:00,
6805db26-3c6e-49a9-9697-610ad0d93f6e,682b4a0f-229f-448a-ad15-7876de5ba1a8,1,el,0,Asia/Nicosia,,2025-11-17 16:41:20.312479+00:00,
1b6a4589-7fde-4e24-aa5b-0aecf5b12a4b,479ecfb7-2690-4400-aaa7-7088b01b11ef,0,el,0,Asia/Nicosia,,2025-11-17 16:41:20.312479+00:00,
b2e02331-4079-41ce-9a22-2e3c66bcb5ed,b1ccfa4a-5e73-471b-b0ab-59574cc8f8e9,0,el,1,Asia/Nicosia,,2025-11-17 16:41:20.312479+00:00,
d07d1cb8-ee3c-4279-95eb-eb64d541f870,29f1c6de-8888-47c2-b179-abd6a0389033,1,el,1,Asia/Nicosia,,2025-11-17 16:41:20.312479+00:00,
5921b7a6-743b-4a21-88c3-7cbdd49c5b85,039303ca-d484-4b21-8b26-faf881b246b2,0,el,1,Asia/Nicosia,,2025-11-17 16:41:20.312479+00:00,
e9cfdb73-f7e2-4b97-b548-1f137d26a7f0,d82d50a6-4fdf-4bf5-abc9-841623ac9f02,0,el,0,Asia/Nicosia,,2025-11-17 16:41:20.312479+00:00,
305bb4ff-05ec-40cc-859c-1d3bdb24a645,20d49a64-6c47-4f1d-8046-f1f163847fa5,1,el,1,Asia/Nicosia,,2025-11-17 16:41:20.312479+00:00,
d2de17aa-702b-4009-a4f9-719df6eda07b,c4a29362-1b2a-4726-a866-1bbf5ff7efc6,1,el,0,Asia/Nicosia,,2025-11-17 16:41:20.312479+00:00,
2bee235f-fabd-4085-97c0-09954eebffff,aaac3737-dfb2-4c1e-9ec7-eb04ae67f80d,0,el,1,Asia/Nicosia,,2025-11-17 16:41:20.312479+00:00,
8dc916b6-5d0f-4149-a307-ec4f6c6e06d3,95248c4b-1a94-42c6-bc15-287e867706c4,1,el,1,Asia/Nicosia,,2025-11-17 16:41:20.312479+00:00,
78628c9c-1a08-453e-8073-fe846db132de,90ec28b8-c5be-437b-b90a-d23ccc78b711,0,el,1,Asia/Nicosia,,2025-11-17 16:41:20.312479+00:00,
2cfac97f-8186-4ac0-b52e-a07a8545dac9,b2bf6610-6dc4-449c-81cd-9371856dab25,1,el,0,Asia/Nicosia,,2025-11-17 16:41:20.312479+00:00,
2652c12d-081a-4910-ba36-501a1c8c8be8,0931e333-473a-4172-b5f0-e4c84f847be6,1,el,0,Asia/Nicosia,,2025-11-17 16:41:20.312479+00:00,
b8b2d226-51f4-45d0-bea3-d1b30a1eae95,43910632-18be-465d-b0ee-99225036ebd8,1,el,1,Asia/Nicosia,,2025-11-17 16:41:20.312479+00:00,
3f728146-7968-4acd-b3d5-02cc7ced0a42,a1524590-5df3-406f-b766-85dfa03225c7,0,el,1,Asia/Nicosia,,2025-11-17 16:41:20.312479+00:00,
cb1107d5-3ac0-4cf0-b369-f4dacb6f995d,06aed620-a08a-48dc-bb1e-5a0e4d98994d,0,el,1,Asia/Nicosia,,2025-11-17 16:41:20.312479+00:00,
3abd705e-653a-4c21-bbdf-49e7563de282,09dc63ae-812a-449c-a6c2-dd09b3245939,0,el,1,Asia/Nicosia,,2025-11-17 16:41:20.312479+00:00,
c9bc87aa-a1f0-4a85-b34f-78c1b672012e,93879b41-74b2-4990-b38a-f469a733e11b,1,el,1,Asia/Nicosia,,2025-11-17 16:41:20.312479+00:00,
f161d8b0-4a40-499c-aca4-d777c37ca675,ff521a66-f82d-459c-9eed-9001ec0fd63b,0,el,1,Asia/Nicosia,,2025-11-17 16:41:20.312479+00:00,
8b135fd8-c1c8-4db0-a9f7-bdbeb936b2de,1787e89c-277d-49e6-89f9-70c95e807b04,1,el,1,Asia/Nicosia,,2025-11-17 16:41:20.312479+00:00,
e9082489-e472-4652-8cfa-463680b002bb,77be9d3a-ef7d-4f2d-bc88-7929b866ef31,0,el,1,Asia/Nicosia,,2025-11-17 16:41:20.312479+00:00,
185b8f87-47c7-4965-b40b-cd87508e83a3,eb746987-4264-4cc4-b84e-1ae2a3a6ed8b,1,el,0,Asia/Nicosia,,2025-11-17 16:41:20.312479+00:00,
9a6c6afc-e794-457b-af0e-cbfc7415ea75,f8d78df7-e59e-42eb-b298-dedc7cab9ccc,0,el,1,Asia/Nicosia,,2025-11-17 16:41:20.312479+00:00,
dd1f85b2-251e-4343-aedf-703cabbdc14a,87ab517b-e8eb-4ca6-801f-0efac7d9f498,1,el,0,Asia/Nicosia,,2025-11-17 16:41:20.312479+00:00,
7221c090-f3b2-4d16-ab97-02d16927d5e9,d718ded3-3fa6-4eae-9557-24e1cda0aa02,1,el,0,Asia/Nicosia,,2025-11-17 16:41:20.312479+00:00,
7b859046-0bd0-4050-bf76-c5cac64664b5,936e5bec-34fd-49bb-bfdf-74bf6a3b4eb2,1,el,0,Asia/Nicosia,,2025-11-17 16:41:20.312479+00:00,
5d258043-8cd6-4186-9027-503466476502,c187198e-e46d-49d6-a346-288eee245174,1,el,0,Asia/Nicosia,,2025-11-17 16:41:20.312479+00:00,
647ddab6-cca0-46b8-8dae-2aa1ce885d6b,6ab3a9dd-ea3d-4f97-bee0-d04656aedc30,0,el,0,Asia/Nicosia,,2025-11-17 16:41:20.312479+00:00,
e4d9bfcb-36af-44fb-ab7b-ec7a42300a3c,b1f257e4-8f63-4626-bd5d-3eb08bf8972f,0,el,0,Asia/Nicosia,,2025-11-17 16:41:20.312479+00:00,
5a337474-286b-45e5-9cc7-dfe40b78aac9,d9c0ea26-0315-41e4-9fc8-515c8e0559ed,1,el,0,Asia/Nicosia,,2025-11-17 16:41:20.312479+00:00,
4bcaca56-c2c8-45f8-93e2-52ba23a0fcd5,4cc9bfab-fc7c-4522-9258-4020ddbc7133,0,el,0,Asia/Nicosia,,2025-11-17 16:41:20.312479+00:00,
51e3ee94-3732-4366-9d00-30cf578a6dee,449ffe99-7191-4771-99ce-90a086a0b137,0,el,0,Asia/Nicosia,,2025-11-17 16:41:20.312479+00:00,
fafc6c99-f048-4ff1-acf5-b81a2671bf83,88967084-6eab-4ba6-9657-e34ce0fddf88,0,el,0,Asia/Nicosia,,2025-11-17 16:41:20.312479+00:00,
c374f40c-8225-46d6-85d7-d6b631dfd8e0,f671fbe1-e64f-442c-bcf4-4cd6bd08f70c,1,el,1,Asia/Nicosia,,2025-11-17 16:41:20.312479+00:00,
7fd840c0-8ea1-4825-b2b6-7f3ed8a5e6ce,8f9b7bf8-a8b2-48bb-8b2b-021a2f79c452,1,el,1,Asia/Nicosia,,2025-11-17 16:41:20.312479+00:00,
e8376ea5-9fac-4562-880f-c953aa4647b3,fa3bd3be-7eb2-4ad7-804b-704dc3490ba3,0,el,0,Asia/Nicosia,,2025-11-17 16:41:20.312479+00:00,
8026681d-e6e9-4e4a-a867-bb5796de89b6,d92c944e-c06d-4e0f-b071-1e06043b70d3,1,el,0,Asia/Nicosia,,2025-11-17 16:41:20.312479+00:00,
da50e309-5b09-4bb9-a09b-f1ec039bd6f8,bd5c6676-e5f3-4c9b-bd01-02c795449b4d,0,el,1,Asia/Nicosia,,2025-11-17 16:41:20.312479+00:00,
e52b248f-b905-4ea5-827a-7cb6c6651239,66c6f60e-56ca-42b7-a766-f961d3d026bd,1,el,0,Asia/Nicosia,,2025-11-17 16:41:20.312479+00:00,
b4ab7ba0-d45e-490a-836f-4586946832f1,28dd6b8e-3c28-4bb4-9787-1044283a95b4,0,el,0,Asia/Nicosia,,2025-11-17 16:41:20.312479+00:00,
575b8598-4e56-489e-8707-1b8801a9c8a1,82d2f822-8a8c-432d-aee6-6e575cbdd778,0,el,0,Asia/Nicosia,,2025-11-17 16:41:20.312479+00:00,
fac5c494-599a-4dd4-bee7-41ff851548f5,cf2be62d-9b54-48bb-9361-67dd4f6bc932,0,el,0,Asia/Nicosia,,2025-11-17 16:41:20.312479+00:00,
1e0616aa-48e1-40f8-96b4-9c8597602d53,fab556cc-d93d-4730-b839-4f0d77686347,1,el,1,Asia/Nicosia,,2025-11-17 16:41:20.312479+00:00,
3a0c23c3-0d46-4ef0-ad05-ccd65a6b81b8,8f2e2ced-c073-4f48-95e2-a9f5586cfbbf,0,el,1,Asia/Nicosia,,2025-11-17 16:41:20.312479+00:00,
344dc5c5-9d03-486f-9271-8cd64581340b,b4569a6d-a7d0-4678-a51c-463496992d52,1,el,0,Asia/Nicosia,,2025-11-17 16:41:20.312479+00:00,
b431ecd4-845b-4970-8fd9-75fe381173b3,1bd3b05f-529c-4d96-a2f4-30051ffaf6c0,0,el,0,Asia/Nicosia,,2025-11-17 16:41:20.312479+00:00,
af375922-7f83-4402-8bb8-f60238aff279,b049acda-98a0-4765-b5b2-10987d75f006,1,el,0,Asia/Nicosia,,2025-11-17 16:41:20.312479+00:00,
9157964d-cb89-49b2-a6d5-a1ad58f0e1e9,9d2b9b7c-d6a1-44a8-9a86-6572fa66101a,0,el,0,Asia/Nicosia,,2025-11-17 16:41:20.312479+00:00,
d2a2d01e-fb4f-4b8e-b23f-ffab7600a72c,e5355576-4597-4c64-9592-c923d659f9ee,0,el,1,Asia/Nicosia,,2025-11-17 16:41:20.312479+00:00,
ad4a6422-531f-41d6-8106-815a64c671ab,f6852099-c9e4-4727-97fb-76d4f8cf3afa,0,el,1,Asia/Nicosia,,2025-11-17 16:41:20.312479+00:00,
209f6217-47c4-4350-bd78-b7bb66320ee2,6205ae28-bde0-4418-aca2-8d8b9b1055e4,1,el,0,Asia/Nicosia,,2025-11-17 16:41:20.312479+00:00,
612f30f5-c9f8-4fb2-9424-b3b7f5f69ba4,54b6b766-8d56-4501-9d03-bda1209a0c2c,1,el,0,Asia/Nicosia,,2025-11-17 16:41:20.312479+00:00,
7efad06c-7e4e-425d-98a9-571a574ab91d,98be2f85-80e4-4d9e-9bc5-7c21e462b15b,0,el,1,Asia/Nicosia,,2025-11-17 16:41:20.312479+00:00,
c33a63cd-e059-4a11-a4d4-f7260ce810a8,3141406d-e3ea-4d31-bc65-75c7457b5bb3,1,el,1,Asia/Nicosia,,2025-11-17 16:41:20.312479+00:00,
b8f5d74b-c3df-4ac5-afae-ef661035257c,833f147e-93b6-46ab-bb12-421230f91d52,1,el,0,Asia/Nicosia,,2025-11-17 16:41:20.312479+00:00,
a26da156-e913-4dd0-8433-618ceae5191d,43ff58f4-ed1f-4126-8ae2-3600a62a6180,0,el,1,Asia/Nicosia,,2025-11-17 16:41:20.312479+00:00,
28d10a68-83e7-4cce-85d7-9e86203cf943,ad03fff2-3421-4d0a-b3dd-59fc46c112e3,1,el,1,Asia/Nicosia,,2025-11-17 16:41:20.312479+00:00,
c81377cf-c660-4cb9-aed0-ed8a45e3ca81,e2df960f-843f-455e-8edc-49e911908e14,0,el,1,Asia/Nicosia,,2025-11-17 16:41:20.312479+00:00,
e93a8028-1d99-4b8d-b2ef-5463a6fd64fb,b70ab35d-fd69-434d-af4d-c0aa9b224970,0,el,1,Asia/Nicosia,,2025-11-17 16:41:20.312479+00:00,
488894dd-8242-45f9-9717-d17024d817e5,afc5a5bb-6845-42b0-b317-aea54c2b5995,0,el,1,Asia/Nicosia,,2025-11-17 16:41:20.312479+00:00,
1914408e-e264-4864-a007-5c9aa352bab5,b36d1f0a-87f5-4096-b7e0-6b95f491fc9b,1,el,0,Asia/Nicosia,,2025-11-17 16:41:20.312479+00:00,
c8ffeaee-34ea-4c0f-9f23-026096e59af0,e5f2c5e1-3a75-4550-9776-1a3ba247112c,1,el,1,Asia/Nicosia,,2025-11-17 16:41:20.312479+00:00,
b74c2040-59ea-4451-9aee-9d5b3bdb90e3,40e60517-80dd-4425-aba1-53f47272f1e9,0,el,1,Asia/Nicosia,,2025-11-17 16:41:20.312479+00:00,
533db5ba-0e1f-4969-95a9-20ec650811d8,0372a2bb-f960-405b-8493-262c1646b7a4,0,el,1,Asia/Nicosia,,2025-11-17 16:41:20.312479+00:00,
682000a1-65d7-423e-bf0a-cabff5451879,364de69e-fd1d-4b9f-b9ac-2c0335d3b07c,1,el,0,Asia/Nicosia,,2025-11-17 16:41:20.312479+00:00,
a703006c-3753-499a-ab6c-a15d2ae9f4b2,386ba3f8-0afc-41f7-b337-acd52e17a204,1,el,1,Asia/Nicosia,,2025-11-17 16:41:20.312479+00:00,
1f86a158-9334-4de2-b03a-d8f9f48b82d7,59a8c7c5-8213-4497-87a1-befb41aaed50,1,el,1,Asia/Nicosia,,2025-11-17 16:41:20.312479+00:00,
7bc085b9-9939-4a4f-b10d-a1d06ff4081c,5ae1b41f-241e-4b12-9604-0b56d517ee89,1,el,1,Asia/Nicosia,,2025-11-17 16:41:20.312479+00:00,
61c417b4-3cd0-416e-9dc9-459db1ceb087,501e1f78-a459-4314-b9bd-f40476947ac2,0,el,0,Asia/Nicosia,,2025-11-17 16:41:20.312479+00:00,
38c4fea8-553d-41b9-96a8-ed6e1ede645c,bc301bc9-fc93-4b5c-85f8-31088df6df79,0,el,1,Asia/Nicosia,,2025-11-17 16:41:20.312479+00:00,
79474ba3-08c5-49b6-9a59-26826be3367e,86726b6d-234c-400b-98a0-de58756a66b6,0,el,0,Asia/Nicosia,,2025-11-17 16:41:20.312479+00:00,
4eda1874-13ac-4b55-ab05-499384fb24f4,b185fb1b-9f43-4cb7-a730-8c63f2af7243,0,el,1,Asia/Nicosia,,2025-11-17 16:41:20.312479+00:00,
8c966885-bf46-4d20-8f03-84be2e399c05,98d02fde-7c9a-4fc6-bc4b-90b45fea52ef,1,el,1,Asia/Nicosia,,2025-11-17 16:41:20.312479+00:00,
7c789080-f928-4b64-a7ca-4713916dd85d,5758f2eb-524b-4c11-92e2-a6b7a026ed99,0,el,1,Asia/Nicosia,,2025-11-17 16:41:20.312479+00:00,
f2320662-ec11-4d47-bc8c-4e0fc1e3e69e,967eaa81-8a21-4089-a504-1528ed4abb23,1,el,1,Asia/Nicosia,,2025-11-17 16:41:20.312479+00:00,
15d5088a-ecfe-43cb-86ad-8f2aa9861050,6a82b5d1-7ee8-440d-ab03-a287324ed384,1,el,1,Asia/Nicosia,,2025-11-17 16:41:20.312479+00:00,
7fc845f0-e7bc-485a-8b1a-0b5e5bd4256f,a9a726da-ea5a-4309-b545-8153a47c3b71,0,el,1,Asia/Nicosia,,2025-11-17 16:41:20.312479+00:00,
1a95fe7f-12a7-4119-a8cf-8f507f0dd208,10f12361-3f56-42ab-955e-8436201ebcc5,0,el,1,Asia/Nicosia,,2025-11-17 16:41:20.312479+00:00,
ef21cd39-0ae1-4b10-826a-7e39ac4d539a,86ea914f-a64d-4893-ab63-2b88df17c88b,1,el,1,Asia/Nicosia,,2025-11-17 16:41:20.312479+00:00,
ee489657-ae08-4196-9823-48db08aa3a23,55be3200-3989-42da-9bd5-1d693ffc4048,0,el,0,Asia/Nicosia,,2025-11-17 16:41:20.312479+00:00,
4ccc2760-6039-42aa-976e-52f98e217074,912753ea-51e1-4265-8fa9-9883c5bd400c,1,el,1,Asia/Nicosia,,2025-11-17 16:41:20.312479+00:00,
d732fa3b-d9c1-42bd-84ea-2f74057c1408,b9145a19-de52-409d-b5f7-a276a4b4c897,1,el,0,Asia/Nicosia,,2025-11-17 16:41:20.312479+00:00,
751b741f-613d-471a-b27e-9ea7f329d404,7279a4b0-19b2-45ee-b851-faa0626537b0,1,el,1,Asia/Nicosia,,2025-11-17 16:41:20.312479+00:00,
2783e5ae-d60c-44e3-bb4c-97ac8281ee4b,2ca679dd-3a27-4618-ac8d-b3f9c1d29cbf,1,el,1,Asia/Nicosia,,2025-11-17 16:41:20.312479+00:00,
adad346a-db87-4fe8-86d4-93feb1257e0e,30096b92-1cc5-4ab9-8b15-05d034008ddb,0,el,1,Asia/Nicosia,,2025-11-17 16:41:20.312479+00:00,
656d9147-1b29-4031-bd03-9056bee01fc4,c5e698c0-3c85-4142-923e-7d61fd99a921,1,el,1,Asia/Nicosia,,2025-11-17 16:41:20.312479+00:00,
a0bc20d5-d6ae-460f-9644-cf1df55a41a4,5b2c7e17-beed-47bb-85c3-7c80e0302b36,1,el,1,Asia/Nicosia,,2025-11-17 16:41:20.312479+00:00,
5477d3b2-f5d4-4ae9-939e-3f8e91ee48d3,c6f4fb6c-e4f3-452c-b63d-b98bee2989a8,0,el,1,Asia/Nicosia,,2025-11-17 16:41:20.312479+00:00,
f734af50-0926-4992-9f98-64acbbf8f44e,7e985670-f3e4-4779-ab1e-8bc2b89043bf,1,el,1,Asia/Nicosia,,2025-11-17 16:41:20.312479+00:00,
7625cabf-4665-4c1b-bcaa-b3794ac3d99c,9f2a3837-9503-405d-9e19-ec5c0588fb33,0,el,0,Asia/Nicosia,,2025-11-17 16:41:20.312479+00:00,
244c9b26-faeb-436b-88a4-562f71c2aa13,0ce0d133-01c7-4b35-b16d-bfe04a2da821,1,el,0,Asia/Nicosia,,2025-11-17 16:41:20.312479+00:00,
d35687e1-c253-417d-b497-a51665b2dfaf,0ce5ccdb-404a-450c-89c9-4ecc3f9ffd7f,0,el,1,Asia/Nicosia,,2025-11-17 16:41:20.312479+00:00,
c7997cb2-ded1-4129-9c8e-8645d6e4d15b,66dc6906-5085-4684-8dee-b18e7ea622c4,0,el,0,Asia/Nicosia,,2025-11-17 16:41:20.312479+00:00,
942e3241-7169-47ed-93af-f33efe1a0d53,781809f7-aa4a-4f26-baf5-5d5f33ebd286,1,el,0,Asia/Nicosia,,2025-11-17 16:41:20.312479+00:00,
b96bab6c-6bed-4654-a070-797fac6f2968,13bb66a6-b842-44fe-997f-69f01412bfa7,1,el,0,Asia/Nicosia,,2025-11-17 16:41:20.312479+00:00,
1fd5e767-5f36-4715-ae97-c4e35aee26e5,19489c37-08e9-46e6-8752-4a3de2aae6e4,0,el,0,Asia/Nicosia,,2025-11-17 16:41:20.312479+00:00,
3cf070a0-7788-43ce-84e7-b01c5959dc88,a670c84d-858c-4fc2-a440-1d29c6a05f70,1,el,0,Asia/Nicosia,,2025-11-17 16:41:20.312479+00:00,
9322ba68-31e1-4ba5-a3f9-6c7c0570059d,770438b7-b455-4757-8cab-eb93c69b3340,0,el,1,Asia/Nicosia,,2025-11-17 16:41:20.312479+00:00,
b4a33162-a881-4392-b3ed-d9d220bf29cd,bac514d7-6457-4ebe-a9cd-d57b86ca8beb,1,el,0,Asia/Nicosia,,2025-11-17 16:41:20.312479+00:00,
e5a39631-f378-47a1-8594-fe89b763accb,78f5f069-3604-41b4-ba6a-49f974a3fd49,0,el,0,Asia/Nicosia,,2025-11-17 16:41:20.312479+00:00,
9383f2ce-1f59-4156-a3a8-4b5dd0b6e408,8ab27fcf-7138-46c0-a6bc-7bfd47da4abe,0,el,0,Asia/Nicosia,,2025-11-17 16:41:20.312479+00:00,
9d064a5d-1582-4eb2-9fc9-e23deb625e35,e5623ae5-fe5b-4146-87fd-0a44e8589540,1,el,0,Asia/Nicosia,,2025-11-17 16:41:20.312479+00:00,
56e0ad60-119e-4ab9-99b9-a9df3cfa7945,d26a9a65-95d7-4b68-a014-b68a9bd171f9,0,el,1,Asia/Nicosia,,2025-11-17 16:41:20.312479+00:00,
e7480fb0-0281-4de8-a350-9a7ef150c34e,760736f7-0823-48f7-a890-3fcd9845976f,1,el,0,Asia/Nicosia,,2025-11-17 16:41:20.312479+00:00,
7decc09f-db74-4432-a306-3c6ad0d1c954,f39e5f01-7079-436e-a7ac-3e2b442b8577,1,el,0,Asia/Nicosia,,2025-11-17 16:41:20.312479+00:00,
c7feea28-1689-4ac6-b74d-afd9af142d6e,c5f90c27-fd91-4650-8a64-21bad237a3c4,0,el,0,Asia/Nicosia,,2025-11-17 16:41:20.312479+00:00,
194745b4-3089-4eba-9780-1871a24bf1ba,4db76fd9-81b9-4bbe-9c7b-30338fa91fb1,0,el,0,Asia/Nicosia,,2025-11-17 16:41:20.312479+00:00,
0086793f-8c13-4c52-abe8-4f83f91573d2,e96cdfc5-df2a-4953-8fe0-b6f00f46a914,0,el,0,Asia/Nicosia,,2025-11-17 16:41:20.312479+00:00,
bcd9e06e-863d-43b6-b782-a0eea0ad080b,4bb5ac0f-cf8b-4b4f-b38b-d4665f929ff8,0,el,1,Asia/Nicosia,,2025-11-17 16:41:20.312479+00:00,
4d22540c-cbde-41ed-9b74-e260b787c602,1bf2b444-7532-4ddd-aa9c-b812ef547ef3,0,el,1,Asia/Nicosia,,2025-11-17 16:41:20.312479+00:00,
a9f36924-2f7c-48bd-8604-9981adb84386,48500a2b-4577-4bf7-ad6e-7dc21915ee20,1,el,0,Asia/Nicosia,,2025-11-17 16:41:20.312479+00:00,
88b6555f-f69f-41d7-b60a-bdabff5e00ee,74180754-035a-498f-af8f-8c4519aa094b,1,el,0,Asia/Nicosia,,2025-11-17 16:41:20.312479+00:00,
54c17cae-bb8d-424d-8d93-78a54e220d29,9a7de965-4e5b-4b3a-a60b-e5c39da09470,1,el,0,Asia/Nicosia,,2025-11-17 16:41:20.312479+00:00,
bdfb7f88-b55e-4b3f-a03a-5c754826dd63,670f1ed1-efaa-4b21-a053-08f06b5056e3,1,el,1,Asia/Nicosia,,2025-11-17 16:41:20.312479+00:00,
7e1101fe-daf2-4ae4-b027-ed3a3073ef31,958e3579-c4d0-4d5f-9a2e-0654ecd0b9fb,0,el,1,Asia/Nicosia,,2025-11-17 16:41:20.312479+00:00,
f7643a0c-7b05-4afb-84eb-fb833b4561d9,04952a57-3b7a-4cdf-a5b2-866d21775641,1,el,0,Asia/Nicosia,,2025-11-17 16:41:20.312479+00:00,
cc480239-d478-4d53-a29d-52e66d3f99e3,6255b5c4-21e3-437d-8f72-b53fe6f72849,1,el,0,Asia/Nicosia,,2025-11-17 16:41:20.312479+00:00,
0196c271-977e-4e6b-844b-d5f7a5e2f50e,90d51478-df9d-4867-b228-4d970e79f8a9,0,el,0,Asia/Nicosia,,2025-11-17 16:41:20.312479+00:00,
df4c6afc-dc77-4873-903e-f27f7191cd1f,48dc0ef3-c61a-4669-8e99-87b392da8897,0,el,0,Asia/Nicosia,,2025-11-17 16:41:20.312479+00:00,
0e03fd70-2b78-4f4e-af68-4410bbce183b,94642e38-991f-4998-807a-a89572ae57d3,1,el,0,Asia/Nicosia,,2025-11-17 16:41:20.312479+00:00,
0f89ecbb-74d1-44c0-b4bd-b31c8b35bbca,65ab83c6-e782-4e10-82ed-f32dfbd92a88,1,el,1,Asia/Nicosia,,2025-11-17 16:41:20.312479+00:00,
a9c777a8-b52d-4bf5-b5c9-d045bec350fa,bde6c496-af3f-4500-9337-ed0a48e0d48c,1,el,0,Asia/Nicosia,,2025-11-17 16:41:20.312479+00:00,
1634ef5a-e488-4a0a-9c09-83d4da18e69b,e3d6c1a7-06a1-4f63-9be2-d6eb8e93c386,0,el,1,Asia/Nicosia,,2025-11-17 16:41:20.312479+00:00,
0384823f-77e6-48c1-8fa5-336e3ed7e342,44f7ab1f-bb04-4180-979d-a28c1cd8d2aa,0,el,1,Asia/Nicosia,,2025-11-17 16:41:20.312479+00:00,
b1ef68c5-3e38-43b0-94f9-c2dafc5afdac,e8746978-233a-4072-80cf-da06a86b390b,1,el,1,Asia/Nicosia,,2025-11-17 16:41:20.312479+00:00,
3f1ff462-df5f-4376-ad39-9101879ab786,dcbffaff-457d-4c69-9285-2d78fd6b1676,0,el,1,Asia/Nicosia,,2025-11-17 16:41:20.312479+00:00,
bc360978-626a-408c-841d-162766620098,22c6ce38-5b58-46ca-8664-f662f741dec5,1,el,1,Asia/Nicosia,,2025-11-17 16:41:20.312479+00:00,
a2b13306-46f9-4bee-b482-ca88374f433e,bd645f45-31f2-4e2b-8458-0f37e5eca8b9,0,el,0,Asia/Nicosia,,2025-11-17 16:41:20.312479+00:00,
2415f5d9-f851-411c-b926-82fb05e87031,c7bb9555-d49c-4c91-b132-846461cfd95d,0,el,0,Asia/Nicosia,,2025-11-17 16:41:20.312479+00:00,
6914d521-25d6-402c-9a05-083ef26b379a,7af218b1-719c-47ce-b057-cd6bfba0154f,1,el,0,Asia/Nicosia,,2025-11-17 16:41:20.312479+00:00,
37dfda92-cf61-4f29-8c1e-292dad577d16,059c445b-3fb5-423d-b7c0-3b70c9b69940,1,el,1,Asia/Nicosia,,2025-11-17 16:41:20.312479+00:00,
5654fbaa-6979-4ea9-894d-2caf74367b2d,660f7e45-545d-4f14-a865-e133313bfd6c,0,el,1,Asia/Nicosia,,2025-11-17 16:41:20.312479+00:00,
e062dda1-d95f-4ea7-a6a7-e8be4e57c33e,17c745ee-38de-4653-a30c-725248cff86c,1,el,0,Asia/Nicosia,,2025-11-17 16:41:20.312479+00:00,
ee660b83-610a-4872-a189-2ae37af6ed84,345a877d-c5dd-402a-a608-7a449d6e1417,1,el,0,Asia/Nicosia,,2025-11-17 16:41:20.312479+00:00,
8e88eb59-085f-490a-86e4-0f7bfc1b89ad,537deb4d-fc00-4f4c-967f-319a9f025b23,0,el,1,Asia/Nicosia,,2025-11-17 16:41:20.312479+00:00,
28679d0c-1ce5-41b7-8be8-4eb380ebef84,b31270e0-ace9-4dca-9a09-cd30294cd8d9,0,el,1,Asia/Nicosia,,2025-11-17 16:41:20.312479+00:00,
4909b668-5f59-43de-acb7-ed981efd4df3,e550b18f-9788-4016-9fdf-598cf7b3963f,0,el,1,Asia/Nicosia,,2025-11-17 16:41:20.312479+00:00,
38510463-7b0e-40b9-858d-cf9859117e3f,995b2514-c60a-476c-9871-f5c642a560c7,1,el,0,Asia/Nicosia,,2025-11-17 16:41:20.312479+00:00,
4f2cb3d9-5210-48fb-8665-2e216f9695bb,5ed5ee87-145c-491e-9af9-fab937bab3ed,0,el,1,Asia/Nicosia,,2025-11-17 16:41:20.312479+00:00,
6dec3e15-28e9-426f-b4be-ec00ed1d4f4b,3c77684c-bd4a-4f8d-82cf-88ffcc7de887,0,el,0,Asia/Nicosia,,2025-11-17 16:41:20.312479+00:00,
634bd7c9-3d6d-4106-b107-8a7ab9dcf197,4f881271-67e0-4da5-90d8-7cc0c8b859a6,1,el,0,Asia/Nicosia,,2025-11-17 16:41:20.312479+00:00,
3565c3fe-80a2-4c5f-9460-c5baf13b90e0,9c580aef-d7f4-4611-a0a9-bbf513ef5c97,0,el,0,Asia/Nicosia,,2025-11-17 16:41:20.312479+00:00,
4824418e-d443-4f73-9133-48cef789d0f1,45d0d6ff-092c-4c92-85e2-1b00488c50b3,0,el,0,Asia/Nicosia,,2025-11-17 16:41:20.312479+00:00,
bbbccc47-1678-42f4-addc-12babe1360d7,517ea6b5-b689-4f84-b26b-86273c666201,1,el,0,Asia/Nicosia,,2025-11-17 16:41:20.312479+00:00,
6abb1391-6de9-4b06-804a-c7c5fe7c8067,9f1ffabd-5ac1-48c1-b32d-c552bdc670d7,0,el,1,Asia/Nicosia,,2025-11-17 16:41:20.312479+00:00,
032f36cc-0293-465e-881c-25365daf829d,f83df6a6-d5c5-48d5-a0f9-63083f56a086,1,el,0,Asia/Nicosia,,2025-11-17 16:41:20.312479+00:00,
20c9e37a-298a-45f2-9154-da5c3cf3e664,84175560-ab06-411d-9e11-77e2cc29194f,1,el,1,Asia/Nicosia,,2025-11-17 16:41:20.312479+00:00,
b68fed72-ae65-494f-a240-d23d35004a1a,ed62fa7d-f562-4f81-9f9e-f3d7378b8d2b,0,el,1,Asia/Nicosia,,2025-11-17 16:41:20.312479+00:00,
bba32b49-6ba7-4a51-8cd8-13b2727dbd7b,b24f3326-5175-4464-9013-c915a8547b13,0,el,1,Asia/Nicosia,,2025-11-17 16:41:20.312479+00:00,
1fdfe064-614b-4b84-b456-0acdbb2930a2,9a21b897-e7c8-492b-9771-46929aed0461,1,el,0,Asia/Nicosia,,2025-11-17 16:41:20.312479+00:00,
cb9bc20f-3372-4155-94dc-84157c200553,afaea4bc-274b-4c44-8a76-9edcd01c0ed7,1,el,0,Asia/Nicosia,,2025-11-17 16:41:20.312479+00:00,
19cf7581-be2d-4d2f-88f7-8b7dcc50577c,33024f2c-c2df-4c28-b6bc-c8b7008856cf,1,el,0,Asia/Nicosia,,2025-11-17 16:41:20.312479+00:00,
2d9077f0-ff6f-4609-8a52-bffe45ca0338,bc6a0cb7-56d9-4c0b-8616-5895d8ad92ba,1,el,0,Asia/Nicosia,,2025-11-17 16:41:20.312479+00:00,
fed8165d-bb29-489c-80fd-1d66bcd794fe,9f6d1a28-73ae-4db6-bff3-41306e7bb232,1,el,0,Asia/Nicosia,,2025-11-17 16:41:20.312479+00:00,
506d5d97-8eea-42bc-abe7-9813d5215c41,e5ad4147-2afc-4184-92c7-93743f103bc2,1,el,0,Asia/Nicosia,,2025-11-17 16:41:20.312479+00:00,
37bd5740-1e73-45a3-86ca-a38c210ff02e,f59b70d1-d785-484d-9cad-d76f7fa89113,0,el,1,Asia/Nicosia,,2025-11-17 16:41:20.312479+00:00,
f3045104-0a4c-41fb-8206-551f04caa23c,8b389f78-9cd8-482a-bb17-8ba40c7a3394,0,el,0,Asia/Nicosia,,2025-11-17 16:41:20.312479+00:00,
11b0ab5a-ebd0-4293-885a-c58cb7d3bb82,6e6016f7-48c1-4358-9cf6-aba50fe0c352,0,el,0,Asia/Nicosia,,2025-11-17 16:41:20.312479+00:00,
75f51ff9-22a7-437e-bcb6-d19993c37452,2c0637f2-1a5c-4e04-a268-13d45779ba2d,1,el,0,Asia/Nicosia,,2025-11-17 16:41:20.312479+00:00,
4b6eb74d-726b-4e08-ae72-4d2d19aafc85,06c1b9bb-8424-4498-9b3f-fc2981f9f984,1,el,1,Asia/Nicosia,,2025-11-17 16:41:20.312479+00:00,
5f876b41-b567-458a-8371-9a2bb813ae63,4b5bfd0e-e250-401e-931d-f845c6b76a30,1,el,1,Asia/Nicosia,,2025-11-17 16:41:20.312479+00:00,
399c208d-4a3a-475e-820e-b6d92adc08ad,67cdaa77-6589-43f4-9a00-01191f4b1d9b,0,el,1,Asia/Nicosia,,2025-11-17 16:41:20.312479+00:00,
f1c05846-168f-497e-aeeb-095ead63dc98,b92eb459-d772-461e-9b17-bac66b8cc17e,0,el,1,Asia/Nicosia,,2025-11-17 16:41:20.312479+00:00,
86c2da19-4c59-441b-9d9d-15262d0e6b28,7d718c30-4d07-42f8-88c5-c0918cfdca64,1,el,0,Asia/Nicosia,,2025-11-17 16:41:20.312479+00:00,
101d6f70-81bc-479d-b785-57e48cdbe66c,224e05ee-9874-4566-8256-1a315f07173d,0,el,1,Asia/Nicosia,,2025-11-17 16:41:20.312479+00:00,
cda64a99-13cd-4e64-9640-66b179bad3c4,936d11c7-edbe-4ba9-a66e-b70905d78a3b,0,el,0,Asia/Nicosia,,2025-11-17 16:41:20.312479+00:00,
8a4292f7-6560-43f6-b53c-866c47ce9540,689fd03c-2454-487a-8d7d-12bfdc6b9726,0,el,0,Asia/Nicosia,,2025-11-17 16:41:20.312479+00:00,
cd466abf-1649-45ff-b3d1-04721df866b8,d7166f9f-7325-4c86-aafd-172c83a64e4e,0,el,1,Asia/Nicosia,,2025-11-17 16:41:20.312479+00:00,
2796d68a-5e3c-4c0c-b404-f96aa9076482,3c4e86a9-95db-49b5-b85a-dd497452e2a7,1,el,1,Asia/Nicosia,,2025-11-17 16:41:20.312479+00:00,
a093ae31-66ce-42de-b916-6209e8e351f5,99e14dde-afea-4b88-aa4a-3bd9b310b69b,1,el,0,Asia/Nicosia,,2025-11-17 16:41:20.312479+00:00,
da256e34-b598-42ad-aa39-9f86816fc96b,a8b3c87c-fb70-4316-8a22-e89ab8bc5f8b,1,el,0,Asia/Nicosia,,2025-11-17 16:41:20.312479+00:00,
56302623-e783-4ed7-b048-d7253f830499,d9da2ece-2d09-445e-8796-58d81ec1ae17,1,el,1,Asia/Nicosia,,2025-11-17 16:41:20.312479+00:00,
c4d2ff8b-b014-4e79-8bc5-bc7fc1101a7f,e8b02f4c-5be9-44c2-8911-a929a46ec476,1,el,1,Asia/Nicosia,,2025-11-17 16:41:20.312479+00:00,
9162bd23-166b-438f-8df3-9287cd4752eb,db0cd1f8-c796-4e5b-8c2d-4b9a1f38edb0,1,el,0,Asia/Nicosia,,2025-11-17 16:41:20.312479+00:00,
59cea9b5-a6a2-45b0-b32e-cabdd6b21470,b034157d-0453-4fdd-8b73-4913bb3c4510,1,el,0,Asia/Nicosia,,2025-11-17 16:41:20.312479+00:00,
bc0b568e-b87f-4eb6-b213-6b079f594c09,76e28096-3b9f-412b-92a9-363446990c40,1,el,1,Asia/Nicosia,,2025-11-17 16:41:20.312479+00:00,
4925a2eb-f057-4db7-9287-47b4cb1eba19,b2edbeb4-0092-428b-9510-8a654bc6a2d4,0,el,0,Asia/Nicosia,,2025-11-17 16:41:20.312479+00:00,
acab246f-b9e5-4333-a747-4e4995526caf,028215bf-a351-4dff-946b-a5c8c2cfa420,0,el,0,Asia/Nicosia,,2025-11-17 16:41:20.312479+00:00,
7034397e-07df-45c2-b50b-18055a11af7d,d6c497cd-d5fa-4296-9465-e8585855700f,1,el,1,Asia/Nicosia,,2025-11-17 16:41:20.312479+00:00,
70cd910d-06db-4c22-a1bd-9fcea88411a7,78a70e0f-0400-44b0-8184-47a01fc714c8,0,el,0,Asia/Nicosia,,2025-11-17 16:41:20.312479+00:00,
41728950-0ce9-43db-a82f-578a7d49c5e2,6038ffb2-b403-4af3-92a1-6d3587fe5a98,0,el,1,Asia/Nicosia,,2025-11-17 16:41:20.312479+00:00,
11f519d8-bf31-4e79-b074-82f7bc907f36,5f6d900a-4c9d-4067-b351-63f698226eb7,0,el,1,Asia/Nicosia,,2025-11-17 16:41:20.312479+00:00,
91b9de52-1aa9-4448-bc37-d14b70d8ff91,2526a4e1-7016-4500-8299-a538c48fd78e,1,el,1,Asia/Nicosia,,2025-11-17 16:41:20.312479+00:00,
4ab2d36e-09e2-49c9-a106-cb280397bd11,81d47d4d-9cfd-4760-ac49-b9b9d77243be,0,el,0,Asia/Nicosia,,2025-11-17 16:41:20.312479+00:00,
adf1fdaa-7956-48a9-ae90-109ee0d9faa8,315e1dfb-f4f1-4417-afe9-ab6836ecda3e,1,el,0,Asia/Nicosia,,2025-11-17 16:41:20.312479+00:00,
4bb62307-6190-4958-9fa3-b2321f3c1eef,435f3cb1-5a62-440e-8ef4-c7eb99e11364,0,el,1,Asia/Nicosia,,2025-11-17 16:41:20.312479+00:00,
bb7bfd51-db9c-4543-b32f-4da0e86c9411,57c4d733-fdf3-42a2-9eee-59082ebcba9e,0,el,1,Asia/Nicosia,,2025-11-17 16:41:20.312479+00:00,
804ea1cf-4c10-43c6-b969-b181d073a4f4,1ea5e78f-bbea-46f2-b787-7a6b68ac036b,1,el,1,Asia/Nicosia,,2025-11-17 16:41:20.312479+00:00,
a7c7739e-b851-4634-bc9e-cc19be5b9235,bc670fb8-43ee-4357-ae7e-db14f67c797e,0,el,1,Asia/Nicosia,,2025-11-17 16:41:20.312479+00:00,
4be6b992-79eb-4dce-8d8e-82286c50b4ea,75da7a49-a375-42f4-a75c-291e13dc2ef1,0,el,1,Asia/Nicosia,,2025-11-17 16:41:20.312479+00:00,
68d41577-69ea-4afc-a6d8-6a19d292bece,dc5cdafc-ba31-4cce-950c-d0b429808eb0,1,el,0,Asia/Nicosia,,2025-11-17 16:41:20.312479+00:00,
8abd7c55-73a0-44c6-b356-180fc5536c2f,e9fff363-1cb9-4158-94db-90c07fa3e6f5,1,el,0,Asia/Nicosia,,2025-11-17 16:41:20.312479+00:00,
bad9229d-4dd5-4772-be85-bd1030e6491b,93fa64d6-ccde-44fc-ae36-beb1587ef582,1,el,0,Asia/Nicosia,,2025-11-17 16:41:20.312479+00:00,
92f1ec39-ea43-4d8f-aeb8-bcaaa128c9ab,4f7c649b-f556-46cc-a0b2-754f1a53e4f1,1,el,1,Asia/Nicosia,,2025-11-17 16:41:20.312479+00:00,
b19de05c-29cd-42a5-8b93-061e657bb586,a19eac90-d98e-47ec-b99a-eeb7d75ad322,1,el,1,Asia/Nicosia,,2025-11-17 16:41:20.312479+00:00,
b6e90c8f-a672-4eb0-8c85-be51a7641c3f,ffe640b8-37fd-432d-ab11-bcb9f3569239,1,el,0,Asia/Nicosia,,2025-11-17 16:41:20.312479+00:00,
1f4acc85-ec0a-4569-bfed-52284855436b,18e5ceb9-c659-4eac-b5cf-21a429b4e045,0,el,1,Asia/Nicosia,,2025-11-17 16:41:20.312479+00:00,
9091bb1d-8174-43ab-b7c5-7230664c06ce,55466903-33cb-4d32-9c80-38ae31e2ab6f,0,el,1,Asia/Nicosia,,2025-11-17 16:41:20.312479+00:00,
26fb43ea-dc17-4c80-94da-078c705fc730,4ea3b030-9693-4716-bc15-7ecd0fb4d88d,0,el,1,Asia/Nicosia,,2025-11-17 16:41:20.312479+00:00,
70b0c47f-55bf-42e2-b4a9-347be23ad43e,bf5291da-4cb3-4e37-a2ac-84ee0d83f062,1,el,0,Asia/Nicosia,,2025-11-17 16:41:20.312479+00:00,
3bfd3329-f77b-40e1-90c5-f25d9994f609,6a48f2a7-2354-4cbd-a512-15f7c9e02d34,0,el,0,Asia/Nicosia,,2025-11-17 16:41:20.312479+00:00,
bba76405-e2ff-4ce1-b8a3-4bd134342ca3,a58fdca9-c534-4195-8acf-407c2a8c64a2,0,el,1,Asia/Nicosia,,2025-11-17 16:41:20.312479+00:00,
a0020fa3-ef41-45e2-8f24-bbbdf43951aa,02805df3-fdea-4780-b05d-a8aae8dde231,0,el,1,Asia/Nicosia,,2025-11-17 16:41:20.312479+00:00,
518394a2-d83b-427c-ab74-6d9dd1be7b2f,30d88550-0ea9-4e5a-9972-4baf79b68aef,0,el,0,Asia/Nicosia,,2025-11-17 16:41:20.312479+00:00,
a2638ec3-5deb-48fa-ae63-5012e4056d3f,0db962ab-4abd-4893-97f8-570d3f4c734f,0,el,1,Asia/Nicosia,,2025-11-17 16:41:20.312479+00:00,
4e30d5b1-b510-406f-a617-0789f7fdab6c,60802251-5720-4f27-89df-14d3641a4dd7,1,el,1,Asia/Nicosia,,2025-11-17 16:41:20.312479+00:00,
ca1b5a62-d6fd-43ef-81f4-9261db6d917a,ef0ccb9f-7471-4e3e-b4a8-9338ad85dba5,1,el,0,Asia/Nicosia,,2025-11-17 16:41:20.312479+00:00,
88126d00-d57f-4faa-b14e-31882614e269,f4d2237e-4405-4eee-8e53-444495e6f3bf,0,el,1,Asia/Nicosia,,2025-11-17 16:41:20.312479+00:00,
9f14b6ca-9a8e-4df2-95f5-af3c72bf685e,441a9295-c72b-4519-a6f9-45ddd6ed9fdf,0,el,0,Asia/Nicosia,,2025-11-17 16:41:20.312479+00:00,
263b6009-71ac-4a49-8564-a7bfa276bcd4,dd12d5f9-2dfb-41de-b46b-f7c36d82fe60,1,el,0,Asia/Nicosia,,2025-11-17 16:41:20.312479+00:00,
1bc20f3d-31cd-4374-9595-e954fca927da,5c343e99-68b8-4b8b-acc3-8f467a758fdd,0,el,0,Asia/Nicosia,,2025-11-17 16:41:20.312479+00:00,
d3671771-2c43-442e-b207-e65a49c64425,b091b930-6edc-4adb-9022-4703c174d8a8,0,el,1,Asia/Nicosia,,2025-11-17 16:41:20.312479+00:00,
a18d42ce-6fce-4a11-90e4-032c06b4e0fd,84dd0c2e-a31e-411d-9939-023455f6ff7f,0,el,0,Asia/Nicosia,,2025-11-17 16:41:20.312479+00:00,
c5c60458-637f-4d42-93e5-cf3898a8e67c,7e90f9b1-d266-465c-9676-ffe0149ba5f4,0,el,0,Asia/Nicosia,,2025-11-17 16:41:20.312479+00:00,
164ff8aa-c18f-4196-b98f-e9097e1d6558,923b5edf-6352-436a-92b6-f29157f555b8,0,el,1,Asia/Nicosia,,2025-11-17 16:41:20.312479+00:00,
83759be8-7471-4176-ac0a-39e7db3fb17c,f056fbe3-4d63-4f2d-a1c8-f77cc95fb946,0,el,0,Asia/Nicosia,,2025-11-17 16:41:20.312479+00:00,
8419926c-6167-4562-983a-144b8f4f0335,3bad55c3-0dfb-4d46-88f5-8ee3a506951b,1,el,1,Asia/Nicosia,,2025-11-17 16:41:20.312479+00:00,
10a8c14d-fa2f-41a1-88ea-37c700531b0c,b75f7664-97e8-4d45-886d-0c19428d6c9a,0,el,1,Asia/Nicosia,,2025-11-17 16:41:20.312479+00:00,
82a15831-40dd-4a26-bc42-646d9b0a60a3,888c11df-e11f-4417-b461-81028001e35f,1,el,1,Asia/Nicosia,,2025-11-17 16:41:20.312479+00:00,
6eeeadcb-5096-46c7-bf28-33cc973fd5dd,14d34517-047b-435b-97fa-23837e341391,0,el,0,Asia/Nicosia,,2025-11-17 16:41:20.312479+00:00,
b31e8d39-ee6d-455e-86de-80de79bc87e4,1d535259-ce3f-488b-a7f2-8ad2ce3fd608,1,el,0,Asia/Nicosia,,2025-11-17 16:41:20.312479+00:00,
d07f2381-1c3c-48b6-bafd-436c4d99be2b,a1433a94-2cdf-4155-a819-b9aaacf093a4,1,el,1,Asia/Nicosia,,2025-11-17 16:41:20.312479+00:00,
7976df91-3211-4f9c-8294-2ee9d3d938fa,5c65eca3-7caa-43bb-867d-d20569b10201,1,el,0,Asia/Nicosia,,2025-11-17 16:41:20.312479+00:00,
a29b1291-82c1-4fda-9071-416756b1c956,a5cd14bd-74f5-4bc6-8e61-827a12691b46,1,el,0,Asia/Nicosia,,2025-11-17 16:41:20.312479+00:00,
09b83e81-dd78-4a0a-bb2a-82a9dbb05f02,fc247877-934e-4bbc-9fb5-a3cf28dbfdaa,0,el,0,Asia/Nicosia,,2025-11-17 16:41:20.312479+00:00,
5fb22003-3541-4b9f-bdbf-66518877eee6,439ff236-1121-46bc-8f51-407bdfc4a27d,0,el,1,Asia/Nicosia,,2025-11-17 16:41:20.312479+00:00,
ea6841a2-a8aa-4bc5-abfb-bb2bf0c5d041,06f049a4-59de-4ac8-8d9b-15038d16195d,1,el,1,Asia/Nicosia,,2025-11-17 16:41:20.312479+00:00,
44b68fd0-ebdc-4ed4-b2b0-ac500f22f5a6,c4766b5e-fde7-4bb2-8633-9726f2926ba8,0,el,0,Asia/Nicosia,,2025-11-17 16:41:20.312479+00:00,
a321bfa3-baf0-4439-8ecf-91cbfae82798,f8f3f46e-7bca-4238-9af0-e80c7503eb51,1,el,0,Asia/Nicosia,,2025-11-17 16:41:20.312479+00:00,
eb26ff45-9ee0-4d21-b560-eee3f56c638a,6eb15c95-2add-4ce7-a7ee-071e42a7236f,0,el,1,Asia/Nicosia,,2025-11-17 16:41:20.312479+00:00,
e8217422-9c8b-4e86-abe5-98ac4930e747,defc6962-feb0-4391-b446-00994ff29d8a,1,el,1,Asia/Nicosia,,2025-11-17 16:41:20.312479+00:00,
3ed7aa42-dc02-4871-8011-de3302b971b6,e54f4480-0efa-4f09-9d1d-7caeba2f295e,1,el,1,Asia/Nicosia,,2025-11-17 16:41:20.312479+00:00,
1c013645-5f86-4013-aff0-ce16ed988ae4,d22fabde-2bdb-4fdb-af5d-c048ce246746,0,el,0,Asia/Nicosia,,2025-11-17 16:41:20.312479+00:00,
2cd407f1-c33e-4838-82fe-a623e8748d16,8b8f8ec2-2ec0-42cd-8ca7-1d6d69618f88,0,el,1,Asia/Nicosia,,2025-11-17 16:41:20.312479+00:00,
ba23fbda-8363-4523-8f83-6e636ad8556b,7587697c-870d-4938-bf2b-937a58a9c155,1,el,1,Asia/Nicosia,,2025-11-17 16:41:20.312479+00:00,
4916209f-fe3e-40df-a24d-2cfdc934ef4a,6c8c7bf0-634a-41d6-94d4-ab7bf7aa037e,0,el,1,Asia/Nicosia,,2025-11-17 16:41:20.312479+00:00,
00c459cf-ee78-4c7c-9654-a7362a3523e5,6fac4f3a-c652-485f-89a8-830915084f12,0,el,1,Asia/Nicosia,,2025-11-17 16:41:20.312479+00:00,
e8f8dc7f-9c82-4e59-af7b-dde7fd4b131a,f0b28ab6-a50a-414a-98da-4b546cc4c3d0,0,el,1,Asia/Nicosia,,2025-11-17 16:41:20.312479+00:00,
aff7d62f-0d71-4097-a36f-fa82b5029bfe,2b5cb772-8d77-4929-af69-a0ce64626857,1,el,1,Asia/Nicosia,,2025-11-17 16:41:20.312479+00:00,
b3bad61e-ea52-424c-a52a-212e34921406,9393c78b-3f4a-402a-875d-8475b512578e,0,el,0,Asia/Nicosia,,2025-11-17 16:41:20.312479+00:00,
ab062d8c-52be-46e1-a0d0-7a8ef64338e4,50bb3e22-0952-4410-8e6d-92996256b85c,0,el,1,Asia/Nicosia,,2025-11-17 16:41:20.312479+00:00,
458a6a67-bd8f-44de-aee3-9f6f9e849060,25694998-43fd-4188-8237-6fe0dae9c9e8,1,el,0,Asia/Nicosia,,2025-11-17 16:41:20.312479+00:00,
d4e3d402-6ad6-44a9-a0fc-8389c1f0f9e3,90975ba5-4811-419b-b38f-b32fcd302fb0,1,el,1,Asia/Nicosia,,2025-11-17 16:41:20.312479+00:00,
a2473fa7-696e-413f-8d42-6f41020f2641,71c2c5ac-cb3a-4ec3-aa70-4ab3b3cd5145,0,el,0,Asia/Nicosia,,2025-11-17 16:41:20.312479+00:00,
6b397aed-a7ea-4aa6-aaab-4e4bff20530e,ab10399b-91ff-40fe-b586-bdac333b22f9,0,el,1,Asia/Nicosia,,2025-11-17 16:41:20.312479+00:00,
191fc908-7779-4daf-9b98-a1c39bd27423,7238af88-da2a-4a3e-bf81-459b4e63ab48,1,el,0,Asia/Nicosia,,2025-11-17 16:41:20.312479+00:00,
bab29f53-f8ff-4e90-9501-dfa3f082b823,eef701af-cd65-409d-882e-6ab36b2bc8a8,0,el,0,Asia/Nicosia,,2025-11-17 16:41:20.312479+00:00,
4c56c042-c419-42ae-8113-6d1a5dc10868,a93e7bbb-c5bd-4d2d-be08-d09fa7c06790,0,el,0,Asia/Nicosia,,2025-11-17 16:41:20.312479+00:00,
b6cefc17-24b6-4865-8927-fb35622a7ceb,526c1bb5-27d4-4182-8285-a1e41b65e452,0,el,1,Asia/Nicosia,,2025-11-17 16:41:20.312479+00:00,
b36fae8d-ec26-4c66-8913-92983d1c4deb,d194e20b-6446-4aaf-acbd-b4bad9ea46f8,0,el,0,Asia/Nicosia,,2025-11-17 16:41:20.312479+00:00,
dea9644f-c0e0-4348-8057-c3e4b3182583,53c80e99-4bf3-48b5-ade7-0825e311e612,0,el,0,Asia/Nicosia,,2025-11-17 16:41:20.312479+00:00,
651d6d8d-9e48-4dde-8260-fc4569a7e348,08f69d1f-a8d7-42b6-8414-bfa2c00ddfdf,1,el,1,Asia/Nicosia,,2025-11-17 16:41:20.312479+00:00,
5355540b-9788-48c5-86c2-a5648a1ae174,2dffaee0-05cd-4319-a40a-2115833bd2a4,0,el,0,Asia/Nicosia,,2025-11-17 16:41:20.312479+00:00,
c8a01f4d-97aa-4e39-9aa1-9d74bf1fa4da,d96f6d77-ed2b-4d95-acf0-4644c03cbff8,0,el,0,Asia/Nicosia,,2025-11-17 16:41:20.312479+00:00,
371078ea-9d2c-40c6-8d0d-1e956d97f7ba,26469417-f80a-4dec-9e71-0c0b402576a7,0,el,1,Asia/Nicosia,,2025-11-17 16:41:20.312479+00:00,
6b2fb14c-5985-4aed-b615-ef6c8227138e,84443f3e-0596-459e-9224-621d3331ded9,0,el,0,Asia/Nicosia,,2025-11-17 16:41:20.312479+00:00,
a5756f37-0332-48c7-bedc-c19559bfe7c1,7fb39cfe-7591-4b6c-a30f-374bca3e6bf5,0,el,1,Asia/Nicosia,,2025-11-17 16:41:20.312479+00:00,
b0a34da0-1921-41b2-9011-8b88286c12e8,a37a65e4-0179-4486-b0b4-87af195ad21b,1,el,1,Asia/Nicosia,,2025-11-17 16:41:20.312479+00:00,
edae5744-0596-469a-a3ec-9fbfad168116,2f97f41b-a6a9-48c6-99a4-96d85b636563,1,el,1,Asia/Nicosia,,2025-11-17 16:41:20.312479+00:00,
a55d6343-547a-4ffb-ae0d-ea64f0775208,5a96f3d6-597a-4d6d-8068-b527933af2e2,1,el,0,Asia/Nicosia,,2025-11-17 16:41:20.312479+00:00,
af73d8c5-e1d0-43c4-9310-deba5abb7082,becd8444-87b1-4975-b6c0-ff203e212af6,0,el,1,Asia/Nicosia,,2025-11-17 16:41:20.312479+00:00,
0c016444-11c8-4e00-85d4-40387bf72a31,0e1c31d1-8f3e-4561-9702-cf73dcd22a19,0,el,1,Asia/Nicosia,,2025-11-17 16:41:20.312479+00:00,
5106fc95-e1b6-468e-8e17-fee3aadad602,46d67e1f-5762-46ef-b3f0-3be7e1f577fe,0,el,1,Asia/Nicosia,,2025-11-17 16:41:20.312479+00:00,
f8bb7c99-f188-4d68-b525-bc4b9636294e,794866e7-3846-4a6b-931a-0badef7f598c,0,el,0,Asia/Nicosia,,2025-11-17 16:41:20.312479+00:00,
bdc3ac66-0e2d-42b9-bb24-be7eff91084f,3925ec5c-5910-4ad3-ba09-a135af988418,1,el,1,Asia/Nicosia,,2025-11-17 16:41:20.312479+00:00,
a106b052-db33-4459-af13-a9e4c1868f1a,04ded1ff-0d9f-4c49-b970-ebded5810f8a,0,el,1,Asia/Nicosia,,2025-11-17 16:41:20.312479+00:00,
8f2c3384-2522-4092-b864-4a30430c2b2c,32ee94a1-cef1-4320-8187-69821d765c25,0,el,1,Asia/Nicosia,,2025-11-17 16:41:20.312479+00:00,
2eadc6e0-8093-4f0a-b706-02c7c3b2b6d1,ddd1cb0c-7095-4874-b2c0-d2beb0a22a2d,1,el,1,Asia/Nicosia,,2025-11-17 16:41:20.312479+00:00,
e64858e0-512a-47ca-a048-bffe6f72f250,e2b35351-08d7-4fd7-8bdf-c7ff07e83b59,0,el,0,Asia/Nicosia,,2025-11-17 16:41:20.312479+00:00,
a576e54a-ab3a-446c-afe0-0a9ac29d8840,5218e222-9127-4b7a-8d36-489e805c6adf,1,el,0,Asia/Nicosia,,2025-11-17 16:41:20.312479+00:00,
089536a9-3358-459c-9167-1cbf79397a02,04a0a7e7-62eb-4ece-a083-d6b8188fe55a,0,el,1,Asia/Nicosia,,2025-11-17 16:41:20.312479+00:00,
2eecd8b0-f1f4-4b84-ae92-5c6f9622a10f,076c50eb-ac64-46ef-9faa-69513678ebbf,0,el,1,Asia/Nicosia,,2025-11-17 16:41:20.312479+00:00,
cbc3b591-a1e7-4285-b30a-002c1464620d,f9bffca1-069e-4ff2-8f78-135857ea7e7f,0,el,0,Asia/Nicosia,,2025-11-17 16:41:20.312479+00:00,
8ff83419-fc88-4582-afde-57bfc2bb5929,0b36c269-38e8-485c-b3a1-b382499197a6,0,el,1,Asia/Nicosia,,2025-11-17 16:41:20.312479+00:00,
25fb60ba-83aa-4435-926a-dd8f0e2cd03c,dae665f1-2ad0-4b2b-8bc9-903a98c79abc,0,el,0,Asia/Nicosia,,2025-11-17 16:41:20.312479+00:00,
25fa21eb-1295-4494-bc06-6ea6666f087b,3f01c8c2-e147-460d-b699-07f5e80eba37,1,el,1,Asia/Nicosia,,2025-11-17 16:41:20.312479+00:00,
a060c064-58d5-47c1-b742-8b9f50d15cdc,356509e6-84cb-4bba-9313-2519c4badf8f,1,el,1,Asia/Nicosia,,2025-11-17 16:41:20.312479+00:00,
344a5a12-3ea3-4e82-b4c7-39dd9e96094b,0961dc3d-e6a8-4dc9-b299-69191b779b01,1,el,1,Asia/Nicosia,,2025-11-17 16:41:20.312479+00:00,
548c2472-9a6f-43fb-a599-6b2f733aba92,b1024836-5c18-4f8e-a1f4-549a9e6e2dff,0,el,1,Asia/Nicosia,,2025-11-17 16:41:20.312479+00:00,
8586c4b9-a92d-4c56-92ae-c1186c7b2485,3c6c4a15-6de8-40dd-99f4-96107626b5fb,1,el,1,Asia/Nicosia,,2025-11-17 16:41:20.312479+00:00,
cbf7a096-ce1c-4d63-8473-4a569b1ddbd1,70c634e6-e649-404c-86f4-bd709612385d,1,el,0,Asia/Nicosia,,2025-11-17 16:41:20.312479+00:00,
25729ca1-7c12-489e-b4ff-2a2978455512,0ba1ea41-7e29-409f-b07d-bd3cdc4c785c,1,el,1,Asia/Nicosia,,2025-11-17 16:41:20.312479+00:00,
22f9fa5f-dd18-471d-9555-10af4fe06263,d1dc7299-e933-4422-8e4f-fc7a7b80245e,1,el,1,Asia/Nicosia,,2025-11-17 16:41:20.312479+00:00,
cc35a07e-8e11-4d31-ba9b-b23613403b86,12c0a863-3f1d-4ab1-92a3-f0cba94613ab,0,el,1,Asia/Nicosia,,2025-11-17 16:41:20.312479+00:00,
4aa68678-6214-41a5-baad-3148146ac7dc,db519c83-fda0-4a2b-8687-32f808618dd4,1,el,0,Asia/Nicosia,,2025-11-17 16:41:20.312479+00:00,
0e45a45f-9de3-4c39-9ee5-878d0b0dd9e4,3e141773-0245-4799-bc67-980bb89517a4,0,el,0,Asia/Nicosia,,2025-11-17 16:41:20.312479+00:00,
4b4752de-3905-43aa-9cc5-0af46b38800b,8709184b-3814-49a7-9552-7bf002f37669,0,el,0,Asia/Nicosia,,2025-11-17 16:41:20.312479+00:00,
04ae2c07-79f3-41a6-82bb-68a200a8fd25,c30bf1c5-e6d7-4cf3-b0f3-3c62ea343e37,0,el,0,Asia/Nicosia,,2025-11-17 16:41:20.312479+00:00,
62077a7b-fa52-4cfb-9413-3a8190861303,334e37b7-9654-4683-acba-254aec4220e8,0,el,1,Asia/Nicosia,,2025-11-17 16:41:20.312479+00:00,
ec64798d-a511-4a89-b3b9-eb2d1e954263,ac0f46a0-c3aa-4c07-a6f6-e09b86c4198d,1,el,0,Asia/Nicosia,,2025-11-17 16:41:20.312479+00:00,
4ac1ab7f-5e66-4ef5-9b77-7ac71cdc4ca7,feb7d1f5-fd82-4376-a2fc-2be5742a2ba0,0,el,1,Asia/Nicosia,,2025-11-17 16:41:20.312479+00:00,
66a31f7d-21ba-4aa2-9d98-97f0be070c8d,75205be7-68e5-426d-97bd-fba470d260af,1,el,0,Asia/Nicosia,,2025-11-17 16:41:20.312479+00:00,
51526bf9-835e-431f-ace2-aad360cd8b73,50bbe771-fa7d-43a5-a1ae-cfea23b1a1ed,0,el,0,Asia/Nicosia,,2025-11-17 16:41:20.312479+00:00,
8772ad72-e481-48c4-b377-6829a1510dce,0253a5d7-18a4-414e-b105-c38a6c7693f4,1,el,0,Asia/Nicosia,,2025-11-17 16:41:20.312479+00:00,
7faffb79-dd86-44fd-90bb-120d28394f3e,06a3ef6d-000d-4603-8a89-e35c87b09d49,0,el,1,Asia/Nicosia,,2025-11-17 16:41:20.312479+00:00,
bc490ae9-3195-4637-88e8-6cb04c8a649d,8f61f47f-bc1b-4a1a-8988-8e33accf1c72,0,el,1,Asia/Nicosia,,2025-11-17 16:41:20.312479+00:00,
41ad2ffb-a912-49d4-ab4f-416f3fa59bca,625f67d9-31e0-4fac-afa7-4e2ec0b39993,1,el,1,Asia/Nicosia,,2025-11-17 16:41:20.312479+00:00,
fc2e9519-e956-47ea-92c5-ea32a0a57c18,734a8ad1-7b12-40e8-80ae-7dfeb43ec7e7,0,el,0,Asia/Nicosia,,2025-11-17 16:41:20.312479+00:00,
4a2b6694-c7f4-4425-9cba-56126e4c9196,ef0dec46-de05-4c22-a3f0-4dadb5d86126,0,el,0,Asia/Nicosia,,2025-11-17 16:41:20.312479+00:00,
4c60e72b-55bb-4dce-ba8b-f1c9eca980e0,dd975d2f-705c-4f40-8db8-b158023f85ae,0,el,0,Asia/Nicosia,,2025-11-17 16:41:20.312479+00:00,
9c3be0d1-15e0-4c98-84e5-e75447409072,37eb757b-8400-4a84-a6e3-e5401917f2ac,1,el,1,Asia/Nicosia,,2025-11-17 16:41:20.312479+00:00,
ec25aa28-3b2c-4bde-afc3-28b28b64a61f,d40345ad-d246-4c7c-8781-324767783377,0,el,1,Asia/Nicosia,,2025-11-17 16:41:20.312479+00:00,
fd0df303-fab7-4d72-aabd-56b9e7288513,5e91d779-0ec2-43a2-985f-39dc391c0e21,0,el,0,Asia/Nicosia,,2025-11-17 16:41:20.312479+00:00,
0a84f4ad-79b3-4dde-996b-84417c6abcbb,416e14f5-b042-4e8e-b31b-04c490c8be59,1,el,0,Asia/Nicosia,,2025-11-17 16:41:20.312479+00:00,
68adef77-0035-465f-86a1-fb2bba1e8204,a381f52d-b705-4094-8e78-e8b47df314e2,1,el,1,Asia/Nicosia,,2025-11-17 16:41:20.312479+00:00,
71771b7c-c4df-44c2-a572-7a0c33d1a955,0aaf1266-3fa4-4b77-9ca3-5dc0004ff3c5,0,el,1,Asia/Nicosia,,2025-11-17 16:41:20.312479+00:00,
a8cf57a3-5501-4cfe-8728-ab0888501913,c0305e22-68d1-483a-a5c0-ca510b0e4148,1,el,1,Asia/Nicosia,,2025-11-17 16:41:20.312479+00:00,
2ad8264e-337c-4376-a7fd-7b51c410bd31,f61ea442-9c88-4dd9-acc6-ac6c85aa01cf,1,el,0,Asia/Nicosia,,2025-11-17 16:41:20.312479+00:00,
e67e9fd8-8383-415b-b348-89a2339c7cf8,74e2a59d-db04-48c2-9d70-b198127300cf,1,el,1,Asia/Nicosia,,2025-11-17 16:41:20.312479+00:00,
a53689aa-b9c1-46d5-a638-7bdb1ab6a6c7,4742fec9-9bbb-4442-9707-44d1c36cb709,1,el,1,Asia/Nicosia,,2025-11-17 16:41:20.312479+00:00,
d4331ced-ba91-4258-a6dd-394f4eea619d,25a87ce5-4b4b-4364-9a3e-b60754e88471,1,el,1,Asia/Nicosia,,2025-11-17 16:41:20.312479+00:00,
dc712ae4-754c-4213-ad14-837f2d3681cf,1280f83c-dc20-48ce-a1dd-b30e161a97f7,1,el,1,Asia/Nicosia,,2025-11-17 16:41:20.312479+00:00,
8c3230fa-a631-4914-ba61-acc2d21efbe4,e9e89b4f-e963-4bff-aef7-c9e7e24d6ef3,1,el,1,Asia/Nicosia,,2025-11-17 16:41:20.312479+00:00,
1446b069-2c21-4cf8-a57e-907f307e0ec4,270b8833-ea78-473b-a219-e0a04162ff45,0,el,1,Asia/Nicosia,,2025-11-17 16:41:20.312479+00:00,
aed979a4-4557-491c-b3d4-d76cfdacea6d,7b574ba6-6424-4e70-862f-992e0ef01538,1,el,1,Asia/Nicosia,,2025-11-17 16:41:20.312479+00:00,
167761f6-8a25-4069-b6ca-4176790f2783,7e45d1bd-5b36-4d92-9f79-df1b229c279b,0,el,1,Asia/Nicosia,,2025-11-17 16:41:20.312479+00:00,
6190dd56-da52-4af9-97e3-bd8c4adc6704,c86ef4e2-0d27-4fdd-b81d-b79edd05f33c,1,el,0,Asia/Nicosia,,2025-11-17 16:41:20.312479+00:00,
b03edaab-e508-4864-8b0d-6801d40bb92c,1fbc8b07-0ea4-481b-9ca9-9f39def5b98a,0,el,1,Asia/Nicosia,,2025-11-17 16:41:20.312479+00:00,
026efed8-5efe-4c48-8919-0af65c693616,fd01d14e-f1d0-49a7-b23d-f570209d75d0,0,el,0,Asia/Nicosia,,2025-11-17 16:41:20.312479+00:00,
25396b42-2e22-4962-91cc-22b2e18cb695,8b29f4a5-237f-4498-a79a-2f1d9c2a8695,0,el,0,Asia/Nicosia,,2025-11-17 16:41:20.312479+00:00,
99f443fb-b08d-492e-ac5f-f78217efc9af,b526ca5c-ac2b-4757-8f95-fe835543ad33,0,el,0,Asia/Nicosia,,2025-11-17 16:41:20.312479+00:00,
a2129269-baee-45e2-977a-671bc717c4cf,4909adb6-2bdd-4f49-93a2-6dd345c67418,1,el,0,Asia/Nicosia,,2025-11-17 16:41:20.312479+00:00,
2975c641-86b2-4d2a-95ae-9f29d193b817,9a183bfe-96c3-4fef-a6d9-d97d088c7151,1,el,0,Asia/Nicosia,,2025-11-17 16:41:20.312479+00:00,
1d316976-140e-46c0-ae26-c5de884118e9,5b3c75dd-595c-430b-90a9-d4717bba47bc,1,el,0,Asia/Nicosia,,2025-11-17 16:41:20.312479+00:00,
74b48bae-2a8e-438c-97f4-9f295f9fd6a2,e72e0f4b-c559-4f1e-918c-804a465e7324,0,el,0,Asia/Nicosia,,2025-11-17 16:41:20.312479+00:00,
17d77430-8dc4-4164-9a54-1cb9485856ea,6b90ec60-afb8-4a6d-bbf0-bebe8f866128,1,el,1,Asia/Nicosia,,2025-11-17 16:41:20.312479+00:00,
e56fcd67-39e0-480d-bfc1-58834faec645,53d939ba-dca0-4c8e-a411-d09f9c3a5aca,0,el,0,Asia/Nicosia,,2025-11-17 16:41:20.312479+00:00,
e5ad85a9-aeee-4c03-a1cb-4b5f1f5a043c,d11509f9-8a7c-48d4-ac2f-d88444916e72,1,el,1,Asia/Nicosia,,2025-11-17 16:41:20.312479+00:00,
a46a541e-29f9-4539-babf-1e06d4840355,20b614f1-9204-4fe0-9b5a-af5143d5dbd8,0,el,1,Asia/Nicosia,,2025-11-17 16:41:20.312479+00:00,
50beff0f-7c76-4993-8049-d0fcc5e67069,9d1889af-ab74-403a-bc0f-bdf8fbdaad95,0,el,0,Asia/Nicosia,,2025-11-17 16:41:20.312479+00:00,
ef49d50d-e49c-4e9a-a271-272be55f7a3c,828da548-58fb-4254-a9fc-75950aed3479,0,el,1,Asia/Nicosia,,2025-11-17 16:41:20.312479+00:00,
0a8c3644-6c3f-4fa9-b116-999b42f2fe1b,73740eae-83a9-43b7-85ab-8a94a266477a,1,el,1,Asia/Nicosia,,2025-11-17 16:41:20.312479+00:00,
2d3a5e1c-2b86-4406-8395-84781b8b2691,62e36a51-47e0-4070-a4cf-cd1e4de36332,1,el,0,Asia/Nicosia,,2025-11-17 16:41:20.312479+00:00,
4ce0b3cf-04f9-41d1-b197-2847a9bf26fb,aa63be5c-6829-49f6-a510-65f6ca0aa64f,1,el,0,Asia/Nicosia,,2025-11-17 16:41:20.312479+00:00,
2fef5667-1bf7-4a5c-8ef9-2726de3ee421,d8bcd2b7-66d8-4970-be2e-b23cb1bc8763,0,el,0,Asia/Nicosia,,2025-11-17 16:41:20.312479+00:00,
bf5bf9e9-b268-4d2d-bc3a-998a3a6b1ef1,80c1050e-abf5-4e60-b52c-cb77ce66cb3c,1,el,1,Asia/Nicosia,,2025-11-17 16:41:20.312479+00:00,
e52b6721-1559-4c4f-85ba-d96f09d69a40,7020d4fc-65c4-434a-8569-4546dcdbde49,0,el,0,Asia/Nicosia,,2025-11-17 16:41:20.312479+00:00,
1fbdd1b1-b4d3-4143-858e-6e6b206152f5,f72f00cf-499c-4052-9fd1-a01dd8a2219b,1,el,1,Asia/Nicosia,,2025-11-17 16:41:20.312479+00:00,
56f1f6ff-451b-4a5b-9678-256d069c791d,159fb017-9b12-4800-bc8e-3360505f7510,1,el,1,Asia/Nicosia,,2025-11-17 16:41:20.312479+00:00,
51e77b8c-5d19-4c3a-be61-a57954a9ecaa,357a6155-0957-4cad-9da7-d1f8389a5cfa,0,el,0,Asia/Nicosia,,2025-11-17 16:41:20.312479+00:00,
9aa0b612-dec2-4aa6-baad-8afedb1494bc,38ed386a-538d-4b3a-a99c-4f9cef7381e1,1,el,0,Asia/Nicosia,,2025-11-17 16:41:20.312479+00:00,
372c8ebf-1239-4c73-b918-d43b9f799ec9,4650fce9-0053-43a4-8efc-1d4b518da3bb,1,el,0,Asia/Nicosia,,2025-11-17 16:41:20.312479+00:00,
9622b81c-4a58-471e-9402-1ac225e3e044,3026df35-be6e-4fe6-b1bf-02d8e69f57a5,1,el,0,Asia/Nicosia,,2025-11-17 16:41:20.312479+00:00,
ad3193da-3672-4986-a455-dd19296a3c78,b117198e-0a0b-49bb-83c6-beb88f48b720,1,el,1,Asia/Nicosia,,2025-11-17 16:41:20.312479+00:00,
98a9d56a-0c3d-4198-b46f-2d7c7cbdf076,f728479f-1b17-4db5-a123-8dccb5d557ca,0,el,1,Asia/Nicosia,,2025-11-17 16:41:20.312479+00:00,
d41e8c3a-f473-4696-bc49-43d60810412d,a94174c8-1069-446c-85c4-9fe26e5d9c5c,0,el,0,Asia/Nicosia,,2025-11-17 16:41:20.312479+00:00,
8225fb42-d49e-4bd8-b759-9557e9f80682,10961c5c-0c89-4b8e-be41-e1b459acf6b5,1,el,0,Asia/Nicosia,,2025-11-17 16:41:20.312479+00:00,
d983a00d-e35b-4eb7-9361-64879d3837cc,ad11d5be-43e7-4d5b-889e-d92f0e824353,1,el,0,Asia/Nicosia,,2025-11-17 16:41:20.312479+00:00,
60e9cbbe-1741-44b6-a7ee-909149d95f7f,540177fb-1eaf-4b53-999a-572608b040fd,0,el,0,Asia/Nicosia,,2025-11-17 16:41:20.312479+00:00,
d9baaf7d-de3b-4ead-93e5-1f5e7f6d50d5,edab4d6e-c3de-4b95-9734-dac36ad2a943,1,el,0,Asia/Nicosia,,2025-11-17 16:41:20.312479+00:00,
ceb95898-9d30-4a40-8163-bffcd59e441e,c75f863c-a3e4-4f3d-bb47-355820dcc047,1,el,1,Asia/Nicosia,,2025-11-17 16:41:20.312479+00:00,
137c90ce-2024-4ccd-9dae-32c7d0fa1dea,1f426d64-1be0-48e5-addf-14f5fa29c2b8,1,el,0,Asia/Nicosia,,2025-11-17 16:41:20.312479+00:00,
b746a539-695a-4925-8fe2-b69df3cc2b33,396950f5-b23a-41a4-9af8-1b3c31c01d7c,1,el,1,Asia/Nicosia,,2025-11-17 16:41:20.312479+00:00,
c5095364-75c4-44ff-813a-6836050af8e7,438f56bb-73a2-466b-8306-28c0db45ff40,1,el,1,Asia/Nicosia,,2025-11-17 16:41:20.312479+00:00,
db84b4c6-5eb3-47bd-80d6-9d8fa30ea8e1,62bb0ad5-c126-4a89-a0b1-f946ae577353,0,el,0,Asia/Nicosia,,2025-11-17 16:41:20.312479+00:00,
13b223a2-2235-4d2c-b819-066cee1cdbb0,5abb431a-c97b-47d7-a660-590a3e3005c4,1,el,0,Asia/Nicosia,,2025-11-17 16:41:20.312479+00:00,
c8f284d0-1244-4a5a-96ba-a5b00f02dbc7,b6ae944d-b0e0-433d-9548-cf4a3e181466,0,el,1,Asia/Nicosia,,2025-11-17 16:41:20.312479+00:00,
0884e253-3f23-4ff2-8af2-09be395752ac,15f9bc5b-3282-43cc-8310-02ae8b3a3bfc,1,el,0,Asia/Nicosia,,2025-11-17 16:41:20.312479+00:00,
859abea4-f814-483d-9c29-0fb7fe2ca0be,b264d268-9cdd-4a4f-a201-68bfc812490e,0,el,0,Asia/Nicosia,,2025-11-17 16:41:20.312479+00:00,
a960bfcd-1c81-4186-a861-757b42199165,387b876d-653a-4314-8a82-08606d8cdb8f,0,el,1,Asia/Nicosia,,2025-11-17 16:41:20.312479+00:00,
155e35d9-fd80-4c45-8e66-2578ea28cc84,7ac5e6c5-3f10-48c0-96ad-ee268f51c7f6,1,el,0,Asia/Nicosia,,2025-11-17 16:41:20.312479+00:00,
943dd634-0e56-459d-b20d-b6dce979bbc4,7f72d858-4447-45e0-9175-fc4081ff3563,0,el,0,Asia/Nicosia,,2025-11-17 16:41:20.312479+00:00,
dbf2871e-630f-4b81-b3ea-1dcc86d1357d,26b0b957-8e59-43b4-8d33-ad76ee6a3957,1,el,0,Asia/Nicosia,,2025-11-17 16:41:20.312479+00:00,
ab58875e-cd3f-4d50-8e79-7f84100cb50e,31ece9e2-2ff7-4ec2-818a-dcbc1f72fa20,1,el,0,Asia/Nicosia,,2025-11-17 16:41:20.312479+00:00,
a694bf65-aa45-4468-9cbc-845cde46ea00,691fe55c-421b-4346-b640-6a13bcb53d40,1,el,0,Asia/Nicosia,,2025-11-17 16:41:20.312479+00:00,
16582dbe-5a3d-4610-ab8d-32aef9a27cce,4eea5751-1dee-43be-86f5-f0ba93baa88b,1,el,1,Asia/Nicosia,,2025-11-17 16:41:20.312479+00:00,
3430b756-b799-41c5-8132-2bdf12e7d998,9d289a17-7a90-4f86-a37f-e24b45987cac,1,el,1,Asia/Nicosia,,2025-11-17 16:41:20.312479+00:00,
0593cb2a-8692-4c5b-af70-e39934943832,d4943ac7-baa7-4103-aa41-452ccfd6ece0,1,el,1,Asia/Nicosia,,2025-11-17 16:41:20.312479+00:00,
c2051003-6456-4fe8-b63a-91bc72a083ce,e18eb043-6fcb-49c8-8379-28ceb2e95360,0,el,0,Asia/Nicosia,,2025-11-17 16:41:20.312479+00:00,
c68777b9-f302-41a3-a5f5-f7d67c826ec8,ea08d650-1462-4a25-a908-42ddeea2dbc8,1,el,0,Asia/Nicosia,,2025-11-17 16:41:20.312479+00:00,
d09ca6b9-5b27-4616-8073-326dac6c786c,23a42a58-2203-402e-b35e-bb48d968a79b,1,el,1,Asia/Nicosia,,2025-11-17 16:41:20.312479+00:00,
81879743-2132-4670-a519-23e5a6219b18,3fc94e2b-6279-402a-9eae-50baeeaee9ef,1,el,1,Asia/Nicosia,,2025-11-17 16:41:20.312479+00:00,
e35de57b-d7ea-42ee-aa33-60042df1c402,c2354ccf-5915-4b54-9deb-0153ffc490cd,0,el,0,Asia/Nicosia,,2025-11-17 16:41:20.312479+00:00,
8618c7e0-fc5d-488f-8d0d-acef5cac7b6e,bfe1a613-c4d1-401e-8d74-708e951254d4,1,el,0,Asia/Nicosia,,2025-11-17 16:41:20.312479+00:00,
f9ebabef-bab4-457a-8cb2-963633a4cf00,d89bc928-d1fe-4d0e-9c43-a0b79cd59fa8,0,el,0,Asia/Nicosia,,2025-11-17 16:41:20.312479+00:00,
cdd436dc-9ed6-4560-982e-55bed953da14,01aa61ec-ef0c-47cc-9627-0dd74a81a807,0,el,1,Asia/Nicosia,,2025-11-17 16:41:20.312479+00:00,
c0e19ef5-e6c1-43cd-8e96-793d1874ba02,fc9bff32-f678-4950-a70f-f70e2dde80d4,0,el,0,Asia/Nicosia,,2025-11-17 16:41:20.312479+00:00,
30c749ee-38ad-4ac2-8e37-a389d9a1538c,1ad0bf81-a189-4dd9-ba58-f0e826e439eb,1,el,1,Asia/Nicosia,,2025-11-17 16:41:20.312479+00:00,
1047ef96-4e2b-4c10-acc4-8b753954db85,0daf5d02-4f8a-4b52-9f74-1f9fda2d3cbe,1,el,0,Asia/Nicosia,,2025-11-17 16:41:20.312479+00:00,
63ec15c2-e51e-411b-bb69-572f77bec552,8f1f8f3c-ea87-485d-a4f9-947d55031bcb,0,el,0,Asia/Nicosia,,2025-11-17 16:41:20.312479+00:00,
fd144ab2-52b9-475e-8a24-d5ffbdea1f2a,4f790439-8148-496d-a5a1-ee7f99eadc9d,0,el,0,Asia/Nicosia,,2025-11-17 16:41:20.312479+00:00,
2d46f0ed-0068-4c84-9288-a397c1e1cd35,2ea9b1b4-0eee-416b-a679-f0fd0feaf64c,1,el,1,Asia/Nicosia,,2025-11-17 16:41:20.312479+00:00,
a2e95dc7-c47b-4822-9198-615c5862e16b,99f5f073-79f2-4cef-a66b-6b5c3573c3fd,0,el,1,Asia/Nicosia,,2025-11-17 16:41:20.312479+00:00,
1d57352c-8c1e-4288-a4cf-ee7f4fd5d3c4,4c811cda-ef6b-4002-8ca9-685452acc647,0,el,1,Asia/Nicosia,,2025-11-17 16:41:20.312479+00:00,
72688991-3f32-4c0e-840d-e17a961fb391,60fdb47d-da89-43ec-8fc3-6b0c4bb5bddb,1,el,0,Asia/Nicosia,,2025-11-17 16:41:20.312479+00:00,
d8c30a6b-02c3-442a-8bc6-c3a2744b4125,b321d279-7011-4475-811b-0304820a578e,1,el,0,Asia/Nicosia,,2025-11-17 16:41:20.312479+00:00,
9431ef8e-3113-4474-a142-d2b713d4e359,e67f51e8-392d-4be0-9b13-5b19e146c24a,0,el,1,Asia/Nicosia,,2025-11-17 16:41:20.312479+00:00,
ecad8859-7092-40ad-ab38-a04b2040e840,f6098b3e-8b17-4098-8fad-11f33aaa563c,1,el,1,Asia/Nicosia,,2025-11-17 16:41:20.312479+00:00,
96356a9e-cbcd-423c-95f1-59cdf34daec4,751bb438-d1cc-49fc-b8e8-f1c1fc874d14,0,el,0,Asia/Nicosia,,2025-11-17 16:41:20.312479+00:00,
a05fba15-4f2d-4407-9e5a-7a336ca55626,a470eedf-670e-495f-be4a-8840e29e0d91,0,el,0,Asia/Nicosia,,2025-11-17 16:41:20.312479+00:00,
494eb552-8b3f-4b07-aa64-2435a537e51c,59533beb-2c2a-474b-9fd4-a3bb80d6fef6,1,el,0,Asia/Nicosia,,2025-11-17 16:41:20.312479+00:00,
38e2ca33-10ff-4a37-a09c-f6fdd0b558aa,e87a5cc5-d451-4d13-8bb2-6062075830c0,1,el,1,Asia/Nicosia,,2025-11-17 16:41:20.312479+00:00,
0025b12c-c719-4c18-bced-2f07697b128e,c72fe313-8888-4d1f-9cea-11a0909c9df2,1,el,0,Asia/Nicosia,,2025-11-17 16:41:20.312479+00:00,
1f59fe3f-c2cd-42cb-a33a-8e335142be6d,313da689-b771-4b2e-ab9d-1bad6d73b054,0,el,0,Asia/Nicosia,,2025-11-17 16:41:20.312479+00:00,
2fc04597-215e-412a-8c4c-8bc0fb8a7e40,b1bacec7-ef63-4791-9bed-7371ef718865,1,el,0,Asia/Nicosia,,2025-11-17 16:41:20.312479+00:00,
7cfc261f-8d6f-42ee-8b3d-c45ff812d374,3ac103b6-9d46-4d37-92d3-bbc59ef5f088,0,el,0,Asia/Nicosia,,2025-11-17 16:41:20.312479+00:00,
1d98f2aa-0329-4e9c-b2ef-05a87af8d8d8,da841d05-1886-4b4b-8b73-ec425d760f9b,0,el,1,Asia/Nicosia,,2025-11-17 16:41:20.312479+00:00,
37c0f942-f890-448c-b7ef-b5fb7b5db5ab,926e308a-59f1-40f1-849e-bf73da2338b6,0,el,1,Asia/Nicosia,,2025-11-17 16:41:20.312479+00:00,
89b09e3e-d465-4409-9cb7-7dad808830bc,bd819b70-c363-4fce-94bc-0d6bc5d5d86f,1,el,1,Asia/Nicosia,,2025-11-17 16:41:20.312479+00:00,
779af825-b2b8-4d5a-a3db-e2c9b6e5ff79,bc87b731-5db4-4afb-b4e4-81e2a01c0deb,0,el,1,Asia/Nicosia,,2025-11-17 16:41:20.312479+00:00,
378388e4-8176-478d-a609-9c5d8c0e7735,ba90708c-94f0-4090-a448-2511a8703582,0,el,1,Asia/Nicosia,,2025-11-17 16:41:20.312479+00:00,
17fe8f06-9ae2-43d9-be6e-0c981c721842,643ef4ec-96a5-466a-93a1-7f3ab581e962,0,el,0,Asia/Nicosia,,2025-11-17 16:41:20.312479+00:00,
d57a4158-b7d7-4b78-98c4-eeb9cc155f08,2fb47f97-5bad-4a19-8145-4fb995f22a4e,0,el,1,Asia/Nicosia,,2025-11-17 16:41:20.312479+00:00,
04188879-6de2-4bc2-9e73-2129c422933c,8c6dcaa0-9c09-49b7-b613-c89618597e1b,0,el,1,Asia/Nicosia,,2025-11-17 16:41:20.312479+00:00,
fed5c78f-f7ff-4fcb-b060-8c76bb2348f5,34c170d6-87ae-435f-87a3-754b10b62810,0,el,0,Asia/Nicosia,,2025-11-17 16:41:20.312479+00:00,
767d6f8b-7e96-42e6-a091-3aef7c1054f5,bb57c626-7d85-420d-be29-e39030ca6d79,1,el,1,Asia/Nicosia,,2025-11-17 16:41:20.312479+00:00,
d01709ac-8138-4092-a77f-a88042be210c,9a1ae5bc-60e1-453e-bf09-35bf21326777,1,el,0,Asia/Nicosia,,2025-11-17 16:41:20.312479+00:00,
8d142cde-4be4-4ba6-9d21-70e1ec0ab9e8,4666f507-3dea-41eb-bd42-5aaee591194e,1,el,1,Asia/Nicosia,,2025-11-17 16:41:20.312479+00:00,
c437360c-6b6a-4d25-8f7e-98e7aab75818,59ee5f53-daf5-4756-9929-c0f31bbffe99,0,el,0,Asia/Nicosia,,2025-11-17 16:41:20.312479+00:00,
50e8c00b-42eb-44e5-a461-9ecbdf626825,2dce2b2c-2d9b-4e40-9bd0-15914dad7291,0,el,0,Asia/Nicosia,,2025-11-17 16:41:20.312479+00:00,
8970433d-cf18-4c9f-9538-2312dc58d8b7,73bcd712-18b7-4f80-85a7-3c49cb9599a1,0,el,0,Asia/Nicosia,,2025-11-17 16:41:20.312479+00:00,
86cb08db-3994-4c02-9ace-6d6ba78614a6,15633b18-2b4a-40c8-8e71-18902b639459,0,el,1,Asia/Nicosia,,2025-11-17 16:41:20.312479+00:00,
aae9ec2e-09bc-4607-9a9a-5f94cb844231,214c6f66-0588-491d-82eb-08cf6159e237,0,el,1,Asia/Nicosia,,2025-11-17 16:41:20.312479+00:00,
79ea7b68-2c16-4888-ba96-b4a54665aa01,2a8ebfce-cdcb-473f-b3ef-f2c2efd2c808,1,el,1,Asia/Nicosia,,2025-11-17 16:41:20.312479+00:00,
ce79d5ae-5ce1-449d-8148-b69722298101,5ad05e4a-08de-4502-af28-1ce235e80b07,1,el,0,Asia/Nicosia,,2025-11-17 16:41:20.312479+00:00,
c39d6494-e8bb-409d-8f2c-b1af162973bb,fa9a990a-3557-4991-84cc-5e611c63745c,0,el,0,Asia/Nicosia,,2025-11-17 16:41:20.312479+00:00,
3bcc128f-fea7-469a-9ed8-a1d0d75f7318,064d3d22-cb92-4d42-8ef9-6a3f1bacee5b,0,el,1,Asia/Nicosia,,2025-11-17 16:41:20.312479+00:00,
22c4265c-575c-4042-ab62-e69b3caf5aa4,c3b939f6-e8cd-4be0-9a0d-bfb3bd78745a,0,el,1,Asia/Nicosia,,2025-11-17 16:41:20.312479+00:00,
d95f02ba-437e-4359-b7ac-a449f4c7058a,8540fe31-530e-4da5-8bc0-5955d450e5b8,1,el,1,Asia/Nicosia,,2025-11-17 16:41:20.312479+00:00,
73d26147-a000-4804-a655-8b5c6f2ccdcf,bca3fc28-9c1a-426d-b885-4b1d4f906668,0,el,1,Asia/Nicosia,,2025-11-17 16:41:20.312479+00:00,
c668f56b-5e97-4787-abe5-787342c836f9,656da37a-6d47-4f4f-ab01-9960c7fe5757,0,el,0,Asia/Nicosia,,2025-11-17 16:41:20.312479+00:00,
709de419-2a1c-4212-b267-72136710db5f,bd2b9c70-e2ba-4a4c-8a1f-17d7627025f7,0,el,1,Asia/Nicosia,,2025-11-17 16:41:20.312479+00:00,
4ca63783-f3a1-4a74-a0df-229047248dfb,a61c1c01-8f9c-470d-86e4-56dda898e8f8,0,el,1,Asia/Nicosia,,2025-11-17 16:41:20.312479+00:00,
b6ca48f4-8ae8-47e7-b216-07e16eb8bce1,1e61d6b8-d77f-4a52-a352-d5a29d842f40,0,el,1,Asia/Nicosia,,2025-11-17 16:41:20.312479+00:00,
b15646db-58aa-42b1-9bc0-d296bed81cc0,4ac43832-65bb-4b5c-b254-3e0f10746fc7,0,el,1,Asia/Nicosia,,2025-11-17 16:41:20.312479+00:00,
5b54d5e3-1a07-4075-bcb8-d4572de48690,bf466fd7-3632-48ef-80ea-019000b5159a,0,el,0,Asia/Nicosia,,2025-11-17 16:41:20.312479+00:00,
7327a528-1676-4244-9628-c7bfdd786da3,6aa0ea42-3276-4300-b1f5-0998fead4f07,0,el,1,Asia/Nicosia,,2025-11-17 16:41:20.312479+00:00,
797e3945-7ecc-4eea-93d1-bb63e0deacab,e2aac641-040e-46a4-af71-96880b354aa0,1,el,0,Asia/Nicosia,,2025-11-17 16:41:20.312479+00:00,
c07ae6cd-459e-49e4-9e98-12c44c908999,cc8a1c6f-7162-40bf-b0aa-7a92f12ce616,1,el,1,Asia/Nicosia,,2025-11-17 16:41:20.312479+00:00,
77b574c6-85f2-4256-93c1-2369d36aabd8,c87b0ff9-7446-4f86-81d7-78a60a4e555b,0,el,1,Asia/Nicosia,,2025-11-17 16:41:20.312479+00:00,
38ba3d45-efa0-4edc-b7c7-06b09c1ef88d,ba5626da-9271-4833-bccd-a078ffd374d9,0,el,1,Asia/Nicosia,,2025-11-17 16:41:20.312479+00:00,
4a3cc8ee-8ea1-46be-bf2c-c95ec4add8dc,7510718d-1313-44a0-90bd-a7adbb5fecb0,1,el,1,Asia/Nicosia,,2025-11-17 16:41:20.312479+00:00,
299017a1-fe45-4b4d-b82d-1898897a795c,ddd5e178-f4c1-46d7-a3c8-f6196b5ab5a1,1,el,1,Asia/Nicosia,,2025-11-17 16:41:20.312479+00:00,
bd21ee29-7687-44ed-a1b0-f1685d4bc323,793b9789-29eb-4e97-ac3d-b5138a606ae8,1,el,0,Asia/Nicosia,,2025-11-17 16:41:20.312479+00:00,
39b3ab85-f985-477f-b325-9dd2c100acc9,64645207-a894-4f1f-9f27-fc1f2bd6d456,0,el,0,Asia/Nicosia,,2025-11-17 16:41:20.312479+00:00,
44e581e7-fb42-4773-8adc-6194dfdbde60,e648266e-74f6-4dcd-9e03-06cc2432c761,1,el,0,Asia/Nicosia,,2025-11-17 16:41:20.312479+00:00,
1739444f-0ee7-4911-b12d-f4a5435e4872,83431a99-f0a8-46e0-ae09-fb6461631e59,1,el,0,Asia/Nicosia,,2025-11-17 16:41:20.312479+00:00,
57746890-e6e1-4ea9-acfb-e0119171bf50,e8d0e262-a31d-4ef4-a521-315ceaecc410,0,el,1,Asia/Nicosia,,2025-11-17 16:41:20.312479+00:00,
dfdff836-f41f-4ffc-8cc1-f759addbc1a5,f8f9d70a-96a9-446f-b080-0c1f4622236f,1,el,0,Asia/Nicosia,,2025-11-17 16:41:20.312479+00:00,
0cb93fff-4ddd-46a8-b278-ee4df7247605,73f00083-18f0-4e85-b74f-89723c571e03,1,el,1,Asia/Nicosia,,2025-11-17 16:41:20.312479+00:00,
f744e744-ccc9-4811-9a7f-23b01ec6f6d9,77ccaea3-5995-4a15-8e84-da9e8f55c70d,1,el,1,Asia/Nicosia,,2025-11-17 16:41:20.312479+00:00,
1d5b2168-b571-49d4-8624-df3866761161,6f06924c-ceab-4551-9c54-2b0144f246fc,1,el,1,Asia/Nicosia,,2025-11-17 16:41:20.312479+00:00,
125c2b14-a68b-4351-80c3-4742376d9ab4,0287c1ad-f89f-462f-ae3d-05544c46cfda,1,el,0,Asia/Nicosia,,2025-11-17 16:41:20.312479+00:00,
243b82df-4a63-4991-8aeb-02512ee3380e,0ff69add-037a-4f85-8334-43e9a96d7cd5,0,el,0,Asia/Nicosia,,2025-11-17 16:41:20.312479+00:00,
2dbb435a-9011-4d6d-8349-a4f850f56325,663e16aa-0fee-4217-80f7-6bdc4c3aa802,0,el,1,Asia/Nicosia,,2025-11-17 16:41:20.312479+00:00,
46c8fd47-a3ca-47a9-a14e-9468c73b72be,46fef93f-a55f-4aa0-be59-98396f89caa9,1,el,0,Asia/Nicosia,,2025-11-17 16:41:20.312479+00:00,
7ecd3649-784f-42fc-9753-2640ee95c671,632cb5f1-2ec4-4f9b-9765-876e4d952bb6,0,el,0,Asia/Nicosia,,2025-11-17 16:41:20.312479+00:00,
adf5ce74-6c5b-4677-9b26-81afa004d039,9c04f422-a259-4f4b-9c88-9b22eb54e1e8,1,el,1,Asia/Nicosia,,2025-11-17 16:41:20.312479+00:00,
3b060273-03c6-4b5e-8548-0527a02b1bcd,76b60ced-cfb4-4378-b018-09c95e2d0b47,1,el,0,Asia/Nicosia,,2025-11-17 16:41:20.312479+00:00,
be22682f-8853-4fea-9fc5-0cd60b085a32,95563f70-65ce-4c93-ae61-bbd922e8e6e6,1,el,1,Asia/Nicosia,,2025-11-17 16:41:20.312479+00:00,
77a506ad-5343-49e4-8601-2922c333d8aa,6b113198-729d-4ccc-b2c2-68db25ca690e,0,el,0,Asia/Nicosia,,2025-11-17 16:41:20.312479+00:00,
164b147d-9eb4-483d-a826-e4ac20486241,44371ea3-2d5f-4cc5-8549-93ec64e6a0d2,1,el,1,Asia/Nicosia,,2025-11-17 16:41:20.312479+00:00,
16e63068-163d-4241-8054-69a0e499c6e7,22c24e5e-06ec-49a9-9512-df5a30e71b2c,0,el,1,Asia/Nicosia,,2025-11-17 16:41:20.312479+00:00,
a694cb37-360d-4d49-a92e-73064ac6c96f,e111af0f-a1d7-433e-830e-a19bcfd49a85,0,el,1,Asia/Nicosia,,2025-11-17 16:41:20.312479+00:00,
c7794159-55c3-4978-9e24-0da294ff340d,8fc9c3b5-d859-4f8d-8807-a3ee312e6eb2,1,el,1,Asia/Nicosia,,2025-11-17 16:41:20.312479+00:00,
e5803c0e-c408-4c4c-9b6e-895bc0382815,84ab2083-60f3-422f-9b31-6489c32af0dd,0,el,0,Asia/Nicosia,,2025-11-17 16:41:20.312479+00:00,
16d93a89-88f8-4043-a137-8c950ecf6c64,603ebf60-0395-4917-a5fc-3ec6096902ff,0,el,0,Asia/Nicosia,,2025-11-17 16:41:20.312479+00:00,
ee1eb8e1-66d9-4a23-ada7-220b4953df19,7c276a5a-8dd5-4ca6-a0aa-5397b1e46aab,0,el,1,Asia/Nicosia,,2025-11-17 16:41:20.312479+00:00,
0096cec3-3f4f-44ae-8d0c-f7d61ac1c9a3,aedbfd04-46e8-4d5e-98b9-9c2262b744b3,0,el,1,Asia/Nicosia,,2025-11-17 16:41:20.312479+00:00,
7b425577-3e08-4cd1-9feb-a92d68856b00,2afd1bbc-46d8-4e15-b423-7edc9ed4a353,0,el,0,Asia/Nicosia,,2025-11-17 16:41:20.312479+00:00,
d2156ae6-14c5-441b-ba17-55c512a78344,9ae9b4bd-f10a-42ea-bd9a-6cf0ec8766fc,0,el,1,Asia/Nicosia,,2025-11-17 16:41:20.312479+00:00,
393dd37f-2186-452f-8e50-6afe3bb73ef4,9549e44a-a8ee-4a9e-88da-bb8f5cce92a5,1,el,1,Asia/Nicosia,,2025-11-17 16:41:20.312479+00:00,
82a281fc-a294-4552-af27-08efa73f0e5c,e918b10c-eeb5-4fe9-9a9f-d01b1c19b97e,1,el,0,Asia/Nicosia,,2025-11-17 16:41:20.312479+00:00,
03a2093c-bb07-49c2-b504-019685613c59,64d37c1c-e3e4-4e65-bbef-0781a379d7a8,0,el,0,Asia/Nicosia,,2025-11-17 16:41:20.312479+00:00,
4f573246-aca2-4809-9199-0e20f93e48df,9191b229-2364-4332-a6b3-b478fab907cc,0,el,1,Asia/Nicosia,,2025-11-17 16:41:20.312479+00:00,
fa325bc8-6159-4653-a349-4194781b9a33,7595c40b-4c4c-4163-ab23-638b18ab50bd,1,el,0,Asia/Nicosia,,2025-11-17 16:41:20.312479+00:00,
2d7b44c8-f1f2-4234-b366-12821a659d86,f5e32e88-a163-472b-a502-40315705ce9c,1,el,1,Asia/Nicosia,,2025-11-17 16:41:20.312479+00:00,
2febc3c8-c4a5-4ec6-8c84-4e260f0cb516,2e37fefb-1478-406d-bf77-eeae89ea5529,1,el,0,Asia/Nicosia,,2025-11-17 16:41:20.312479+00:00,
3d7c3c20-3269-477f-a9f6-0eb816dff420,76e319a8-bd3c-4023-97a7-1bf036963091,1,el,1,Asia/Nicosia,,2025-11-17 16:41:20.312479+00:00,
2003ff84-aef8-4d0c-8561-f02b6b966304,82fd22c2-5514-4bce-87bf-035eec6ef599,0,el,1,Asia/Nicosia,,2025-11-17 16:41:20.312479+00:00,
a118edd6-f355-4535-b8f1-bb6038dc5f75,4acd8a66-57dd-440f-8fcf-85083826cbe3,0,el,1,Asia/Nicosia,,2025-11-17 16:41:20.312479+00:00,
6f1323c4-9fe0-43b1-ad21-4cc3ba74b568,3600f75a-8ffe-4750-8c40-bcb492d5210b,0,el,1,Asia/Nicosia,,2025-11-17 16:41:20.312479+00:00,
b5a50e0c-d43f-4919-bc93-8109fd112b8f,ac101aa8-cf42-4e47-ab1e-810efd1f1b79,0,el,0,Asia/Nicosia,,2025-11-17 16:41:20.312479+00:00,
911648a8-d555-46b0-b44c-3e3d692ac357,7d55f816-d6c1-44de-8239-59dd824b3b47,1,el,0,Asia/Nicosia,,2025-11-17 16:41:20.312479+00:00,
57bfef0a-6369-4dad-a3a8-6289ed113e90,fa90bb6a-53d9-41d6-9430-e059c410ec2c,1,el,0,Asia/Nicosia,,2025-11-17 16:41:20.312479+00:00,
3588df09-8632-4190-99dc-aff650d7333f,ef4e2d86-f782-466e-92c7-4742851947be,1,el,0,Asia/Nicosia,,2025-11-17 16:41:20.312479+00:00,
dd5c8d5e-9c23-40cc-b514-901b47b226f1,e245b318-fd4e-41f5-a7c6-be5505f9f995,1,el,1,Asia/Nicosia,,2025-11-17 16:41:20.312479+00:00,
15f61636-8dd1-477d-a380-1f9dd1dd2742,cf54a462-bf83-4b00-b73b-d2f7fbeae920,1,el,1,Asia/Nicosia,,2025-11-17 16:41:20.312479+00:00,
fb260e71-bdc9-4170-a26c-52c49873fc6b,a0ac69b2-0381-4083-b7d1-e50964ce59d2,1,el,0,Asia/Nicosia,,2025-11-17 16:41:20.312479+00:00,
1ec10741-af23-4f5e-8624-cbbc9bc0fbb1,4090456d-37d0-4b20-8ef1-5259b8b59588,0,el,0,Asia/Nicosia,,2025-11-17 16:41:20.312479+00:00,
0e20292e-faed-48c6-9371-8fb62dab602c,d79969a4-0003-4727-88d4-0241b32a89a2,0,el,0,Asia/Nicosia,,2025-11-17 16:41:20.312479+00:00,
19fe8434-d5be-4a06-87f3-1b434469ed49,db6ff4be-7259-43b6-9332-0aad4b9a6fde,0,el,1,Asia/Nicosia,,2025-11-17 16:41:20.312479+00:00,
40dab31b-c917-41e5-a31a-a73ae86bf5f1,bb69de38-609a-4a86-8d17-36c95215f2d9,0,el,1,Asia/Nicosia,,2025-11-17 16:41:20.312479+00:00,
f5cac3b1-3eb9-48c4-95de-18645fa38933,033f8ddc-7ee2-4a91-8474-f3745b62f7e2,0,el,0,Asia/Nicosia,,2025-11-17 16:41:20.312479+00:00,
9c9595c6-85be-4d3a-99d8-498dfa8af2e1,6e1fb4db-bbe3-4236-8bbe-664e42e70527,1,el,1,Asia/Nicosia,,2025-11-17 16:41:20.312479+00:00,
161d66f2-56cf-4250-ab5b-0ef5ceedeb21,094d0d19-c729-4c4b-bcee-d95a2a8cb5c1,1,el,0,Asia/Nicosia,,2025-11-17 16:41:20.312479+00:00,
752944cf-cdf3-46dd-af7f-284de92d07ac,bdbd8d05-d120-4e77-b0f7-442832393fa3,0,el,0,Asia/Nicosia,,2025-11-17 16:41:20.312479+00:00,
db7fd0d6-0df0-4036-9847-c99d1de8c561,421535d4-a732-4681-9653-650673e737ed,0,el,1,Asia/Nicosia,,2025-11-17 16:41:20.312479+00:00,
2e1a4778-88d7-40ee-9743-9c2580c89011,dc861d3c-1f6c-453d-a2e0-84735bf87a43,1,el,1,Asia/Nicosia,,2025-11-17 16:41:20.312479+00:00,
cdcc3a47-2b90-4a25-bd6a-b7286e34cadb,bb6bde76-defc-4e5b-83ba-96c6bec7f1b3,1,el,1,Asia/Nicosia,,2025-11-17 16:41:20.312479+00:00,
7c592ab6-b6a1-436f-932b-a5889fc2731d,91ab26d0-ddf5-4f4b-ba80-9e55ae260133,0,el,0,Asia/Nicosia,,2025-11-17 16:41:20.312479+00:00,
d51798bf-548e-4e38-8912-59e3d7cc1504,98717732-857c-4f9c-b254-606c9db22f9f,0,el,0,Asia/Nicosia,,2025-11-17 16:41:20.312479+00:00,
5e412cab-22ae-4e66-9beb-e8cf175a1438,0e3a1a15-f261-42df-95f2-fb005be6f501,1,el,0,Asia/Nicosia,,2025-11-17 16:41:20.312479+00:00,
460ed12b-1233-49fb-9ba2-bd6123ccba82,4f652fb2-702f-4e25-be38-5222b2641d37,0,el,1,Asia/Nicosia,,2025-11-17 16:41:20.312479+00:00,
f486f630-fd71-4743-b925-7f21227e6a36,1b3c88c7-07c7-4fe6-b9bd-1bda52538366,1,el,1,Asia/Nicosia,,2025-11-17 16:41:20.312479+00:00,
03b8df75-679e-45a0-aae6-f77cb9af9c3c,d6d194f7-8971-4161-87d0-7a67d7e8ac3f,1,el,0,Asia/Nicosia,,2025-11-17 16:41:20.312479+00:00,
d4da4e69-e9b8-408f-8dc0-85595c1731d9,6dccd9ff-0647-4d0e-80f4-dd58711ed38a,1,el,0,Asia/Nicosia,,2025-11-17 16:41:20.312479+00:00,
efe68d3e-535b-4c56-839f-a4dfe17a35a4,aab4628c-ead2-4a02-80ee-645ce910c9aa,1,el,1,Asia/Nicosia,,2025-11-17 16:41:20.312479+00:00,
eb927409-8fd1-4fc2-924e-b523bfcd1a62,3b0259dd-b5a6-468a-9c14-969c860df6cc,1,el,1,Asia/Nicosia,,2025-11-17 16:41:20.312479+00:00,
4113d736-4575-462f-9a2d-a1f4167fc7e5,b89d0cea-96af-4b5e-9753-0d12495ee61f,1,el,1,Asia/Nicosia,,2025-11-17 16:41:20.312479+00:00,
de0511e9-a0fe-477a-8b2d-2681009c2cbf,961f1767-e09c-4830-a765-6f146fb48946,0,el,1,Asia/Nicosia,,2025-11-17 16:41:20.312479+00:00,
8ab20d50-1976-45de-a7dc-4f17fad94ca3,9828a30f-4330-495a-919d-4d35042345b4,0,el,1,Asia/Nicosia,,2025-11-17 16:41:20.312479+00:00,
f27947c0-3cea-4a67-895a-fb81dffe44e7,f9d62f82-c870-45ae-893d-bec1b61a8543,0,el,1,Asia/Nicosia,,2025-11-17 16:41:20.312479+00:00,
56b7e997-2f6a-4356-85fa-ab03de570f3e,a8a2b744-809c-45b6-85b4-905a13bd5a1a,1,el,1,Asia/Nicosia,,2025-11-17 16:41:20.312479+00:00,
03badc73-51f1-4b34-bde2-4ecb1863d8f5,717f2dcc-4bfb-41b6-a1d5-30bf218f91e0,1,el,0,Asia/Nicosia,,2025-11-17 16:41:20.312479+00:00,
6a0e253e-ccb1-45f0-a859-baf46c07a83c,460bd083-f0e4-4391-973b-20bc464aae96,1,el,0,Asia/Nicosia,,2025-11-17 16:41:20.312479+00:00,
6a512634-16c8-4bde-9753-341c12e2a6e6,974067f0-be5a-4a0f-a901-edccd533549c,0,el,0,Asia/Nicosia,,2025-11-17 16:41:20.312479+00:00,
