VehicleId,Lat,Lng,UpdatedAt
e0e17a30-a643-47a0-b995-395f7bbdf89d,34.69,32.96,2025-11-17 16:41:20.312479+00:00
daaa027f-da98-4598-b522-c044fbe31d4b,34.69,32.96,2025-11-17 16:41:20.312479+00:00
32267b5f-3315-4b0a-b0cf-6e610a66bbef,34.69,32.96,2025-11-17 16:41:20.312479+00:00
3c71617e-4d2e-482a-bce6-d5ff3b580f79,34.69,32.96,2025-11-17 16:41:20.312479+00:00
9efe888a-263a-4949-8789-b8c9179f39fb,34.69,32.96,2025-11-17 16:41:20.312479+00:00
c79af0cc-6529-4032-b600-889375724121,34.69,32.96,2025-11-17 16:41:20.312479+00:00
835c5586-d4ac-46c4-b44e-799b2c98d452,34.69,32.96,2025-11-17 16:41:20.312479+00:00
527b9652-4897-4c92-8019-7d799a9413c9,34.69,32.96,2025-11-17 16:41:20.312479+00:00
abe33bd9-5102-4bf1-bad2-36229b4df32f,34.69,32.96,2025-11-17 16:41:20.312479+00:00
a6ef9c75-4008-4ed7-bedf-dba81f1330b8,34.69,32.96,2025-11-17 16:41:20.312479+00:00
5200f39c-c34e-47fc-98d7-1a0c7f6e9290,34.69,32.96,2025-11-17 16:41:20.312479+00:00
ce01cd5a-d636-4e91-969a-071f37869ede,34.69,32.96,2025-11-17 16:41:20.312479+00:00
876f0536-399f-4a03-a602-4509a6971fd2,34.69,32.96,2025-11-17 16:41:20.312479+00:00
365179d3-c537-46fe-8f1b-80c4e5af7de6,34.69,32.96,2025-11-17 16:41:20.312479+00:00
203cb7f4-4a67-4ec1-b315-9437c0782363,34.69,32.96,2025-11-17 16:41:20.312479+00:00
61842db0-a54a-4838-a480-b459fe196b53,34.69,32.96,2025-11-17 16:41:20.312479+00:00
342a1af0-e197-4af6-b5e9-c8e2e718827a,34.69,32.96,2025-11-17 16:41:20.312479+00:00
b81a4357-4ac5-4e21-ae49-f0077ec75883,34.69,32.96,2025-11-17 16:41:20.312479+00:00
37c15d74-29f8-4af5-82a8-c7ab6a307961,34.69,32.96,2025-11-17 16:41:20.312479+00:00
f371552b-0e28-4750-ad06-b247aea11dc3,34.69,32.96,2025-11-17 16:41:20.312479+00:00
92d451c3-7df5-49eb-9d2e-e9a419c7fcbf,34.69,32.96,2025-11-17 16:41:20.312479+00:00
32691d33-7bc9-4d84-908f-1f390740c4e9,34.69,32.96,2025-11-17 16:41:20.312479+00:00
79788310-99da-449e-b21a-e79c6a5a45bb,34.69,32.96,2025-11-17 16:41:20.312479+00:00
5105890b-1ef1-41bc-b3cd-8ba8335bd667,34.69,32.96,2025-11-17 16:41:20.312479+00:00
f25dc953-0b65-4f85-b5a1-e54bdd23b7ea,34.69,32.96,2025-11-17 16:41:20.312479+00:00
741ad6db-fc8a-488d-942a-662ec0cd56a7,34.69,32.96,2025-11-17 16:41:20.312479+00:00
7000441c-1ba0-4e75-a6b3-a64c6e274a65,34.69,32.96,2025-11-17 16:41:20.312479+00:00
abec07ea-3763-4210-a3d0-d3d1d1f9e38f,34.69,32.96,2025-11-17 16:41:20.312479+00:00
b4a24f5c-e4e1-4b5b-b619-35f0dbde73ca,34.69,32.96,2025-11-17 16:41:20.312479+00:00
f36843ef-a5c3-4ef8-b4c8-82cfef6041cb,34.69,32.96,2025-11-17 16:41:20.312479+00:00
ad306245-d7ae-41fe-923d-5881897b74c7,34.69,32.96,2025-11-17 16:41:20.312479+00:00
ccd4b73c-c026-4d1e-9418-9ddde9a15e24,34.69,32.96,2025-11-17 16:41:20.312479+00:00
ac4a09d5-b5fb-4e5b-95aa-c0d90edbdbfe,34.69,32.96,2025-11-17 16:41:20.312479+00:00
ac27df2e-5e55-435e-9baf-6c05689ed52c,34.69,32.96,2025-11-17 16:41:20.312479+00:00
8359cacd-79d2-43b6-a011-4e8ffbb92fe8,34.69,32.96,2025-11-17 16:41:20.312479+00:00
17c499a9-6c47-4c3d-91e2-88f10d7e783b,34.69,32.96,2025-11-17 16:41:20.312479+00:00
c2db675a-b3f3-4b0c-a061-34ab1ed1625d,34.69,32.96,2025-11-17 16:41:20.312479+00:00
d0e32a3a-26bf-4d63-a205-9b82f3fe29e4,34.69,32.96,2025-11-17 16:41:20.312479+00:00
5754dc58-7306-457e-bf55-932f2aa871b5,34.69,32.96,2025-11-17 16:41:20.312479+00:00
95c11eb0-fa84-4a18-b98f-6788252bacf2,34.69,32.96,2025-11-17 16:41:20.312479+00:00
985a2f9b-ef60-4ebb-9b48-8186f8e43851,34.69,32.96,2025-11-17 16:41:20.312479+00:00
560c1f07-c7f9-4be9-90c6-ae5f954fbbd0,34.69,32.96,2025-11-17 16:41:20.312479+00:00
e24281fd-57ca-4b2d-894a-6b14492e1989,34.69,32.96,2025-11-17 16:41:20.312479+00:00
dc87e4cb-d1a4-4034-a0ff-4073ec71bc16,34.69,32.96,2025-11-17 16:41:20.312479+00:00
f1c3443b-5e21-487f-bc07-95b4fa41542f,34.69,32.96,2025-11-17 16:41:20.312479+00:00
0e9c5a7b-47eb-474f-8abe-1d128b633ebe,34.69,32.96,2025-11-17 16:41:20.312479+00:00
1e7080ff-446c-42cd-b905-10f004fc9c7c,34.69,32.96,2025-11-17 16:41:20.312479+00:00
7d573afe-9f2d-4598-a7a3-aa796fd469ff,34.69,32.96,2025-11-17 16:41:20.312479+00:00
85007703-792e-4359-b057-20d6263a73c9,34.69,32.96,2025-11-17 16:41:20.312479+00:00
70290186-40d0-408a-93b3-fb2dcf0c776e,34.69,32.96,2025-11-17 16:41:20.312479+00:00
b88fbf70-0a9c-4dce-8f75-bdafd7d54bc3,34.69,32.96,2025-11-17 16:41:20.312479+00:00
08778cb9-ccda-4bd2-b57c-e142072a4928,34.69,32.96,2025-11-17 16:41:20.312479+00:00
6a24511d-b341-4fdd-a2ce-8dc18c676a33,34.69,32.96,2025-11-17 16:41:20.312479+00:00
089e6431-43e7-4004-a83c-67c8342aab53,34.69,32.96,2025-11-17 16:41:20.312479+00:00
d606a8be-a1c5-49e9-9ba0-20c718361cf5,34.69,32.96,2025-11-17 16:41:20.312479+00:00
665a7051-5c5c-4f07-ba52-37498872a000,34.69,32.96,2025-11-17 16:41:20.312479+00:00
244cd3d9-f3cb-4f75-b596-a454258f94c1,34.69,32.96,2025-11-17 16:41:20.312479+00:00
7a4b6ce9-481c-4230-86dc-3b4cd9690c09,34.69,32.96,2025-11-17 16:41:20.312479+00:00
877085d1-7b18-4111-af79-8d75e2144d67,34.69,32.96,2025-11-17 16:41:20.312479+00:00
ad051aa0-4f3e-425b-8252-2842e30ffac5,34.69,32.96,2025-11-17 16:41:20.312479+00:00
3f27bbd8-04d3-4a39-bd9d-bfe67291bafa,34.69,32.96,2025-11-17 16:41:20.312479+00:00
af14b7c4-8640-4e3b-8d97-6a31ef190ed6,34.69,32.96,2025-11-17 16:41:20.312479+00:00
57b44417-f15a-4469-8d4c-771f0fb6375b,34.69,32.96,2025-11-17 16:41:20.312479+00:00
aa04b5bf-9d16-4095-8600-b3428d21fce3,34.69,32.96,2025-11-17 16:41:20.312479+00:00
be31a0a2-398e-4118-8648-c0af77a1682e,34.69,32.96,2025-11-17 16:41:20.312479+00:00
bef24fc0-082a-4e83-b319-492a5f3fe6c4,34.69,32.96,2025-11-17 16:41:20.312479+00:00
57ceb35a-c328-4cbd-b0a8-f469c165ee04,34.69,32.96,2025-11-17 16:41:20.312479+00:00
fb11239e-039c-4a35-be88-21475f3335e9,34.69,32.96,2025-11-17 16:41:20.312479+00:00
adb72459-28d0-4085-b573-f2b565b860a0,34.69,32.96,2025-11-17 16:41:20.312479+00:00
9349eda7-3a47-415d-8e75-d6b514efe24f,34.69,32.96,2025-11-17 16:41:20.312479+00:00
df4f6036-8a08-42cd-b4c0-8c8cf091671c,34.69,32.96,2025-11-17 16:41:20.312479+00:00
a330d6d8-7e96-43c5-a8f3-1f699027e1dd,34.69,32.96,2025-11-17 16:41:20.312479+00:00
cdb941ae-e598-4788-b224-aaaa3c970e05,34.69,32.96,2025-11-17 16:41:20.312479+00:00
18e903a0-59e4-4700-b172-1a7e3bd81b0b,34.69,32.96,2025-11-17 16:41:20.312479+00:00
d6cc1125-1c1c-44f7-bea2-5bdf91c06f4c,34.69,32.96,2025-11-17 16:41:20.312479+00:00
595b1638-4c77-4438-a9ea-858a824d8c82,34.69,32.96,2025-11-17 16:41:20.312479+00:00
c07bcf13-3146-463c-b595-1eacc79576b6,34.69,32.96,2025-11-17 16:41:20.312479+00:00
e83399cd-d725-48ba-b0e1-a739e1374237,34.69,32.96,2025-11-17 16:41:20.312479+00:00
89aea9f7-bbd3-4ad1-8340-1e5347f97e52,34.69,32.96,2025-11-17 16:41:20.312479+00:00
13c02291-ef62-41ac-bb15-3d893b5eff8c,34.69,32.96,2025-11-17 16:41:20.312479+00:00
d8442dec-3324-45dd-b758-44444e3b7232,34.69,32.96,2025-11-17 16:41:20.312479+00:00
34be5590-6895-4908-a117-074de9eb6e84,34.69,32.96,2025-11-17 16:41:20.312479+00:00
563b6f9a-5c1d-444c-b8a4-aace64187208,34.69,32.96,2025-11-17 16:41:20.312479+00:00
63ae4c43-72bc-47ca-9b21-f54246d6f547,34.69,32.96,2025-11-17 16:41:20.312479+00:00
f0d72e90-266e-4f3e-ad53-e6c94ec87701,34.69,32.96,2025-11-17 16:41:20.312479+00:00
9cf3292b-acfd-40df-8207-64181270ab63,34.69,32.96,2025-11-17 16:41:20.312479+00:00
64b62fe4-b0cd-4aa1-8e36-3264a8e45175,34.69,32.96,2025-11-17 16:41:20.312479+00:00
6ee93604-5382-48e1-b96f-587a5d7325ee,34.69,32.96,2025-11-17 16:41:20.312479+00:00
6ebf6c7d-fb04-4c58-af4c-217b63687c91,34.69,32.96,2025-11-17 16:41:20.312479+00:00
0ceb43c5-c2b3-4647-b2bd-51c26dfaf0a9,34.69,32.96,2025-11-17 16:41:20.312479+00:00
f34070d8-14a9-406d-a3d1-38fb59da09b7,34.69,32.96,2025-11-17 16:41:20.312479+00:00
50a7d23c-4028-41b5-8305-1310b4a9f573,34.69,32.96,2025-11-17 16:41:20.312479+00:00
88af7ade-5cec-4e3c-afb0-84798c873d98,34.69,32.96,2025-11-17 16:41:20.312479+00:00
c627efe2-7dee-442e-98d6-9e8e6d783834,34.69,32.96,2025-11-17 16:41:20.312479+00:00
eb119ce1-49c2-4401-a299-ea266db1a709,34.69,32.96,2025-11-17 16:41:20.312479+00:00
0df85da2-8b1b-47f4-bbc3-3dc9352680f3,34.69,32.96,2025-11-17 16:41:20.312479+00:00
4d4474b4-7249-437b-8d4e-ec6e9c77bca7,34.69,32.96,2025-11-17 16:41:20.312479+00:00
efbe70cf-70b5-485e-bdcc-d4d36013de4d,34.69,32.96,2025-11-17 16:41:20.312479+00:00
5dd5ec98-0422-4c05-a083-2557dfb49f62,34.69,32.96,2025-11-17 16:41:20.312479+00:00
303a2c7a-f1ab-48fe-b5a6-ea7e6681c535,34.69,32.96,2025-11-17 16:41:20.312479+00:00
01903f87-c8fc-47f0-9fa0-735c1321bfb2,34.69,32.96,2025-11-17 16:41:20.312479+00:00
4ea1bf23-8bf6-4b1f-8fbe-071144b58fbb,34.69,32.96,2025-11-17 16:41:20.312479+00:00
f22e0a42-06c2-4999-8e6e-fbdfd4de8570,34.69,32.96,2025-11-17 16:41:20.312479+00:00
88e51020-36ec-40fa-a80f-1177a84d1ace,34.69,32.96,2025-11-17 16:41:20.312479+00:00
776a9daf-dac3-452d-82f8-7b4870bcadab,34.69,32.96,2025-11-17 16:41:20.312479+00:00
0f3b325e-57a6-4c95-8549-ac52af4cfac8,34.69,32.96,2025-11-17 16:41:20.312479+00:00
635a5fd4-14a5-4523-8af2-cdfc877296cc,34.69,32.96,2025-11-17 16:41:20.312479+00:00
d9de5ecc-3d30-4df8-962e-dad1d593bce3,34.69,32.96,2025-11-17 16:41:20.312479+00:00
7cc064df-bf56-4cb1-a0b7-23cd4828a467,34.69,32.96,2025-11-17 16:41:20.312479+00:00
72c74612-abe3-44f5-9212-07f5acfcf2af,34.69,32.96,2025-11-17 16:41:20.312479+00:00
c3f24a0d-37da-44a9-b7cd-b119764d59dd,34.69,32.96,2025-11-17 16:41:20.312479+00:00
018ba651-0c4c-4dac-8b4a-aff2d7da0eb2,34.69,32.96,2025-11-17 16:41:20.312479+00:00
c0e68bce-4b65-4bb6-8082-b39c45905386,34.69,32.96,2025-11-17 16:41:20.312479+00:00
ef0a1b5e-6f04-463f-94d3-9a7f519441ec,34.69,32.96,2025-11-17 16:41:20.312479+00:00
17f5feb9-91eb-4973-b86c-bb2690e7e53e,34.69,32.96,2025-11-17 16:41:20.312479+00:00
2da3bafa-8785-4899-bc20-30c9f7fe04e7,34.69,32.96,2025-11-17 16:41:20.312479+00:00
6b4bb647-37e7-41dd-bfe9-52a6747117bd,34.69,32.96,2025-11-17 16:41:20.312479+00:00
3a865688-726c-40f2-bba5-c60bb15083b6,34.69,32.96,2025-11-17 16:41:20.312479+00:00
5c2a367c-1908-469b-b38d-2154b118c88b,34.69,32.96,2025-11-17 16:41:20.312479+00:00
e468eb80-07b2-420c-8cd5-d90a5437f582,34.69,32.96,2025-11-17 16:41:20.312479+00:00
112d6b68-2bc2-472c-a0c1-e9ddadfd802b,34.69,32.96,2025-11-17 16:41:20.312479+00:00
5b4b02f9-d066-4945-8cbe-8933eeaf98fb,34.69,32.96,2025-11-17 16:41:20.312479+00:00
1bc998f0-6dea-4d3d-a60d-595766ccaf3a,34.69,32.96,2025-11-17 16:41:20.312479+00:00
64da8679-9441-4d79-8e89-837b848c40c1,34.69,32.96,2025-11-17 16:41:20.312479+00:00
358fb115-0611-4a4a-9b05-8b000823dcbf,34.69,32.96,2025-11-17 16:41:20.312479+00:00
a5191451-62ee-4767-9c6b-dafaafd67b93,34.69,32.96,2025-11-17 16:41:20.312479+00:00
7a03e756-3940-49ef-9461-73d2597ed612,34.69,32.96,2025-11-17 16:41:20.312479+00:00
e5742b0d-3932-44a7-a13f-2b56345b7556,34.69,32.96,2025-11-17 16:41:20.312479+00:00
edfd06dd-03b5-48e9-80de-484b4b92d117,34.69,32.96,2025-11-17 16:41:20.312479+00:00
ab627716-73bc-421c-aa8a-1518bf994332,34.69,32.96,2025-11-17 16:41:20.312479+00:00
3bdc8192-f327-42ba-b8f4-733d09dd4d1c,34.69,32.96,2025-11-17 16:41:20.312479+00:00
988f7b3d-4932-464f-92d1-5cc6cb68078c,34.69,32.96,2025-11-17 16:41:20.312479+00:00
1f148ba9-fd9d-44d5-8aa6-19e9913545f6,34.69,32.96,2025-11-17 16:41:20.312479+00:00
b422bb47-be45-4786-81fe-6096beac3cc9,34.69,32.96,2025-11-17 16:41:20.312479+00:00
6a0699dd-dbbc-4277-83bc-8720a2fc9af1,34.69,32.96,2025-11-17 16:41:20.312479+00:00
0ed71de3-c8e8-4f0e-90fb-abaef37804be,34.69,32.96,2025-11-17 16:41:20.312479+00:00
5f6a7ce4-1509-4e01-8626-9dbd18b568a2,34.69,32.96,2025-11-17 16:41:20.312479+00:00
c3d59b51-a5a2-42da-b66c-d8205fb2a744,34.69,32.96,2025-11-17 16:41:20.312479+00:00
225b9a70-98dd-4afb-b6b0-1db65c8d0ca4,34.69,32.96,2025-11-17 16:41:20.312479+00:00
b2469f05-c4bc-4419-81b4-7ee031669b42,34.69,32.96,2025-11-17 16:41:20.312479+00:00
77cb0e17-5632-445a-bad2-7d6d53f49851,34.69,32.96,2025-11-17 16:41:20.312479+00:00
97455149-f340-43af-a187-e160e40f5714,34.69,32.96,2025-11-17 16:41:20.312479+00:00
f24072a8-97a0-4256-9fb0-78405a57f664,34.69,32.96,2025-11-17 16:41:20.312479+00:00
a56f17d9-f863-4869-9c62-416f6f00ed06,34.69,32.96,2025-11-17 16:41:20.312479+00:00
4a69f81e-257e-451c-84fd-375762f0d7b8,34.69,32.96,2025-11-17 16:41:20.312479+00:00
cd1adbc2-dc48-4ff9-aa77-2c80ca3fad10,34.69,32.96,2025-11-17 16:41:20.312479+00:00
56aaaa06-db6e-4f22-8782-d80d9593cb02,34.69,32.96,2025-11-17 16:41:20.312479+00:00
5df13f69-1a6f-4382-b62c-780e17d2ce8b,34.69,32.96,2025-11-17 16:41:20.312479+00:00
2d6635e8-725e-4a73-b930-573ffffda2ea,34.69,32.96,2025-11-17 16:41:20.312479+00:00
6e9a2dd1-4649-4af5-86e4-c18173b49738,34.69,32.96,2025-11-17 16:41:20.312479+00:00
a164a14d-28a5-4829-9b3a-134f40f2564b,34.69,32.96,2025-11-17 16:41:20.312479+00:00
0aa04c0e-2afa-4aca-8d54-a5b9da7f438c,34.69,32.96,2025-11-17 16:41:20.312479+00:00
f44c601c-53b1-40e8-be8b-1015e496de7d,34.69,32.96,2025-11-17 16:41:20.312479+00:00
3258f0f6-cd2f-4232-ac93-ee59b7528c2f,34.69,32.96,2025-11-17 16:41:20.312479+00:00
5d41ab8d-016b-416a-8c26-b7f10f412ef3,34.69,32.96,2025-11-17 16:41:20.312479+00:00
9f176c1f-d7f0-4a44-ab3e-003d2226e63f,34.69,32.96,2025-11-17 16:41:20.312479+00:00
8576db09-f494-47f0-a697-2b75e5132268,34.69,32.96,2025-11-17 16:41:20.312479+00:00
8a46942c-2943-4cda-b813-6f375f8f976c,34.69,32.96,2025-11-17 16:41:20.312479+00:00
07af1c3f-ddd3-4f14-941a-c731f95ead06,34.69,32.96,2025-11-17 16:41:20.312479+00:00
0f475679-127a-42fb-8e65-5286435af600,34.69,32.96,2025-11-17 16:41:20.312479+00:00
dc5ed2a3-8b8c-4252-841a-02f366ee3bcb,34.69,32.96,2025-11-17 16:41:20.312479+00:00
ee2f82dc-fba5-4c1e-b77a-fc877a1f72b1,34.69,32.96,2025-11-17 16:41:20.312479+00:00
5abb92f9-dd03-447b-b390-54ea5a8fc6c0,34.69,32.96,2025-11-17 16:41:20.312479+00:00
c91eccf4-836a-43f1-816a-eb038c7c6cdb,34.69,32.96,2025-11-17 16:41:20.312479+00:00
4baf414b-89f5-4322-b5e5-d27ce5e8e416,34.69,32.96,2025-11-17 16:41:20.312479+00:00
1206df09-c42a-43fa-9617-c900b85b5f36,34.69,32.96,2025-11-17 16:41:20.312479+00:00
65b413a5-6841-4eae-9b9b-a469cff5d871,34.69,32.96,2025-11-17 16:41:20.312479+00:00
7b1253f4-ac49-49ff-9287-b9770e90f2e6,34.69,32.96,2025-11-17 16:41:20.312479+00:00
5d500378-0f0a-4737-b04b-3c53a4f7be87,34.69,32.96,2025-11-17 16:41:20.312479+00:00
9f2ad95d-d5c0-4d97-aa79-794345304982,34.69,32.96,2025-11-17 16:41:20.312479+00:00
a61bc925-8d3b-4e41-9c1f-d916c9137816,34.69,32.96,2025-11-17 16:41:20.312479+00:00
4b35e669-b58c-4142-a6e7-f1e5926c717d,34.69,32.96,2025-11-17 16:41:20.312479+00:00
4306a005-8f81-4f58-99cb-97342517c8cb,34.69,32.96,2025-11-17 16:41:20.312479+00:00
b3cb4dd7-6922-4e82-9422-46735244d5f9,34.69,32.96,2025-11-17 16:41:20.312479+00:00
061de408-a30b-4196-80c8-982d25153181,34.69,32.96,2025-11-17 16:41:20.312479+00:00
2149cbfc-449b-42b6-94ca-04b130cca4f7,34.69,32.96,2025-11-17 16:41:20.312479+00:00
1d811375-65c0-4874-ba60-5a64f9bfe772,34.69,32.96,2025-11-17 16:41:20.312479+00:00
aa32a69d-8a8b-4b02-aaa3-34bfcd61b759,34.69,32.96,2025-11-17 16:41:20.312479+00:00
8da8ed25-fa27-44d6-b5e4-5d39d1c430fc,34.69,32.96,2025-11-17 16:41:20.312479+00:00
7ade345d-b91c-4151-977b-ce6eb68fd4a4,34.69,32.96,2025-11-17 16:41:20.312479+00:00
e2db7d03-f574-4c1b-b16e-55356b553260,34.69,32.96,2025-11-17 16:41:20.312479+00:00
1503f981-e356-46ea-867c-4ddbe2fc246a,34.69,32.96,2025-11-17 16:41:20.312479+00:00
4de1f5b9-03f2-461c-8694-a8ed2b76be92,34.69,32.96,2025-11-17 16:41:20.312479+00:00
18dcdd7b-46eb-495d-8084-3b67f70187d8,34.69,32.96,2025-11-17 16:41:20.312479+00:00
33a06eb5-c284-45d1-a2e4-325a50720dd8,34.69,32.96,2025-11-17 16:41:20.312479+00:00
09ac4430-4a34-4947-80eb-970862f6ea67,34.69,32.96,2025-11-17 16:41:20.312479+00:00
733d3b2a-ba0a-423b-a275-3cb048b41ca7,34.69,32.96,2025-11-17 16:41:20.312479+00:00
12126aa8-7bc1-4ea0-9561-5fd022e8ff52,34.69,32.96,2025-11-17 16:41:20.312479+00:00
434763f5-8624-451a-8bf9-a7dd6a167aac,34.69,32.96,2025-11-17 16:41:20.312479+00:00
0976a9d5-f9fa-443d-8f63-0cd30c74a5df,34.69,32.96,2025-11-17 16:41:20.312479+00:00
7fbd91a3-d155-42e8-84d1-23ec94d868a8,34.69,32.96,2025-11-17 16:41:20.312479+00:00
f3aed7fd-0a19-4190-aa62-0253410940da,34.69,32.96,2025-11-17 16:41:20.312479+00:00
463c6361-21ea-42b1-8c9a-1dcb8e38db5c,34.69,32.96,2025-11-17 16:41:20.312479+00:00
7aec46be-a8e6-4f27-b134-ceef4775ed8f,34.69,32.96,2025-11-17 16:41:20.312479+00:00
9e9e80c6-b064-4f53-b065-b41e77b0d3b7,34.69,32.96,2025-11-17 16:41:20.312479+00:00
e6f481db-2308-4914-a62f-3572700fa818,34.69,32.96,2025-11-17 16:41:20.312479+00:00
ef3e54a0-77d9-4d24-958d-1f28b6aa22a3,34.69,32.96,2025-11-17 16:41:20.312479+00:00
f33c21fa-f555-48ff-b19c-5dd6594166b6,34.69,32.96,2025-11-17 16:41:20.312479+00:00
8e46225a-4090-4dc7-ad65-408e557e86a9,34.69,32.96,2025-11-17 16:41:20.312479+00:00
7d436fc0-d12d-4d28-9aa3-082e0f58c740,34.69,32.96,2025-11-17 16:41:20.312479+00:00
bb6bcd09-1d50-4a44-9971-ef630ae30df6,34.69,32.96,2025-11-17 16:41:20.312479+00:00
3b28a0f2-d080-4d09-b252-cd8534067992,34.69,32.96,2025-11-17 16:41:20.312479+00:00
d8aba743-55b7-4ec2-8254-555bac7beb97,34.69,32.96,2025-11-17 16:41:20.312479+00:00
c619ae5b-34c2-4640-82ad-e6c7003efb33,34.69,32.96,2025-11-17 16:41:20.312479+00:00
51aad1fd-72ba-4dae-873b-03f2f1a6cd03,34.69,32.96,2025-11-17 16:41:20.312479+00:00
6da0bfb2-8a1d-43da-9325-f706b9d76006,34.69,32.96,2025-11-17 16:41:20.312479+00:00
62d11d96-e3d0-47df-87e0-84a62305166d,34.69,32.96,2025-11-17 16:41:20.312479+00:00
f565a341-8a94-41b2-a0f4-1d829a43cccb,34.69,32.96,2025-11-17 16:41:20.312479+00:00
d217b186-79e6-4228-8245-34975c23a218,34.69,32.96,2025-11-17 16:41:20.312479+00:00
f3c924bc-e2f0-4f17-8494-8f78890879b3,34.69,32.96,2025-11-17 16:41:20.312479+00:00
3193c58e-b5dd-4069-a1fb-188b052db458,34.69,32.96,2025-11-17 16:41:20.312479+00:00
78f78da6-233d-4286-97f6-9b6fbd56c332,34.69,32.96,2025-11-17 16:41:20.312479+00:00
6955d7f4-6902-42db-ad7f-b5392888dab7,34.69,32.96,2025-11-17 16:41:20.312479+00:00
7781c793-2c1a-4c23-aebe-0a87d75495fc,34.69,32.96,2025-11-17 16:41:20.312479+00:00
11bebd25-9af3-4feb-8401-d7ca8fbfc9c3,34.69,32.96,2025-11-17 16:41:20.312479+00:00
60f164e4-a9d3-44fc-a0c8-118bf652b692,34.69,32.96,2025-11-17 16:41:20.312479+00:00
12f7fdc9-569c-4073-83ef-9f4d3af11483,34.69,32.96,2025-11-17 16:41:20.312479+00:00
f497ccc9-561f-409f-b585-58519a829cfd,34.69,32.96,2025-11-17 16:41:20.312479+00:00
c0943497-6fae-4218-83a3-3e92b88cc9cf,34.69,32.96,2025-11-17 16:41:20.312479+00:00
861a7398-00bf-4d12-bc57-cfbe04196a58,34.69,32.96,2025-11-17 16:41:20.312479+00:00
e6133bd2-74f2-4b58-8881-33d5617008bb,34.69,32.96,2025-11-17 16:41:20.312479+00:00
a00f3bb5-f997-4848-a3cc-127bdda10e04,34.69,32.96,2025-11-17 16:41:20.312479+00:00
8d3ce522-ef07-4f65-b937-8bbc14c40223,34.69,32.96,2025-11-17 16:41:20.312479+00:00
86a9eaa3-d6fd-4560-9478-bc8b314521f2,34.69,32.96,2025-11-17 16:41:20.312479+00:00
47bb2cc2-8392-4096-94a6-479c04c7aea1,34.69,32.96,2025-11-17 16:41:20.312479+00:00
199f6c03-e4c7-4a63-b918-0d731111ed98,34.69,32.96,2025-11-17 16:41:20.312479+00:00
730b239b-1ec9-448e-a025-afa8ba0d2e39,34.69,32.96,2025-11-17 16:41:20.312479+00:00
f51fe115-d113-41b7-bf52-89c4c88cae07,34.69,32.96,2025-11-17 16:41:20.312479+00:00
cfd87053-be1b-4aa4-8354-d94c5cfa669a,34.69,32.96,2025-11-17 16:41:20.312479+00:00
3ab2139f-44d4-4501-a4a0-b50369ed7a97,34.69,32.96,2025-11-17 16:41:20.312479+00:00
c91ee5d5-7248-4703-8d9b-43e6a97597c9,34.69,32.96,2025-11-17 16:41:20.312479+00:00
7d218df7-9b60-4794-aed1-3255ce05c1b0,34.69,32.96,2025-11-17 16:41:20.312479+00:00
45898f7f-960f-4155-ae53-581e39eb8c27,34.69,32.96,2025-11-17 16:41:20.312479+00:00
85170f3f-b00d-4e0f-a855-e1293c054c07,34.69,32.96,2025-11-17 16:41:20.312479+00:00
ba2101ad-a67f-4208-8534-286c4202b5aa,34.69,32.96,2025-11-17 16:41:20.312479+00:00
286b0a3b-700f-46fb-906d-fce855828f0b,34.69,32.96,2025-11-17 16:41:20.312479+00:00
b69f5e53-5ea7-4a23-b5eb-2d04fd298290,34.69,32.96,2025-11-17 16:41:20.312479+00:00
ba2a1ea6-ecf3-4a22-9470-6595ad5eba39,34.69,32.96,2025-11-17 16:41:20.312479+00:00
55b4624d-f1cd-4c33-9527-9c1ce2b0ddc6,34.69,32.96,2025-11-17 16:41:20.312479+00:00
6686e7c1-8c8a-4409-a0ad-e3cff145d626,34.69,32.96,2025-11-17 16:41:20.312479+00:00
c2a34a74-74e3-42bb-aa5e-9fc91d9a1701,34.69,32.96,2025-11-17 16:41:20.312479+00:00
db7079ed-389a-410d-8588-9950792da37b,34.69,32.96,2025-11-17 16:41:20.312479+00:00
323ffbb0-7320-4968-9f26-ed5dc54dd91f,34.69,32.96,2025-11-17 16:41:20.312479+00:00
f0af5ca4-66d8-452f-aa6c-38bb0580df81,34.69,32.96,2025-11-17 16:41:20.312479+00:00
fe8075e7-c0e6-4ac2-87b8-059307928974,34.69,32.96,2025-11-17 16:41:20.312479+00:00
bcc833cb-3952-4856-a8db-3bf6ab7ebd2e,34.69,32.96,2025-11-17 16:41:20.312479+00:00
ec92a695-2a86-4eff-a34b-eb24db2ff47b,34.69,32.96,2025-11-17 16:41:20.312479+00:00
61b79453-a146-41d7-af87-a29b1f66c871,34.69,32.96,2025-11-17 16:41:20.312479+00:00
fedfac19-79a5-4d4b-bcaa-2e7b578b8b64,34.69,32.96,2025-11-17 16:41:20.312479+00:00
6e9fe7fa-c98d-4902-ab99-77664a5848b3,34.69,32.96,2025-11-17 16:41:20.312479+00:00
cb750605-d14e-45cc-be77-c55e70170603,34.69,32.96,2025-11-17 16:41:20.312479+00:00
e84b9b54-9707-4f01-8b65-efef90be2b0d,34.69,32.96,2025-11-17 16:41:20.312479+00:00
dd3e2a35-eaae-4c89-b960-b64cbae50eef,34.69,32.96,2025-11-17 16:41:20.312479+00:00
6f5803cc-04c4-4296-9d05-48a73dfe04fc,34.69,32.96,2025-11-17 16:41:20.312479+00:00
6614af0e-8f2d-421a-873f-042b613c120d,34.69,32.96,2025-11-17 16:41:20.312479+00:00
27940f39-0f6f-4662-b193-a65445ad9026,34.69,32.96,2025-11-17 16:41:20.312479+00:00
be3fdd12-26dd-4040-aeca-2382bafa0143,34.69,32.96,2025-11-17 16:41:20.312479+00:00
4bdcec09-14c1-41a5-9d9a-4e2053f33029,34.69,32.96,2025-11-17 16:41:20.312479+00:00
bee566f5-aacb-46c1-9236-9692a147658c,34.69,32.96,2025-11-17 16:41:20.312479+00:00
9de3c675-eda3-4e4d-b965-271207e1e938,34.69,32.96,2025-11-17 16:41:20.312479+00:00
70eef0a0-2d22-4308-b589-12f5b4998d43,34.69,32.96,2025-11-17 16:41:20.312479+00:00
dc978b65-28e9-4fc1-8971-68174a3c9fe2,34.69,32.96,2025-11-17 16:41:20.312479+00:00
6580b7ce-f7e4-458b-a7e2-3b67b12f97cf,34.69,32.96,2025-11-17 16:41:20.312479+00:00
ce5cecd4-4b08-4b63-8de0-2740d5109cc4,34.69,32.96,2025-11-17 16:41:20.312479+00:00
d6e361d1-a259-4fdc-bd3c-88115c80d269,34.69,32.96,2025-11-17 16:41:20.312479+00:00
90bf6f6e-99e9-4a15-a4ad-cd78411ccbb8,34.69,32.96,2025-11-17 16:41:20.312479+00:00
f04dfe74-d3dd-4fca-b407-11853fd564e8,34.69,32.96,2025-11-17 16:41:20.312479+00:00
1050b8f6-e6f1-4eb1-ab85-c370d7dcd24a,34.69,32.96,2025-11-17 16:41:20.312479+00:00
855cc2ef-9fb8-4338-b2c7-f4feb0d6343e,34.69,32.96,2025-11-17 16:41:20.312479+00:00
ba01489a-b127-482e-b291-2c5481bc72e0,34.69,32.96,2025-11-17 16:41:20.312479+00:00
2d7ba203-0093-470b-9edb-d7e3dd66a3db,34.69,32.96,2025-11-17 16:41:20.312479+00:00
d80e3e8e-c0cd-45e6-8f70-b0b980ec4ebc,34.69,32.96,2025-11-17 16:41:20.312479+00:00
a45e32bc-b3a9-4dc1-9849-b9648f49a469,34.69,32.96,2025-11-17 16:41:20.312479+00:00
6eda37b0-853b-4a87-bd15-04aa2f41783c,34.69,32.96,2025-11-17 16:41:20.312479+00:00
3e167522-d643-4b6c-8987-1959c1e0c64b,34.69,32.96,2025-11-17 16:41:20.312479+00:00
5a8e15e6-d566-434d-8ee6-0e437d19cfc6,34.69,32.96,2025-11-17 16:41:20.312479+00:00
457690c0-a2db-4db1-bdc3-3c172020578d,34.69,32.96,2025-11-17 16:41:20.312479+00:00
5a07545b-586e-4359-afe1-408f872491c4,34.69,32.96,2025-11-17 16:41:20.312479+00:00
f5cad106-16b9-45e7-86b3-3b9536a1d071,34.69,32.96,2025-11-17 16:41:20.312479+00:00
96993d13-7439-4410-8117-08f8e3d5e3fc,34.69,32.96,2025-11-17 16:41:20.312479+00:00
470454d0-86c2-48b6-932b-cece2c4cb64e,34.69,32.96,2025-11-17 16:41:20.312479+00:00
50c20f51-4126-4544-be28-5fdf6b925307,34.69,32.96,2025-11-17 16:41:20.312479+00:00
3ee3b72c-c73c-49ac-b025-b6f1d60afaf0,34.69,32.96,2025-11-17 16:41:20.312479+00:00
7aadd662-70ac-490b-8b4c-16392550eeb9,34.69,32.96,2025-11-17 16:41:20.312479+00:00
ed191d4c-6bc8-4ada-bc8a-c05f312f22c1,34.69,32.96,2025-11-17 16:41:20.312479+00:00
c888d5b0-03c8-4149-b2e7-18fb86f0eb4f,34.69,32.96,2025-11-17 16:41:20.312479+00:00
f714a24f-f4f6-469a-badc-903fdee79846,34.69,32.96,2025-11-17 16:41:20.312479+00:00
1e989f89-bb4f-4e44-97b8-0e8d0bc0103d,34.69,32.96,2025-11-17 16:41:20.312479+00:00
253d1889-257c-4cd1-8f67-696ce2eacd08,34.69,32.96,2025-11-17 16:41:20.312479+00:00
05f24582-39eb-466a-93e2-43a8d31132a6,34.69,32.96,2025-11-17 16:41:20.312479+00:00
a36281cd-1d57-4d4d-a2f3-d194136b38bf,34.69,32.96,2025-11-17 16:41:20.312479+00:00
fb71f9d7-25c3-4c33-9ec0-b8da526b1e34,34.69,32.96,2025-11-17 16:41:20.312479+00:00
eecdae28-a730-452c-8918-02449f40638b,34.69,32.96,2025-11-17 16:41:20.312479+00:00
62a14bb8-c3a2-4858-a46e-af65b34a894c,34.69,32.96,2025-11-17 16:41:20.312479+00:00
1acbbb23-15d5-4715-92c6-2ec705ad9ca9,34.69,32.96,2025-11-17 16:41:20.312479+00:00
64c3b6b3-ed12-4c8b-8561-5bd58cf0c66a,34.69,32.96,2025-11-17 16:41:20.312479+00:00
986a548b-1115-44fb-b18a-0d1518d11d18,34.69,32.96,2025-11-17 16:41:20.312479+00:00
ed95eefa-5bca-4d14-9d3c-a7bf6898000e,34.69,32.96,2025-11-17 16:41:20.312479+00:00
2b7188f1-72b4-47a2-b193-227eb968d728,34.69,32.96,2025-11-17 16:41:20.312479+00:00
446567fa-eb6b-4a8d-8f2e-adcf4faec58d,34.69,32.96,2025-11-17 16:41:20.312479+00:00
a33c9e63-d6ec-40f1-8aab-08d7e61ec5e8,34.69,32.96,2025-11-17 16:41:20.312479+00:00
113f710e-93e8-4038-87fa-b48cefcc07a3,34.69,32.96,2025-11-17 16:41:20.312479+00:00
04d1a5da-1154-4a14-a428-54fdcf1f9ac5,34.69,32.96,2025-11-17 16:41:20.312479+00:00
a4183d1a-c0b7-45ea-85e1-e7b507def618,34.69,32.96,2025-11-17 16:41:20.312479+00:00
54f4f422-0ed1-467b-ba04-4ea5482793a3,34.69,32.96,2025-11-17 16:41:20.312479+00:00
3da4e9da-3cf8-4a6c-9e19-c75f3e43a45c,34.69,32.96,2025-11-17 16:41:20.312479+00:00
7a51ba65-a98c-4d24-9025-4988c446be8f,34.69,32.96,2025-11-17 16:41:20.312479+00:00
9db8ab34-c5f7-418e-a465-f03e3a7ef8db,34.69,32.96,2025-11-17 16:41:20.312479+00:00
186a047e-f1db-4d2f-b7cd-672a4f971fc4,34.69,32.96,2025-11-17 16:41:20.312479+00:00
16f2c689-a8c9-4006-9ecc-7ab8981f954c,34.69,32.96,2025-11-17 16:41:20.312479+00:00
f4836faf-e67f-4317-a9de-0f0f43afbcb6,34.69,32.96,2025-11-17 16:41:20.312479+00:00
b001991b-0dc2-40e4-be48-6c191528476f,34.69,32.96,2025-11-17 16:41:20.312479+00:00
2b6ff23d-5802-4394-a931-7eb7740267ca,34.69,32.96,2025-11-17 16:41:20.312479+00:00
e94a918c-2ceb-49ef-be54-79ec415c4b06,34.69,32.96,2025-11-17 16:41:20.312479+00:00
5cb5f18f-0546-42fe-b0d5-391de5007223,34.69,32.96,2025-11-17 16:41:20.312479+00:00
a2aebefb-deee-4d05-b8f1-ed60e9833ec1,34.69,32.96,2025-11-17 16:41:20.312479+00:00
e27588c0-8102-4843-8999-359acb8ca974,34.69,32.96,2025-11-17 16:41:20.312479+00:00
b407c616-270a-4375-8b98-c770869cb75b,34.69,32.96,2025-11-17 16:41:20.312479+00:00
57d03d43-5d32-4724-8374-33c604e846cb,34.69,32.96,2025-11-17 16:41:20.312479+00:00
02c438bd-ea6e-49aa-a46c-f2fdd26984af,34.69,32.96,2025-11-17 16:41:20.312479+00:00
3d433cc4-ecfe-4182-8114-b4e2fc6e6356,34.69,32.96,2025-11-17 16:41:20.312479+00:00
a40ceaba-2811-44b2-bdfa-9b1a06a0730e,34.69,32.96,2025-11-17 16:41:20.312479+00:00
2b9ca19d-1009-4cbb-a45b-9ff510dbf40b,34.69,32.96,2025-11-17 16:41:20.312479+00:00
8022b678-41c2-457f-80cb-204b08bb24a2,34.69,32.96,2025-11-17 16:41:20.312479+00:00
32e30d8d-e4a3-4884-8b50-28568f417756,34.69,32.96,2025-11-17 16:41:20.312479+00:00
d25eb48a-ebe2-4223-89cc-298999c57a81,34.69,32.96,2025-11-17 16:41:20.312479+00:00
7c163d09-1ec2-4dea-8c87-2d56896c7f16,34.69,32.96,2025-11-17 16:41:20.312479+00:00
ef8b9bca-1eb5-42c1-86b2-a23f30fd3c3e,34.69,32.96,2025-11-17 16:41:20.312479+00:00
ba7de87f-6a45-48cb-9426-4fade8beb6e2,34.69,32.96,2025-11-17 16:41:20.312479+00:00
9570ce2b-a84e-4e70-b912-cd3eebbf1abf,34.69,32.96,2025-11-17 16:41:20.312479+00:00
7e575320-9416-4144-9c4f-e1d4dc527d46,34.69,32.96,2025-11-17 16:41:20.312479+00:00
726c3819-2c44-47ef-b59f-b6c4a06a90a0,34.69,32.96,2025-11-17 16:41:20.312479+00:00
7a0c8509-5a43-46d1-abaa-3058388727c2,34.69,32.96,2025-11-17 16:41:20.312479+00:00
eb59904e-1282-4275-9dee-24800c6e43c7,34.69,32.96,2025-11-17 16:41:20.312479+00:00
35f93b35-377f-4543-98d9-53e94573663b,34.69,32.96,2025-11-17 16:41:20.312479+00:00
04d6feb1-dfcb-4774-8503-9a5479363113,34.69,32.96,2025-11-17 16:41:20.312479+00:00
5a35265c-fbf4-4b1e-b9c0-acda2b980aeb,34.69,32.96,2025-11-17 16:41:20.312479+00:00
81878550-01be-4411-847e-15cbe6645f35,34.69,32.96,2025-11-17 16:41:20.312479+00:00
57e2d8fb-d73e-4d34-8b7b-2edf19d45388,34.69,32.96,2025-11-17 16:41:20.312479+00:00
7a8e2e48-7a54-4bda-bf59-5cee4404a1cb,34.69,32.96,2025-11-17 16:41:20.312479+00:00
f70be301-c18d-476e-b829-2aa56e7b7209,34.69,32.96,2025-11-17 16:41:20.312479+00:00
ffde8dc4-cf54-4932-8751-326361dda1f8,34.69,32.96,2025-11-17 16:41:20.312479+00:00
6706526e-bc9b-466a-8793-8186e662e255,34.69,32.96,2025-11-17 16:41:20.312479+00:00
420b04d8-93ee-4c9a-831b-a1eaccc1965e,34.69,32.96,2025-11-17 16:41:20.312479+00:00
fd5ec28d-69cf-4f04-a738-735e9f0d43be,34.69,32.96,2025-11-17 16:41:20.312479+00:00
792974d3-2c7b-4db2-bec2-e7a97309768f,34.69,32.96,2025-11-17 16:41:20.312479+00:00
553842e5-46ac-41e1-af62-969694907c3c,34.69,32.96,2025-11-17 16:41:20.312479+00:00
d92d1465-0110-4a15-a70d-ebead4a3e604,34.69,32.96,2025-11-17 16:41:20.312479+00:00
022744ae-2b9a-46c1-9279-3a9dd5461f0f,34.69,32.96,2025-11-17 16:41:20.312479+00:00
80739500-1c80-4317-a08c-fba793230941,34.69,32.96,2025-11-17 16:41:20.312479+00:00
877e3e12-fb86-43ed-a672-f68e0fa4322d,34.69,32.96,2025-11-17 16:41:20.312479+00:00
8c057656-99cd-430f-b9d5-a24d55779fdf,34.69,32.96,2025-11-17 16:41:20.312479+00:00
b2357e1e-dbb6-4111-8496-668faef79ef8,34.69,32.96,2025-11-17 16:41:20.312479+00:00
4edf7b5e-fa0c-47a6-a8c9-78562c33df7e,34.69,32.96,2025-11-17 16:41:20.312479+00:00
a814b360-55ca-4f77-be85-db1aa793ab4b,34.69,32.96,2025-11-17 16:41:20.312479+00:00
d07be4ff-c885-4260-95cb-c6e2c6f780e5,34.69,32.96,2025-11-17 16:41:20.312479+00:00
ce9c37b9-860c-48df-9d6b-3edddf84d72b,34.69,32.96,2025-11-17 16:41:20.312479+00:00
1f957525-0229-47d0-83f8-b12ed6330359,34.69,32.96,2025-11-17 16:41:20.312479+00:00
c49c25ba-5ac3-45db-8cf8-c3cfaff38a4c,34.69,32.96,2025-11-17 16:41:20.312479+00:00
b130530f-9130-4ce2-a349-6569c33ece49,34.69,32.96,2025-11-17 16:41:20.312479+00:00
6dd4bfe0-3eaf-4276-991a-249e53d4315a,34.69,32.96,2025-11-17 16:41:20.312479+00:00
34fa8b50-212a-4837-9972-3b07d2b3b02d,34.69,32.96,2025-11-17 16:41:20.312479+00:00
c95dae25-2f43-495c-92b2-4eb2057047ff,34.69,32.96,2025-11-17 16:41:20.312479+00:00
ae2ec845-9cec-4e21-82b3-ed949e38fff1,34.69,32.96,2025-11-17 16:41:20.312479+00:00
51f98c9b-adc3-4378-8ee7-45b9d7c29cd0,34.69,32.96,2025-11-17 16:41:20.312479+00:00
10a09d56-e39b-432e-a49e-dc836bd39a54,34.69,32.96,2025-11-17 16:41:20.312479+00:00
8fec7db4-f37a-4d8f-82c4-35a9e9e89335,34.69,32.96,2025-11-17 16:41:20.312479+00:00
71fd6677-b4a9-4e36-8a02-93d4be7d395d,34.69,32.96,2025-11-17 16:41:20.312479+00:00
bba23826-e06a-4029-8d9d-f08f4f2e1fa2,34.69,32.96,2025-11-17 16:41:20.312479+00:00
b4bd2b6d-92ad-45e4-ade4-04c2092bc899,34.69,32.96,2025-11-17 16:41:20.312479+00:00
4f816d77-2bfd-48f7-a6c5-80a8a30bfcbf,34.69,32.96,2025-11-17 16:41:20.312479+00:00
e4e1e374-cd24-4798-a46e-085fa327e223,34.69,32.96,2025-11-17 16:41:20.312479+00:00
02f84079-dd8d-40b3-8f6d-5566467c6985,34.69,32.96,2025-11-17 16:41:20.312479+00:00
047334aa-2576-49b6-927a-90f6515b8676,34.69,32.96,2025-11-17 16:41:20.312479+00:00
f8751d6d-1ef0-4501-9eb1-27c4ee3a0c5c,34.69,32.96,2025-11-17 16:41:20.312479+00:00
1f09a45f-9989-4279-94ba-b6fe1fbab51e,34.69,32.96,2025-11-17 16:41:20.312479+00:00
9a088252-6662-4994-b124-7dd6614366f4,34.69,32.96,2025-11-17 16:41:20.312479+00:00
016fc24a-aafa-40fc-ba79-eb11c95edcac,34.69,32.96,2025-11-17 16:41:20.312479+00:00
12386439-273e-4f9f-a640-286529442dd2,34.69,32.96,2025-11-17 16:41:20.312479+00:00
5496c5f6-c549-49e9-8f70-5e4cf582d131,34.69,32.96,2025-11-17 16:41:20.312479+00:00
4ce00fbc-c4e6-4fb6-9fac-72f942bc2d83,34.69,32.96,2025-11-17 16:41:20.312479+00:00
201ee909-714f-40f0-8ba4-b724baaddc92,34.69,32.96,2025-11-17 16:41:20.312479+00:00
96d00dcb-f180-4a6e-9ab6-275797b90c21,34.69,32.96,2025-11-17 16:41:20.312479+00:00
3569055a-392a-46c5-b47e-dd87da221dbc,34.69,32.96,2025-11-17 16:41:20.312479+00:00
96cd49cd-1731-4f26-9f84-a314c2f38df7,34.69,32.96,2025-11-17 16:41:20.312479+00:00
2d36fa3b-223e-4f65-bfa4-b20455acdde5,34.69,32.96,2025-11-17 16:41:20.312479+00:00
be8ecb45-a1cc-4031-b166-56fdd02b713e,34.69,32.96,2025-11-17 16:41:20.312479+00:00
eb3f4d9b-3ed3-49b9-a527-10ba425b8e6a,34.69,32.96,2025-11-17 16:41:20.312479+00:00
d25e0b3b-ecf2-4688-982a-1596d2b2313e,34.69,32.96,2025-11-17 16:41:20.312479+00:00
712e9b0d-b7ce-4073-81c5-5c23dfaed70e,34.69,32.96,2025-11-17 16:41:20.312479+00:00
ef73bab7-2c0a-4add-a2a8-15af90ab56c4,34.69,32.96,2025-11-17 16:41:20.312479+00:00
b63ff47b-1961-4071-a458-8b18efcae699,34.69,32.96,2025-11-17 16:41:20.312479+00:00
ada81d16-e7ac-4bda-9e52-7a9e8f0a3b03,34.69,32.96,2025-11-17 16:41:20.312479+00:00
3e124548-ac8f-4f82-a91b-15ce70b3a56d,34.69,32.96,2025-11-17 16:41:20.312479+00:00
6aa8056d-362f-4523-ada2-9624310ae8d3,34.69,32.96,2025-11-17 16:41:20.312479+00:00
739857c7-0e6c-494b-b4e1-b9c7ad9a5743,34.69,32.96,2025-11-17 16:41:20.312479+00:00
04fef4fd-75f8-4391-be30-58ddf697ecfa,34.69,32.96,2025-11-17 16:41:20.312479+00:00
eb7a2e3d-9fdf-4098-bbf1-5781d90a6c4e,34.69,32.96,2025-11-17 16:41:20.312479+00:00
4d7e7f8e-2fbc-4861-8c37-ee9a35fc3c12,34.69,32.96,2025-11-17 16:41:20.312479+00:00
5028a0ec-cf63-415a-a2e0-6ba0dc430bea,34.69,32.96,2025-11-17 16:41:20.312479+00:00
55714c5b-b387-40d0-9786-8401cfbf474f,34.69,32.96,2025-11-17 16:41:20.312479+00:00
b4dbd1f5-620e-4868-8b73-34b6fc0c2c26,34.69,32.96,2025-11-17 16:41:20.312479+00:00
091b5448-d18a-49ef-8e20-dc90813597af,34.69,32.96,2025-11-17 16:41:20.312479+00:00
656f9ab0-b5cd-43ea-bc53-803a86d3119f,34.69,32.96,2025-11-17 16:41:20.312479+00:00
39d469a1-8e7a-498e-8028-cbbd9da9fa7a,34.69,32.96,2025-11-17 16:41:20.312479+00:00
cab88766-8087-4276-bcc0-5bddfac00f18,34.69,32.96,2025-11-17 16:41:20.312479+00:00
ca76d274-934c-4d8f-98b1-733e3dfc3914,34.69,32.96,2025-11-17 16:41:20.312479+00:00
e4116bb0-d520-4c04-946b-f09073e38e69,34.69,32.96,2025-11-17 16:41:20.312479+00:00
f8b2f097-0c3b-4494-8f05-1127531f2d14,34.69,32.96,2025-11-17 16:41:20.312479+00:00
20f39b75-475d-4301-88ae-8888f4748375,34.69,32.96,2025-11-17 16:41:20.312479+00:00
8acc147a-1a3e-4c6e-9eed-ed61acef8048,34.69,32.96,2025-11-17 16:41:20.312479+00:00
be31a14e-87b1-4d5e-a8fb-b93ad86e77fc,34.69,32.96,2025-11-17 16:41:20.312479+00:00
cc2fdd7e-bfe7-4753-985c-c501841c158e,34.69,32.96,2025-11-17 16:41:20.312479+00:00
cf75a366-833f-42f5-8f5e-f33146958e0e,34.69,32.96,2025-11-17 16:41:20.312479+00:00
5b49e2f5-723e-474a-8a16-4526c8910273,34.69,32.96,2025-11-17 16:41:20.312479+00:00
aab17c09-67e6-433e-a3e2-8a8b71eda945,34.69,32.96,2025-11-17 16:41:20.312479+00:00
79de5a9b-d81c-4890-b292-6b25252eaa2d,34.69,32.96,2025-11-17 16:41:20.312479+00:00
c67853bd-aa51-4c6c-973a-53ad25956b02,34.69,32.96,2025-11-17 16:41:20.312479+00:00
be35d9eb-765e-41f5-bcd7-dcbb0ae22ac7,34.69,32.96,2025-11-17 16:41:20.312479+00:00
78c89358-6d63-4b91-91e1-3c2f20b4cedd,34.69,32.96,2025-11-17 16:41:20.312479+00:00
6372e924-7b2a-4481-811e-478a9b38d7f5,34.69,32.96,2025-11-17 16:41:20.312479+00:00
f12e4e94-6a1e-42f7-b98c-5c85ba4ad380,34.69,32.96,2025-11-17 16:41:20.312479+00:00
05226a9a-9639-4940-aa31-1c0841e0ce3d,34.69,32.96,2025-11-17 16:41:20.312479+00:00
f972440c-e69d-44ed-a896-ba955791c772,34.69,32.96,2025-11-17 16:41:20.312479+00:00
caa422c9-e7de-4e2e-9c21-c3ddeda00a87,34.69,32.96,2025-11-17 16:41:20.312479+00:00
697154a7-54dc-493f-9964-b0720412b3fd,34.69,32.96,2025-11-17 16:41:20.312479+00:00
6d53ed89-7898-4c93-aea8-3dc094aec269,34.69,32.96,2025-11-17 16:41:20.312479+00:00
bf447d02-e626-4271-a469-959596f8a831,34.69,32.96,2025-11-17 16:41:20.312479+00:00
bd06b094-052a-4758-9a3e-bfa8f473d0aa,34.69,32.96,2025-11-17 16:41:20.312479+00:00
d15c6d5f-28f4-4736-8763-84bfafc3646c,34.69,32.96,2025-11-17 16:41:20.312479+00:00
d1e895c0-20e7-4a9b-a675-b66b49848b77,34.69,32.96,2025-11-17 16:41:20.312479+00:00
2c3fb0da-56cd-499e-8fa8-2922d4025805,34.69,32.96,2025-11-17 16:41:20.312479+00:00
ba9ee222-d945-4808-9538-cad58115a259,34.69,32.96,2025-11-17 16:41:20.312479+00:00
287f993f-51ae-4a33-9a55-6a4e12f1b9db,34.69,32.96,2025-11-17 16:41:20.312479+00:00
fe71e358-88c4-4b42-b3cf-a643edab4ff6,34.69,32.96,2025-11-17 16:41:20.312479+00:00
2498b3d2-618a-46d1-aa2a-aa6938ffac02,34.69,32.96,2025-11-17 16:41:20.312479+00:00
225fd978-4ea2-49b5-86db-3bef2f0b4e64,34.69,32.96,2025-11-17 16:41:20.312479+00:00
2d83ad58-65bb-4eb4-aecf-f55b314826b7,34.69,32.96,2025-11-17 16:41:20.312479+00:00
e195e837-64a7-413e-9649-6ff9909307d1,34.69,32.96,2025-11-17 16:41:20.312479+00:00
fffa5b38-a7fa-4103-b027-f5240fcd8471,34.69,32.96,2025-11-17 16:41:20.312479+00:00
9393e28b-f643-4cce-9808-8a040e1799ff,34.69,32.96,2025-11-17 16:41:20.312479+00:00
83b5605c-ce3e-4dae-aa20-a7b8b7c1d4a1,34.69,32.96,2025-11-17 16:41:20.312479+00:00
d4834841-e534-41cc-92fa-6d70899c1696,34.69,32.96,2025-11-17 16:41:20.312479+00:00
4f9a662b-2d8c-4e81-aad4-8da1ab2b56c3,34.69,32.96,2025-11-17 16:41:20.312479+00:00
744d9990-6d0c-44d3-84f4-9c14633ed195,34.69,32.96,2025-11-17 16:41:20.312479+00:00
6e63723a-ffa5-4c6b-847b-908fb2d30841,34.69,32.96,2025-11-17 16:41:20.312479+00:00
b86103e9-2b71-4c38-b366-2f347bad5b87,34.69,32.96,2025-11-17 16:41:20.312479+00:00
ce7c19ad-3195-4c65-a101-5ca9eff3cb4c,34.69,32.96,2025-11-17 16:41:20.312479+00:00
e6d7f7ce-06a6-4796-9d5e-53dbd9d51115,34.69,32.96,2025-11-17 16:41:20.312479+00:00
504000be-91fb-4152-ab63-8d6bab14206a,34.69,32.96,2025-11-17 16:41:20.312479+00:00
7cb86961-730d-4dab-a073-06f6e2bf0edf,34.69,32.96,2025-11-17 16:41:20.312479+00:00
d57dc1b2-403c-4ed3-9396-7cb36cd87b15,34.69,32.96,2025-11-17 16:41:20.312479+00:00
fefe04c3-2811-4c97-a6f5-897c24898b9d,34.69,32.96,2025-11-17 16:41:20.312479+00:00
3627da82-e152-4a11-aa43-c10aa36d56b3,34.69,32.96,2025-11-17 16:41:20.312479+00:00
f5037250-a62e-4702-9d11-efc32f69e44b,34.69,32.96,2025-11-17 16:41:20.312479+00:00
cb100b6d-5c5d-45aa-8d5c-a6ee21f3588f,34.69,32.96,2025-11-17 16:41:20.312479+00:00
e0e97843-933c-49f3-8eed-85fb1bbde275,34.69,32.96,2025-11-17 16:41:20.312479+00:00
4f27097a-0e0c-47b2-952b-e40a0e500e6f,34.69,32.96,2025-11-17 16:41:20.312479+00:00
6774cb2a-8367-4b16-a136-9e672c7edd59,34.69,32.96,2025-11-17 16:41:20.312479+00:00
634fa9b4-c9e1-4f05-8254-5b02fe709ddc,34.69,32.96,2025-11-17 16:41:20.312479+00:00
9412572b-3d0a-40f4-9d94-f7c6fc074c1d,34.69,32.96,2025-11-17 16:41:20.312479+00:00
7f1ff3b7-fc93-41e9-a074-319c6dbcdc2e,34.69,32.96,2025-11-17 16:41:20.312479+00:00
5644357e-490d-48d1-9658-0b12e49f9e7c,34.69,32.96,2025-11-17 16:41:20.312479+00:00
e74a29f3-f553-42d9-bf5d-a238465bf99f,34.69,32.96,2025-11-17 16:41:20.312479+00:00
9c6a33d1-b901-4d7b-ab8d-25f769e594c0,34.69,32.96,2025-11-17 16:41:20.312479+00:00
2f1edcb7-e749-4ee3-a6bd-3a2765db2476,34.69,32.96,2025-11-17 16:41:20.312479+00:00
e29fb7e6-14fc-422d-b6b2-63e35d13fdc9,34.69,32.96,2025-11-17 16:41:20.312479+00:00
16b76e4b-41b2-4653-826e-14451a7874e7,34.69,32.96,2025-11-17 16:41:20.312479+00:00
1e8adb2b-3d72-44a5-8dd3-7b56cb9d63f5,34.69,32.96,2025-11-17 16:41:20.312479+00:00
10dd5a76-8e7a-4ba9-aa18-a45f09fa970a,34.69,32.96,2025-11-17 16:41:20.312479+00:00
448d6fea-a958-4f43-9026-e754628defbf,34.69,32.96,2025-11-17 16:41:20.312479+00:00
583121d4-fdc1-4fff-84a7-4044a031ee6e,34.69,32.96,2025-11-17 16:41:20.312479+00:00
314ebfd9-6986-4a91-b913-71a553d90bb2,34.69,32.96,2025-11-17 16:41:20.312479+00:00
d7df5572-5849-4ecb-b181-1435378d78d1,34.69,32.96,2025-11-17 16:41:20.312479+00:00
0136acb7-65d1-4bd7-bee6-889795bdf79c,34.69,32.96,2025-11-17 16:41:20.312479+00:00
f657001e-4482-469a-9c61-8def3b4913a3,34.69,32.96,2025-11-17 16:41:20.312479+00:00
2431a071-0b91-4f1e-b10c-bed5da9f4f2f,34.69,32.96,2025-11-17 16:41:20.312479+00:00
c3e5724d-2766-4ba2-987b-c28357c6b4ea,34.69,32.96,2025-11-17 16:41:20.312479+00:00
f3635bc0-f098-4c3d-9724-d89eb9c6b270,34.69,32.96,2025-11-17 16:41:20.312479+00:00
0009b695-00e0-441a-87f0-fc4de271560a,34.69,32.96,2025-11-17 16:41:20.312479+00:00
bad3d6b7-2156-448b-ab9b-48c2b5c91895,34.69,32.96,2025-11-17 16:41:20.312479+00:00
73c4eb6f-892c-4cbd-aa24-2a65a10f9187,34.69,32.96,2025-11-17 16:41:20.312479+00:00
dd61f578-0436-4b74-b14e-3f8b85714e6a,34.69,32.96,2025-11-17 16:41:20.312479+00:00
efe4642c-bafd-4bca-82ab-03efaf1ceb4e,34.69,32.96,2025-11-17 16:41:20.312479+00:00
145e8253-8bce-4e7c-bcc6-60a7f8556143,34.69,32.96,2025-11-17 16:41:20.312479+00:00
7e0d8e12-178b-480f-8d38-560e92db0f42,34.69,32.96,2025-11-17 16:41:20.312479+00:00
f084494e-b1c8-4aaf-a634-faaa5147b185,34.69,32.96,2025-11-17 16:41:20.312479+00:00
1d92aa68-4722-47cc-8bd7-e1d63f907bd1,34.69,32.96,2025-11-17 16:41:20.312479+00:00
1aaba101-6ac7-4b6d-ae3f-b62f7a7773fa,34.69,32.96,2025-11-17 16:41:20.312479+00:00
d0cf1d4b-d314-478d-930b-f26ebfcfab6e,34.69,32.96,2025-11-17 16:41:20.312479+00:00
663eadc8-b91d-41e1-aa84-afb306f4c098,34.69,32.96,2025-11-17 16:41:20.312479+00:00
294f63a5-ca92-457e-af67-6a6e11b4bac4,34.69,32.96,2025-11-17 16:41:20.312479+00:00
2093481b-359f-46e6-8566-a6430e7fbec5,34.69,32.96,2025-11-17 16:41:20.312479+00:00
c0f663eb-0eb8-45f9-85ac-81a854cc1d2a,34.69,32.96,2025-11-17 16:41:20.312479+00:00
a5170468-a317-4eb6-b970-7b48c56c72b1,34.69,32.96,2025-11-17 16:41:20.312479+00:00
9ac6c7da-20a6-4435-beff-26f799aa4e84,34.69,32.96,2025-11-17 16:41:20.312479+00:00
88867869-6784-4e22-b1da-62cd92417d10,34.69,32.96,2025-11-17 16:41:20.312479+00:00
53d6b7c0-e7a7-4500-acef-8cce047d4dbb,34.69,32.96,2025-11-17 16:41:20.312479+00:00
276f0b6c-b55a-46fc-9c71-3b081a56a9ee,34.69,32.96,2025-11-17 16:41:20.312479+00:00
868397cb-879c-4c8c-98be-4c67e6b15603,34.69,32.96,2025-11-17 16:41:20.312479+00:00
91be4571-8637-4d97-ab6b-01425a57aeb1,34.69,32.96,2025-11-17 16:41:20.312479+00:00
e2870cc7-168a-424b-9ab0-fcdfc843a8cd,34.69,32.96,2025-11-17 16:41:20.312479+00:00
ab592baf-c190-4717-bdf3-87cf6f340c84,34.69,32.96,2025-11-17 16:41:20.312479+00:00
9e466047-472f-41af-9551-e42211770f93,34.69,32.96,2025-11-17 16:41:20.312479+00:00
a722d822-5d9f-446f-855b-794b73e52c77,34.69,32.96,2025-11-17 16:41:20.312479+00:00
268ecf4f-4b48-4581-971c-366c8debf15f,34.69,32.96,2025-11-17 16:41:20.312479+00:00
4b488d5c-bc86-43f2-a8a2-2c7df42e4680,34.69,32.96,2025-11-17 16:41:20.312479+00:00
af0a382b-e010-4c33-bd6e-1b983301d402,34.69,32.96,2025-11-17 16:41:20.312479+00:00
213cfb0f-8609-4ab4-9540-50802f0dc770,34.69,32.96,2025-11-17 16:41:20.312479+00:00
b7757af3-3c06-4c6e-8174-dd8edadcd909,34.69,32.96,2025-11-17 16:41:20.312479+00:00
0499b148-9622-4bfb-b357-78492951050f,34.69,32.96,2025-11-17 16:41:20.312479+00:00
88cc9de1-04f0-404e-9e71-eb3eaf3d8d15,34.69,32.96,2025-11-17 16:41:20.312479+00:00
1d0f0693-7178-47fb-975c-e2283acf84c0,34.69,32.96,2025-11-17 16:41:20.312479+00:00
99c4699f-5551-48db-9fd1-46262c99d354,34.69,32.96,2025-11-17 16:41:20.312479+00:00
2bfe72a1-fcbd-4f5a-afe2-9ea9e004f494,34.69,32.96,2025-11-17 16:41:20.312479+00:00
66fae2e6-c6ca-4dab-932d-65f60c04aa5f,34.69,32.96,2025-11-17 16:41:20.312479+00:00
c592f846-5d1d-4752-811a-03270e04f63f,34.69,32.96,2025-11-17 16:41:20.312479+00:00
9b8e7fb1-1bd9-494c-8963-8cf8541ddb2f,34.69,32.96,2025-11-17 16:41:20.312479+00:00
66826838-92b6-4cce-aa11-219b04af1efc,34.69,32.96,2025-11-17 16:41:20.312479+00:00
9b7aeb0e-e2c1-421b-80c9-540324fa762c,34.69,32.96,2025-11-17 16:41:20.312479+00:00
44870769-a568-437d-981a-bcda801a7624,34.69,32.96,2025-11-17 16:41:20.312479+00:00
0f8787d9-5db0-4a5a-9a70-047e9fe285c9,34.69,32.96,2025-11-17 16:41:20.312479+00:00
d342be70-3401-472b-b98f-a6e6724711d3,34.69,32.96,2025-11-17 16:41:20.312479+00:00
e186386c-a075-450d-a573-4ee096182534,34.69,32.96,2025-11-17 16:41:20.312479+00:00
ad9e9ca8-5c65-4bec-b264-ec746b31101e,34.69,32.96,2025-11-17 16:41:20.312479+00:00
e965a962-5b86-47a6-9357-fc49777bf239,34.69,32.96,2025-11-17 16:41:20.312479+00:00
6278aeaf-3b32-4768-9167-3afd65976a5e,34.69,32.96,2025-11-17 16:41:20.312479+00:00
f79dec16-e585-4ee2-be3f-1819400c6892,34.69,32.96,2025-11-17 16:41:20.312479+00:00
160a80b4-003d-4461-9f1f-d9221e44f01b,34.69,32.96,2025-11-17 16:41:20.312479+00:00
d123f83b-2523-4ea0-af8e-b360bdbe5f0b,34.69,32.96,2025-11-17 16:41:20.312479+00:00
cfc0e7e6-2bf9-4365-861f-7158b1692ce7,34.69,32.96,2025-11-17 16:41:20.312479+00:00
adb112e4-815e-4832-a778-283436337640,34.69,32.96,2025-11-17 16:41:20.312479+00:00
4ad7c83e-c047-418d-8da7-c09971b0d485,34.69,32.96,2025-11-17 16:41:20.312479+00:00
efcebc5d-8acb-44d5-b074-3a53bb08cf18,34.69,32.96,2025-11-17 16:41:20.312479+00:00
ad5cfa0c-68ff-4bbe-be96-f678c6f4a692,34.69,32.96,2025-11-17 16:41:20.312479+00:00
55bfd63a-ce4d-471a-b6f9-506ab811b3f5,34.69,32.96,2025-11-17 16:41:20.312479+00:00
1864a0e7-f961-41de-8054-5bfe586cf1e8,34.69,32.96,2025-11-17 16:41:20.312479+00:00
b2c5b5b1-e7e0-4b4c-9e03-b00b42bdbab3,34.69,32.96,2025-11-17 16:41:20.312479+00:00
c756b1cf-74a7-4d3e-9210-ad4b8f181f9a,34.69,32.96,2025-11-17 16:41:20.312479+00:00
af785447-b6e5-451b-9c76-77b36f1d8f4c,34.69,32.96,2025-11-17 16:41:20.312479+00:00
d6179326-0940-4c97-a4a3-034ea557c269,34.69,32.96,2025-11-17 16:41:20.312479+00:00
56455773-631c-411c-8d53-4018f27e5abd,34.69,32.96,2025-11-17 16:41:20.312479+00:00
61f21ff9-5ae5-4872-91ef-e01a9de433f7,34.69,32.96,2025-11-17 16:41:20.312479+00:00
dbe43267-ad91-4aff-a7ad-a3b381e1720f,34.69,32.96,2025-11-17 16:41:20.312479+00:00
6711b0b6-5ccc-47e5-bb77-9113c4302082,34.69,32.96,2025-11-17 16:41:20.312479+00:00
66c94233-0496-435d-b519-178842edaab3,34.69,32.96,2025-11-17 16:41:20.312479+00:00
46453b2e-be55-4d27-b683-3eed016be6b6,34.69,32.96,2025-11-17 16:41:20.312479+00:00
77aea095-5e80-4a12-a546-1908ce1a3629,34.69,32.96,2025-11-17 16:41:20.312479+00:00
2578a316-d7cc-436e-871d-69f463bd20f6,34.69,32.96,2025-11-17 16:41:20.312479+00:00
80611757-d15c-48d9-8915-c91239cc17db,34.69,32.96,2025-11-17 16:41:20.312479+00:00
b1c71166-4718-45d6-aa6a-06b0b7995e6b,34.69,32.96,2025-11-17 16:41:20.312479+00:00
4b0f0856-5672-4ac3-8789-c71fd31a234c,34.69,32.96,2025-11-17 16:41:20.312479+00:00
49c92359-446d-4ae9-a45c-59ca02390b08,34.69,32.96,2025-11-17 16:41:20.312479+00:00
5e8561d2-a1d8-450e-b629-1502025460dc,34.69,32.96,2025-11-17 16:41:20.312479+00:00
8b4b7826-2532-46ce-9d43-0123d9b0ae20,34.69,32.96,2025-11-17 16:41:20.312479+00:00
68c50930-2a82-44d0-a004-d9398ae6d1ac,34.69,32.96,2025-11-17 16:41:20.312479+00:00
f97f1b50-fd42-47c3-9e0e-bee9af9961ae,34.69,32.96,2025-11-17 16:41:20.312479+00:00
0cf20192-7068-4abe-b33c-025494d277ab,34.69,32.96,2025-11-17 16:41:20.312479+00:00
89f83865-0d60-4193-8691-c31f68159c24,34.69,32.96,2025-11-17 16:41:20.312479+00:00
34121c82-649d-4d05-aa4f-e2e98354a11a,34.69,32.96,2025-11-17 16:41:20.312479+00:00
67875f52-da0c-449d-87fd-9f101ba9b07b,34.69,32.96,2025-11-17 16:41:20.312479+00:00
f57e3120-70cf-4d53-9eaa-60680d46e506,34.69,32.96,2025-11-17 16:41:20.312479+00:00
3b10ecbd-1c7f-4666-8035-5c6ee3e3dfaa,34.69,32.96,2025-11-17 16:41:20.312479+00:00
039f44e0-a106-495c-a813-d742676ebc85,34.69,32.96,2025-11-17 16:41:20.312479+00:00
563e5a77-4609-4f85-a88a-b6e21c9a47df,34.69,32.96,2025-11-17 16:41:20.312479+00:00
49ed7308-7975-4efb-a5dc-a27701b802f4,34.69,32.96,2025-11-17 16:41:20.312479+00:00
d1623125-fab3-46fd-989b-4fb0bf2902a5,34.69,32.96,2025-11-17 16:41:20.312479+00:00
db05840c-668f-435b-b9d3-d4ba0ac0bf05,34.69,32.96,2025-11-17 16:41:20.312479+00:00
d6c65c35-cb11-418a-8029-56d6d410753e,34.69,32.96,2025-11-17 16:41:20.312479+00:00
5357d61e-54a6-43da-8221-0b2aa804f425,34.69,32.96,2025-11-17 16:41:20.312479+00:00
8fc17606-746b-42a0-95bb-039cdc182126,34.69,32.96,2025-11-17 16:41:20.312479+00:00
9f47bf00-905a-43d6-91fc-e4ec574119dc,34.69,32.96,2025-11-17 16:41:20.312479+00:00
acb31a1e-b749-47dd-9684-e1120e2d27f1,34.69,32.96,2025-11-17 16:41:20.312479+00:00
e8d1ae7e-0699-49c0-8247-670126a04883,34.69,32.96,2025-11-17 16:41:20.312479+00:00
f56e77a8-c055-4eae-a75f-7281fe1d8c4d,34.69,32.96,2025-11-17 16:41:20.312479+00:00
177b41d8-9040-46bf-9801-ab85a71529bd,34.69,32.96,2025-11-17 16:41:20.312479+00:00
15eff011-a630-4be0-aa51-5f40c4c01fcb,34.69,32.96,2025-11-17 16:41:20.312479+00:00
a9175447-2952-4925-97ee-af26929b1c6c,34.69,32.96,2025-11-17 16:41:20.312479+00:00
c0605fee-6a09-4513-944b-a2e8379e8df9,34.69,32.96,2025-11-17 16:41:20.312479+00:00
b3ad8f73-247e-47cf-9512-92042e271555,34.69,32.96,2025-11-17 16:41:20.312479+00:00
333cdb4a-20d1-43a9-8924-8ba120ab0609,34.69,32.96,2025-11-17 16:41:20.312479+00:00
8424a0b6-6723-45f6-aba5-30f663356742,34.69,32.96,2025-11-17 16:41:20.312479+00:00
115187e0-f356-40aa-b198-2ef5d6c06bbc,34.69,32.96,2025-11-17 16:41:20.312479+00:00
e94df737-7f04-44ae-bb05-44b313fa32fa,34.69,32.96,2025-11-17 16:41:20.312479+00:00
309289ee-5a31-4935-93d8-2fa25b3f8dc7,34.69,32.96,2025-11-17 16:41:20.312479+00:00
8066c572-db76-4a1d-a284-4e4c845535a9,34.69,32.96,2025-11-17 16:41:20.312479+00:00
6e4ad687-0fef-484e-9828-dc55ac6e9483,34.69,32.96,2025-11-17 16:41:20.312479+00:00
1389e060-6b44-4173-9c5a-6a669df00bab,34.69,32.96,2025-11-17 16:41:20.312479+00:00
2520a078-8ea9-4e59-bbb6-9319bc043398,34.69,32.96,2025-11-17 16:41:20.312479+00:00
cf20a88c-41e1-4f3a-8594-27f8f60d3713,34.69,32.96,2025-11-17 16:41:20.312479+00:00
f4477876-f019-4441-900b-8b009ee6b54e,34.69,32.96,2025-11-17 16:41:20.312479+00:00
dbcfba6e-7353-4ab0-949b-c60984f735f4,34.69,32.96,2025-11-17 16:41:20.312479+00:00
e4506071-46d1-4f1b-8f64-9abcda8b6554,34.69,32.96,2025-11-17 16:41:20.312479+00:00
2d144434-2826-40a6-963f-e43a94127e60,34.69,32.96,2025-11-17 16:41:20.312479+00:00
808a12de-5aea-4feb-a798-fcf644ae8d6f,34.69,32.96,2025-11-17 16:41:20.312479+00:00
6271a9f5-8953-43ed-822e-e2df1a2aa258,34.69,32.96,2025-11-17 16:41:20.312479+00:00
4294134d-124f-4f6c-8b70-5c63bdc2235b,34.69,32.96,2025-11-17 16:41:20.312479+00:00
c691d537-9b21-4749-b6a4-2e44ddcb83ca,34.69,32.96,2025-11-17 16:41:20.312479+00:00
61b47329-ffe9-43d3-bed7-d7bb8a89d20d,34.69,32.96,2025-11-17 16:41:20.312479+00:00
0a0b5f5e-3fec-4d49-b4a8-f5a4e4309046,34.69,32.96,2025-11-17 16:41:20.312479+00:00
f40db267-1737-4b00-8d51-d44ffb4f405f,34.69,32.96,2025-11-17 16:41:20.312479+00:00
576276db-2247-4375-bea1-aab627ae673f,34.69,32.96,2025-11-17 16:41:20.312479+00:00
322e2ca7-5154-4420-8ff2-89f4cc9db41d,34.69,32.96,2025-11-17 16:41:20.312479+00:00
ffed90e0-41c8-459f-a22c-66999b9b781e,34.69,32.96,2025-11-17 16:41:20.312479+00:00
2c0ec824-08b4-439d-bca7-bf09f9557bf6,34.69,32.96,2025-11-17 16:41:20.312479+00:00
888d6841-298e-47cd-948a-e2e1e9f0f8b2,34.69,32.96,2025-11-17 16:41:20.312479+00:00
14d4cc00-9ff2-40c7-8dc6-5ec898bf4cb6,34.69,32.96,2025-11-17 16:41:20.312479+00:00
c31bd48d-110c-48e9-a585-5444b7cf095e,34.69,32.96,2025-11-17 16:41:20.312479+00:00
c74f349b-b06e-4af8-aa11-1ac6869d66a3,34.69,32.96,2025-11-17 16:41:20.312479+00:00
beed6805-f14e-4012-9bce-fdb3c3e05cb6,34.69,32.96,2025-11-17 16:41:20.312479+00:00
d5b22a03-a0e4-4b3f-b04f-3c1d12159c93,34.69,32.96,2025-11-17 16:41:20.312479+00:00
d78ae384-192b-4303-91ee-c044651f1c73,34.69,32.96,2025-11-17 16:41:20.312479+00:00
32ed3e78-6bc7-4102-90ca-52b68298e8c4,34.69,32.96,2025-11-17 16:41:20.312479+00:00
f62a8419-b266-48bf-b00c-1948065eaa6d,34.69,32.96,2025-11-17 16:41:20.312479+00:00
47c7ff34-89e1-401e-a4f2-2d48124171a9,34.69,32.96,2025-11-17 16:41:20.312479+00:00
2c7a6e28-120e-476f-9b57-063bbfaf435a,34.69,32.96,2025-11-17 16:41:20.312479+00:00
33904975-097e-463e-b49d-23ff290d2e9d,34.69,32.96,2025-11-17 16:41:20.312479+00:00
7a7a25eb-0288-49bb-bb55-9f635f087118,34.69,32.96,2025-11-17 16:41:20.312479+00:00
3e74720f-cab4-4fe7-8f9f-f4c9e09364a4,34.69,32.96,2025-11-17 16:41:20.312479+00:00
708f5c7e-cc0c-433c-a332-904573d2e1a5,34.69,32.96,2025-11-17 16:41:20.312479+00:00
769180d1-4e29-4ea8-b012-e62ff0df21ce,34.69,32.96,2025-11-17 16:41:20.312479+00:00
0dd08ac8-51fa-45fe-af0a-a65f20601b03,34.69,32.96,2025-11-17 16:41:20.312479+00:00
e052c37f-94a7-412c-a983-cd4c8bcd2906,34.69,32.96,2025-11-17 16:41:20.312479+00:00
743508c2-b85c-4322-aa52-32f55aaa1444,34.69,32.96,2025-11-17 16:41:20.312479+00:00
7b67f93d-1862-4b6f-a3d2-32c253e5c62d,34.69,32.96,2025-11-17 16:41:20.312479+00:00
f61c4e5a-257e-421a-b111-339dd5229832,34.69,32.96,2025-11-17 16:41:20.312479+00:00
dea18471-6a29-4a9f-b855-d7ddb1db0f02,34.69,32.96,2025-11-17 16:41:20.312479+00:00
e5581ad6-4d14-465b-9069-99e6574d6ac8,34.69,32.96,2025-11-17 16:41:20.312479+00:00
19101383-f31d-4472-a762-571df747658c,34.69,32.96,2025-11-17 16:41:20.312479+00:00
3af6a8b6-65f1-4baa-995a-8a862237988e,34.69,32.96,2025-11-17 16:41:20.312479+00:00
7710f71e-596c-41f2-906d-018917a288be,34.69,32.96,2025-11-17 16:41:20.312479+00:00
4b0e824a-629e-41e2-b7be-2b769aa606bf,34.69,32.96,2025-11-17 16:41:20.312479+00:00
5ab5bb5f-9652-4999-9856-0f5afdc4731d,34.69,32.96,2025-11-17 16:41:20.312479+00:00
1968c8a5-1657-437f-b4d8-284d81a4427e,34.69,32.96,2025-11-17 16:41:20.312479+00:00
a60670bb-463c-47aa-8ead-7c06511882fc,34.69,32.96,2025-11-17 16:41:20.312479+00:00
755f55ec-af1d-4c3d-a31d-c906052482f7,34.69,32.96,2025-11-17 16:41:20.312479+00:00
e3c205e0-4b57-4cd3-a8a3-3968a3047059,34.69,32.96,2025-11-17 16:41:20.312479+00:00
87a7374d-756d-4a22-9294-cc7cf87590c7,34.69,32.96,2025-11-17 16:41:20.312479+00:00
3356c407-c38a-462b-a7ba-44c1c418b16e,34.69,32.96,2025-11-17 16:41:20.312479+00:00
1bcbb59d-d7da-4f39-95e1-07ea4c2b2caf,34.69,32.96,2025-11-17 16:41:20.312479+00:00
06aee3c0-5a59-475b-8e57-eef90b8c640b,34.69,32.96,2025-11-17 16:41:20.312479+00:00
1fffb38d-2a6d-4fb7-a604-4e471d156a49,34.69,32.96,2025-11-17 16:41:20.312479+00:00
c5586f6c-04e6-4b7d-9b91-1cb0524f6fc7,34.69,32.96,2025-11-17 16:41:20.312479+00:00
feba0a06-0018-46ad-9632-7476271da2ce,34.69,32.96,2025-11-17 16:41:20.312479+00:00
b079ccf9-dccb-4fff-89e0-7f15d6c99c13,34.69,32.96,2025-11-17 16:41:20.312479+00:00
579661de-f17c-49e5-9989-d511d63353bb,34.69,32.96,2025-11-17 16:41:20.312479+00:00
ce06df55-e762-4712-88f8-3e10c5abe560,34.69,32.96,2025-11-17 16:41:20.312479+00:00
ab7dbed6-1188-4f95-96bc-470ded16d5cc,34.69,32.96,2025-11-17 16:41:20.312479+00:00
eefb780a-b37b-44ce-8565-dd940259fb04,34.69,32.96,2025-11-17 16:41:20.312479+00:00
35d414ee-8fc3-4869-b121-2d9c077f99b4,34.69,32.96,2025-11-17 16:41:20.312479+00:00
508726e6-3566-4848-a2fe-c6c10d6dc089,34.69,32.96,2025-11-17 16:41:20.312479+00:00
24b8c099-fb6a-440e-8f18-baf0f486f4a0,34.69,32.96,2025-11-17 16:41:20.312479+00:00
53e542e0-aa03-4eeb-8207-06f1179da1c5,34.69,32.96,2025-11-17 16:41:20.312479+00:00
b4d16d84-ed0f-4ca9-89c2-076cc1aed35c,34.69,32.96,2025-11-17 16:41:20.312479+00:00
84cd907c-ec4b-4e6e-88fe-dd078c1d9d66,34.69,32.96,2025-11-17 16:41:20.312479+00:00
2dde64d9-3e52-48b6-8831-63988aa54e1e,34.69,32.96,2025-11-17 16:41:20.312479+00:00
5766c8a4-7710-4ddc-ac1a-71c4f726587a,34.69,32.96,2025-11-17 16:41:20.312479+00:00
05457189-9e01-4262-bbb9-1013a1c47c16,34.69,32.96,2025-11-17 16:41:20.312479+00:00
b3b1cb41-9c81-4dfa-adeb-9fbd802ae72d,34.69,32.96,2025-11-17 16:41:20.312479+00:00
4f5ed80d-426d-4966-a196-9dea37ca1349,34.69,32.96,2025-11-17 16:41:20.312479+00:00
0ca9ca78-2078-427b-b7ed-b5bcad83601f,34.69,32.96,2025-11-17 16:41:20.312479+00:00
cc13f84f-1473-472a-9ad4-2287f6b5bf2b,34.69,32.96,2025-11-17 16:41:20.312479+00:00
ba2d80f7-878f-4d89-8ec7-8a6c0cf2faf2,34.69,32.96,2025-11-17 16:41:20.312479+00:00
39def926-da81-4164-b5ab-3bc3d80a266d,34.69,32.96,2025-11-17 16:41:20.312479+00:00
09db10c5-9f7f-418a-973c-81a3e51d0870,34.69,32.96,2025-11-17 16:41:20.312479+00:00
3a2cfa20-640c-4e2c-a95b-2373715d550c,34.69,32.96,2025-11-17 16:41:20.312479+00:00
d15fa4d6-91fb-488e-bf40-237b461b76a6,34.69,32.96,2025-11-17 16:41:20.312479+00:00
8a003e50-d870-4fe8-90ac-8d64477e7c86,34.69,32.96,2025-11-17 16:41:20.312479+00:00
77043eaf-b92b-47cb-914e-8caad95b0be9,34.69,32.96,2025-11-17 16:41:20.312479+00:00
63a64e76-e505-4ac3-af53-473e5404b7b4,34.69,32.96,2025-11-17 16:41:20.312479+00:00
4ca9ccc0-efee-4274-b1a0-92c9d7c9951a,34.69,32.96,2025-11-17 16:41:20.312479+00:00
1414b553-0c1e-471d-825c-5e1658ba0bda,34.69,32.96,2025-11-17 16:41:20.312479+00:00
d76bf31a-5ef7-47a8-b1f5-bb7384719240,34.69,32.96,2025-11-17 16:41:20.312479+00:00
c8f46c72-2c8e-4854-80a5-b930f28a46b5,34.69,32.96,2025-11-17 16:41:20.312479+00:00
cf37e5db-824a-4192-8c95-3350df684646,34.69,32.96,2025-11-17 16:41:20.312479+00:00
b51edfd4-6574-40b9-875d-2dc1701089a4,34.69,32.96,2025-11-17 16:41:20.312479+00:00
dad04b9b-a7ff-4ee6-96e6-d03a74a45bcf,34.69,32.96,2025-11-17 16:41:20.312479+00:00
20cc4521-f92e-4e4b-bd2c-d3604cef846d,34.69,32.96,2025-11-17 16:41:20.312479+00:00
ea5fd581-52fd-49ac-8ddf-4d9272ad496c,34.69,32.96,2025-11-17 16:41:20.312479+00:00
3efbece8-703b-4094-80ec-cd2f4082e200,34.69,32.96,2025-11-17 16:41:20.312479+00:00
9cb1f3d3-596a-4d14-942e-2c81a71bdbb0,34.69,32.96,2025-11-17 16:41:20.312479+00:00
eeb52144-8b67-4281-8300-22e80b1cd548,34.69,32.96,2025-11-17 16:41:20.312479+00:00
0564378a-927b-4bf4-bc43-d4a95e2b7ff5,34.69,32.96,2025-11-17 16:41:20.312479+00:00
a053b533-3084-424e-b764-2b9853f540aa,34.69,32.96,2025-11-17 16:41:20.312479+00:00
c5e4b212-51bb-4ec5-a4b8-82a97a602fc5,34.69,32.96,2025-11-17 16:41:20.312479+00:00
071aeaf9-7e75-40c5-b1ad-c3834d15b825,34.69,32.96,2025-11-17 16:41:20.312479+00:00
60ee530d-df33-442f-96e1-45630f8d87ed,34.69,32.96,2025-11-17 16:41:20.312479+00:00
36d21ce7-1025-4d41-89bc-6e4ad4c1c98d,34.69,32.96,2025-11-17 16:41:20.312479+00:00
f3a10738-235d-419d-9098-4b77325e1e48,34.69,32.96,2025-11-17 16:41:20.312479+00:00
c67a0c94-9501-45ff-9a4d-5a1e72db8203,34.69,32.96,2025-11-17 16:41:20.312479+00:00
16ac1e3c-c862-4d93-8e44-612f39d62917,34.69,32.96,2025-11-17 16:41:20.312479+00:00
4f31fd9d-4183-4ee0-88c5-8bdfa6700d2a,34.69,32.96,2025-11-17 16:41:20.312479+00:00
952d4605-b19a-472f-9da0-f633b814c206,34.69,32.96,2025-11-17 16:41:20.312479+00:00
324a016c-952b-4a92-8e80-37bd10c3ed9e,34.69,32.96,2025-11-17 16:41:20.312479+00:00
a3499dc5-9364-4d9e-bb18-06a0febeb70e,34.69,32.96,2025-11-17 16:41:20.312479+00:00
b40bc707-11e1-4dc5-8ab9-17610cc98916,34.69,32.96,2025-11-17 16:41:20.312479+00:00
8af2c38d-5586-4e71-95ac-c1895187dac8,34.69,32.96,2025-11-17 16:41:20.312479+00:00
962d0ca8-5e0b-4f8e-b8fd-eb954300fcfb,34.69,32.96,2025-11-17 16:41:20.312479+00:00
a919811a-4cab-4929-bd3b-26c13eeb2b12,34.69,32.96,2025-11-17 16:41:20.312479+00:00
4daae842-c9dd-48bf-b5cd-2e9a0abb39a8,34.69,32.96,2025-11-17 16:41:20.312479+00:00
4430edd9-de11-426b-bfef-4f8be334fa00,34.69,32.96,2025-11-17 16:41:20.312479+00:00
05421021-b49c-4e2c-a2e4-02b3a8861988,34.69,32.96,2025-11-17 16:41:20.312479+00:00
f6434f5d-e808-4f17-850c-d3997c466a8e,34.69,32.96,2025-11-17 16:41:20.312479+00:00
1995977d-0976-4a6a-84e6-9a25fd6a27b0,34.69,32.96,2025-11-17 16:41:20.312479+00:00
608ba14b-1fd9-4293-aa02-bf7c90859717,34.69,32.96,2025-11-17 16:41:20.312479+00:00
285c48bf-5628-488f-8617-92ce1e9af1f6,34.69,32.96,2025-11-17 16:41:20.312479+00:00
f3a3699d-0ae2-49f8-ba76-df742cf159cd,34.69,32.96,2025-11-17 16:41:20.312479+00:00
97b0125a-9344-4a62-ba54-8c5046fa5c6b,34.69,32.96,2025-11-17 16:41:20.312479+00:00
f751dfc9-324c-4a0a-b418-d9fb3361a4e6,34.69,32.96,2025-11-17 16:41:20.312479+00:00
060524ab-623a-467e-a62f-08cdf4afd431,34.69,32.96,2025-11-17 16:41:20.312479+00:00
28bcea8a-292a-4fcb-bc7b-bddd36c6ef46,34.69,32.96,2025-11-17 16:41:20.312479+00:00
e385fd5e-98de-485a-a3e7-26513e7be9aa,34.69,32.96,2025-11-17 16:41:20.312479+00:00
9b8c8155-315f-4636-8ae3-95df6a038dc7,34.69,32.96,2025-11-17 16:41:20.312479+00:00
c059d4c2-5d1e-4475-b76d-3e29f4538f51,34.69,32.96,2025-11-17 16:41:20.312479+00:00
1c8afb2e-5e77-47d9-8d52-17d0550d7a8c,34.69,32.96,2025-11-17 16:41:20.312479+00:00
f5c12329-bcee-4fb5-a6b3-98d766b0f14d,34.69,32.96,2025-11-17 16:41:20.312479+00:00
30d543ed-bf0f-4d3e-a824-ec13e1fbe24c,34.69,32.96,2025-11-17 16:41:20.312479+00:00
f97cff48-aba0-4bf2-be07-e31a6e3cd136,34.69,32.96,2025-11-17 16:41:20.312479+00:00
586de3e5-6d6a-4893-925b-a754775e54b5,34.69,32.96,2025-11-17 16:41:20.312479+00:00
9a7f18e0-a1a3-4fc0-946b-9a1c54d6040d,34.69,32.96,2025-11-17 16:41:20.312479+00:00
cd61a7cd-054c-4ac5-985a-74f13249fd0c,34.69,32.96,2025-11-17 16:41:20.312479+00:00
72e063fe-8791-406c-9053-c3eff57d9176,34.69,32.96,2025-11-17 16:41:20.312479+00:00
826c168b-af12-414e-948c-b6bb20f10e29,34.69,32.96,2025-11-17 16:41:20.312479+00:00
70475fce-a644-4908-8a27-f09febdcc460,34.69,32.96,2025-11-17 16:41:20.312479+00:00
d308fe10-056a-47a7-9926-0feeff727b33,34.69,32.96,2025-11-17 16:41:20.312479+00:00
dd63595b-106b-40be-8ca4-f79c885be9c7,34.69,32.96,2025-11-17 16:41:20.312479+00:00
68c175db-c856-41e9-8f54-1d59ae0f6112,34.69,32.96,2025-11-17 16:41:20.312479+00:00
0817f53a-e090-4d55-9306-d6f78809d4b2,34.69,32.96,2025-11-17 16:41:20.312479+00:00
73b01717-0abd-4f0c-a470-dcbe0fde8858,34.69,32.96,2025-11-17 16:41:20.312479+00:00
b82bb269-fa6a-4dcc-911a-8c942442313a,34.69,32.96,2025-11-17 16:41:20.312479+00:00
d0759a6e-381a-476f-971c-03aa677aa76c,34.69,32.96,2025-11-17 16:41:20.312479+00:00
77434a28-37ce-43e4-bcec-0e90e096368a,34.69,32.96,2025-11-17 16:41:20.312479+00:00
6a21c09f-b6a5-49af-ba0a-bf202f57f80d,34.69,32.96,2025-11-17 16:41:20.312479+00:00
f3797ad9-d30b-4e10-b3b8-d8263e933584,34.69,32.96,2025-11-17 16:41:20.312479+00:00
1ea152ba-dfdd-4ceb-8e9b-509dc67f80b8,34.69,32.96,2025-11-17 16:41:20.312479+00:00
c195fbef-b650-436a-b92d-9bcab1901ecc,34.69,32.96,2025-11-17 16:41:20.312479+00:00
f803ddfe-2a94-455b-b98b-e72457f418d6,34.69,32.96,2025-11-17 16:41:20.312479+00:00
dce7e433-30a8-48c6-8ed4-29c05609d2cc,34.69,32.96,2025-11-17 16:41:20.312479+00:00
bc64e30d-e5e0-4b48-bb6c-e91980ad8045,34.69,32.96,2025-11-17 16:41:20.312479+00:00
b1306197-b259-4c07-99d5-781df7971d0e,34.69,32.96,2025-11-17 16:41:20.312479+00:00
4a216b86-2ab6-44b1-9908-35c7ca83b1b6,34.69,32.96,2025-11-17 16:41:20.312479+00:00
5494dc1f-0d2a-4094-aa3e-314d7373a1ae,34.69,32.96,2025-11-17 16:41:20.312479+00:00
a5204c84-476d-4d34-a588-5749ff576c6c,34.69,32.96,2025-11-17 16:41:20.312479+00:00
8b391a51-f273-4c78-9704-a9e185b2ac38,34.69,32.96,2025-11-17 16:41:20.312479+00:00
9b968549-a7e7-45d6-9759-97b87e1ff62c,34.69,32.96,2025-11-17 16:41:20.312479+00:00
40d79ede-7c9e-4efa-b89a-e482a14d14c1,34.69,32.96,2025-11-17 16:41:20.312479+00:00
04844c16-2d3e-489a-8c72-df23c1906328,34.69,32.96,2025-11-17 16:41:20.312479+00:00
61674ee8-f8d4-4a95-862a-113743409a9d,34.69,32.96,2025-11-17 16:41:20.312479+00:00
ea8eadd7-a241-489d-9d23-0ad95e020690,34.69,32.96,2025-11-17 16:41:20.312479+00:00
57231bb7-c542-4898-a51b-4bc999771fb9,34.69,32.96,2025-11-17 16:41:20.312479+00:00
0be4ea30-8fa8-4243-b635-f2aaf8fcc378,34.69,32.96,2025-11-17 16:41:20.312479+00:00
a4e74f43-ba03-4123-a91e-837f43f4ae8b,34.69,32.96,2025-11-17 16:41:20.312479+00:00
8eefc225-f98e-4b85-86c7-8adc7167e682,34.69,32.96,2025-11-17 16:41:20.312479+00:00
8e1d8c00-0dc6-4f94-95fd-fb5aa406946a,34.69,32.96,2025-11-17 16:41:20.312479+00:00
f163681c-f2fe-4aac-85be-681b79c87724,34.69,32.96,2025-11-17 16:41:20.312479+00:00
628c56a3-aa02-4bf6-97e2-17009e9a3c1f,34.69,32.96,2025-11-17 16:41:20.312479+00:00
a8cb94f8-89f4-4678-91d0-dd67c8ec556c,34.69,32.96,2025-11-17 16:41:20.312479+00:00
ebbcae1a-6656-49ba-a28d-dd982faebeac,34.69,32.96,2025-11-17 16:41:20.312479+00:00
951d32d5-92c3-405c-b9f0-a897609d5946,34.69,32.96,2025-11-17 16:41:20.312479+00:00
5274ff7c-b4eb-471c-89bc-b230573be745,34.69,32.96,2025-11-17 16:41:20.312479+00:00
d3e13449-1d6d-4029-a2d2-dfbb6fb7dfe3,34.69,32.96,2025-11-17 16:41:20.312479+00:00
43ea4952-724c-4d22-a08f-10609cbf1cf6,34.69,32.96,2025-11-17 16:41:20.312479+00:00
b4918e4f-6db4-44f8-973c-0b991dcd290a,34.69,32.96,2025-11-17 16:41:20.312479+00:00
94d8605f-5963-4021-9814-992c2ad9ffff,34.69,32.96,2025-11-17 16:41:20.312479+00:00
cbe2d2c8-af4f-449c-9e29-805f04133253,34.69,32.96,2025-11-17 16:41:20.312479+00:00
c2a3903a-bdc7-4cb6-b62a-dbbdca9ca5e1,34.69,32.96,2025-11-17 16:41:20.312479+00:00
5cbe65f4-4b11-4380-bd76-788268d8cf2f,34.69,32.96,2025-11-17 16:41:20.312479+00:00
fcc75f66-0844-42f2-8aa9-d568ac903b61,34.69,32.96,2025-11-17 16:41:20.312479+00:00
39d08ab4-956b-4f00-8272-fe840dc10ca7,34.69,32.96,2025-11-17 16:41:20.312479+00:00
f12d20d8-97b8-466d-9cd2-c29015549e92,34.69,32.96,2025-11-17 16:41:20.312479+00:00
ae82c759-e689-48b6-85a7-477addc1c2de,34.69,32.96,2025-11-17 16:41:20.312479+00:00
3240b309-f2c2-4319-a5b9-1436fa4dff10,34.69,32.96,2025-11-17 16:41:20.312479+00:00
802ca189-3897-417c-811e-6ed447c8aa74,34.69,32.96,2025-11-17 16:41:20.312479+00:00
4df77c8f-ef1f-4e41-a998-1c3189d62e92,34.69,32.96,2025-11-17 16:41:20.312479+00:00
57d4ce83-3521-4704-baca-17daa3558a91,34.69,32.96,2025-11-17 16:41:20.312479+00:00
d5b48ef7-803a-45c1-9c40-d8de8bec00ef,34.69,32.96,2025-11-17 16:41:20.312479+00:00
85e1c805-5dc4-4e54-b35e-c912dca67255,34.69,32.96,2025-11-17 16:41:20.312479+00:00
7493ed6b-2ac3-4e48-b057-0d8228c70790,34.69,32.96,2025-11-17 16:41:20.312479+00:00
88fdfc25-f72e-491c-858d-caa17bafc195,34.69,32.96,2025-11-17 16:41:20.312479+00:00
95edc7b9-ca34-491a-866e-3004cc813699,34.69,32.96,2025-11-17 16:41:20.312479+00:00
4919ce96-e632-45d0-a6cd-a4a70f9cf526,34.69,32.96,2025-11-17 16:41:20.312479+00:00
4bbb45b2-ed07-4d33-8f6e-d963e0698a67,34.69,32.96,2025-11-17 16:41:20.312479+00:00
84589278-bee9-42cc-838b-503bace19918,34.69,32.96,2025-11-17 16:41:20.312479+00:00
4e083539-c57e-4984-811e-d640ca044196,34.69,32.96,2025-11-17 16:41:20.312479+00:00
22dd3f58-35b0-43ed-b649-875c43deadf4,34.69,32.96,2025-11-17 16:41:20.312479+00:00
928fcb72-edc0-4b9d-8b19-2dfc6b320ebb,34.69,32.96,2025-11-17 16:41:20.312479+00:00
1ded06b8-ddd3-4a9f-bad9-7bdc447aab0a,34.69,32.96,2025-11-17 16:41:20.312479+00:00
44ce69e9-086d-4c70-8410-9fea0e9745f7,34.69,32.96,2025-11-17 16:41:20.312479+00:00
d421c1aa-0b81-4672-91df-95c5df991a9b,34.69,32.96,2025-11-17 16:41:20.312479+00:00
42bf8f6e-6df3-4e69-9c6a-e4eaf1ad4d15,34.69,32.96,2025-11-17 16:41:20.312479+00:00
9590958e-d9f2-4f68-832b-0dda174d36a8,34.69,32.96,2025-11-17 16:41:20.312479+00:00
47ee54d6-e945-4f13-beff-208ab0288c8c,34.69,32.96,2025-11-17 16:41:20.312479+00:00
fae08029-4f30-4c91-9119-e713c150eec0,34.69,32.96,2025-11-17 16:41:20.312479+00:00
9feb848d-9f87-4e0c-8ec9-dd4f20cc67fd,34.69,32.96,2025-11-17 16:41:20.312479+00:00
239214b0-4e99-42a4-b8e9-c91d62d35e62,34.69,32.96,2025-11-17 16:41:20.312479+00:00
4e2c8781-ef72-48e4-90bc-583cd22a4f19,34.69,32.96,2025-11-17 16:41:20.312479+00:00
e5cc2f24-9426-4b26-9455-68ad4ee0ecfd,34.69,32.96,2025-11-17 16:41:20.312479+00:00
bdd95292-e8b1-4ef8-82d3-ae210edbe488,34.69,32.96,2025-11-17 16:41:20.312479+00:00
780af169-cc7b-4033-84dd-beafdb38b31f,34.69,32.96,2025-11-17 16:41:20.312479+00:00
6ddb4a35-4bba-4918-9241-d29927e68f29,34.69,32.96,2025-11-17 16:41:20.312479+00:00
59ec187b-1d35-4c2e-90bd-713fa8db96de,34.69,32.96,2025-11-17 16:41:20.312479+00:00
6dddf4f5-6ce0-47cc-bc97-dc1731d7e156,34.69,32.96,2025-11-17 16:41:20.312479+00:00
e48aa895-c7aa-43e2-8e39-26d5702d4b36,34.69,32.96,2025-11-17 16:41:20.312479+00:00
68631b01-d4fc-40c8-8816-6f24fac22af1,34.69,32.96,2025-11-17 16:41:20.312479+00:00
3895d873-6426-4fcf-bedd-19fa71428e2c,34.69,32.96,2025-11-17 16:41:20.312479+00:00
9903d084-f0db-41ad-aeb6-055f37f091c5,34.69,32.96,2025-11-17 16:41:20.312479+00:00
318ad01e-2458-4000-880c-0ed2967eccd7,34.69,32.96,2025-11-17 16:41:20.312479+00:00
68e136cb-1f39-4295-b938-cd61c8f1e96a,34.69,32.96,2025-11-17 16:41:20.312479+00:00
0095ac48-1ebf-41d2-ace5-23a30e5f3368,34.69,32.96,2025-11-17 16:41:20.312479+00:00
1d844d65-a457-4dcb-a864-2fbfd2bd07c2,34.69,32.96,2025-11-17 16:41:20.312479+00:00
999c774b-4259-4901-ac62-d4b621b6d1e4,34.69,32.96,2025-11-17 16:41:20.312479+00:00
14183604-e102-4927-846c-33ec84b06721,34.69,32.96,2025-11-17 16:41:20.312479+00:00
133d5c18-eda9-43d0-8015-0b127d0efed9,34.69,32.96,2025-11-17 16:41:20.312479+00:00
cf571780-a528-4dd7-a82e-fdca6269a817,34.69,32.96,2025-11-17 16:41:20.312479+00:00
8cc52651-b49d-4126-9506-bb38f938916d,34.69,32.96,2025-11-17 16:41:20.312479+00:00
5c5ceb9e-04c8-4c34-8143-419cb5f4c59d,34.69,32.96,2025-11-17 16:41:20.312479+00:00
29384200-0d5c-4c34-9a8b-9ad8538e2e54,34.69,32.96,2025-11-17 16:41:20.312479+00:00
c4fb8846-4cd2-4c74-92e3-38e0080094ab,34.69,32.96,2025-11-17 16:41:20.312479+00:00
659f2bdd-4c40-4e80-859a-3e18d666c31c,34.69,32.96,2025-11-17 16:41:20.312479+00:00
42fe2198-0361-4cc9-a0cf-13cca4223de2,34.69,32.96,2025-11-17 16:41:20.312479+00:00
d7bfc264-5942-4ea3-adc5-e9504f60c68b,34.69,32.96,2025-11-17 16:41:20.312479+00:00
f859eb2d-3731-4e14-8731-bfa61eec27cb,34.69,32.96,2025-11-17 16:41:20.312479+00:00
2b7319cd-f95a-4645-9db7-b59e170d0ab5,34.69,32.96,2025-11-17 16:41:20.312479+00:00
50292f8b-c386-452b-ac23-ef7e2fd0b14c,34.69,32.96,2025-11-17 16:41:20.312479+00:00
02d9c0b1-0697-4874-9985-2310fc89edcc,34.69,32.96,2025-11-17 16:41:20.312479+00:00
d3e5e115-a565-41e5-8190-31d48c31dc8d,34.69,32.96,2025-11-17 16:41:20.312479+00:00
ab91cfe7-8aac-4dab-9cdb-803a72485ac5,34.69,32.96,2025-11-17 16:41:20.312479+00:00
1e5b7c4c-cf5b-42ab-a037-7b58cb9354ff,34.69,32.96,2025-11-17 16:41:20.312479+00:00
ddc0f3ce-fb25-40dc-9600-994998e047e6,34.69,32.96,2025-11-17 16:41:20.312479+00:00
179d3056-a01b-4ab9-b1aa-62b36930cb54,34.69,32.96,2025-11-17 16:41:20.312479+00:00
17cb0a62-314b-454e-9caf-e6a84148c882,34.69,32.96,2025-11-17 16:41:20.312479+00:00
92cde00e-b20d-426d-a7d0-fb52deb5b4df,34.69,32.96,2025-11-17 16:41:20.312479+00:00
021e5f58-5754-4990-b5e1-7084b32fec94,34.69,32.96,2025-11-17 16:41:20.312479+00:00
b655dffd-fc12-4bc9-8259-e28cc542ba7d,34.69,32.96,2025-11-17 16:41:20.312479+00:00
4af7970f-1e8d-4513-b55c-092952559264,34.69,32.96,2025-11-17 16:41:20.312479+00:00
91292684-e7c6-4f53-bc86-b8bf537ba26b,34.69,32.96,2025-11-17 16:41:20.312479+00:00
68e37d6b-da6a-43f4-9fbe-c2b6638b020a,34.69,32.96,2025-11-17 16:41:20.312479+00:00
fdc30ae8-c8f7-4909-94f7-cfc827fcf7a3,34.69,32.96,2025-11-17 16:41:20.312479+00:00
ef701334-51e1-46d7-833d-46841e318363,34.69,32.96,2025-11-17 16:41:20.312479+00:00
762ce4ba-fc4f-42ba-a0f5-f82cbbade6c1,34.69,32.96,2025-11-17 16:41:20.312479+00:00
602d24dc-401f-471a-a63e-932cef3c5191,34.69,32.96,2025-11-17 16:41:20.312479+00:00
a7b27457-0077-4403-b777-3caf73ed1214,34.69,32.96,2025-11-17 16:41:20.312479+00:00
4384499d-a22b-42a4-8c05-14dac99143fa,34.69,32.96,2025-11-17 16:41:20.312479+00:00
9986e456-fda1-4b22-b71a-4a94a7a18a22,34.69,32.96,2025-11-17 16:41:20.312479+00:00
b6e7b37d-a9c8-44c6-935c-3441afc83cff,34.69,32.96,2025-11-17 16:41:20.312479+00:00
481eb4c5-786b-41d9-afe7-09651ccf9393,34.69,32.96,2025-11-17 16:41:20.312479+00:00
8d0ba5e9-4ff2-43e6-98ff-09ff312bf932,34.69,32.96,2025-11-17 16:41:20.312479+00:00
39d6db76-c0f6-4370-bda1-7542e7a92ce6,34.69,32.96,2025-11-17 16:41:20.312479+00:00
283edb51-010d-4bd8-a782-1ed188325680,34.69,32.96,2025-11-17 16:41:20.312479+00:00
8ac56230-5fc2-4f11-9611-19e2964ad494,34.69,32.96,2025-11-17 16:41:20.312479+00:00
610ea9da-2bac-45c1-b7c9-9cc128f5e6a9,34.69,32.96,2025-11-17 16:41:20.312479+00:00
9f529da9-97c5-4858-90fe-7e7a0e1fb9f6,34.69,32.96,2025-11-17 16:41:20.312479+00:00
2c0bae16-0ebb-4017-b4f8-58b486eb84d1,34.69,32.96,2025-11-17 16:41:20.312479+00:00
87281977-1188-4e76-bdaf-9379a8f2e64b,34.69,32.96,2025-11-17 16:41:20.312479+00:00
d98d62ec-937c-4fa9-b9e6-a81fee2b6960,34.69,32.96,2025-11-17 16:41:20.312479+00:00
5bf61387-06e8-4311-a237-39751ad3fcff,34.69,32.96,2025-11-17 16:41:20.312479+00:00
10544b7c-2ef6-42d3-b26b-29dc11b5f153,34.69,32.96,2025-11-17 16:41:20.312479+00:00
4ccd24a7-6cc0-4a57-95a3-705a47e26700,34.69,32.96,2025-11-17 16:41:20.312479+00:00
8438ac3d-fb98-4794-b0d0-3a1372d813a1,34.69,32.96,2025-11-17 16:41:20.312479+00:00
692cd0ca-2b49-4204-b6c3-ea8e04ce3c34,34.69,32.96,2025-11-17 16:41:20.312479+00:00
8d90f1ff-da70-4e9d-8572-88857dcfd9ee,34.69,32.96,2025-11-17 16:41:20.312479+00:00
1cfc257c-b1f3-4fc3-a360-d6ace21af603,34.69,32.96,2025-11-17 16:41:20.312479+00:00
82d6af36-39ba-42e1-839f-731bc027db81,34.69,32.96,2025-11-17 16:41:20.312479+00:00
1d2a70b7-4c64-4934-8555-ae5ec6e7d441,34.69,32.96,2025-11-17 16:41:20.312479+00:00
c06ee09e-d372-4247-8379-ddc1b5dd2453,34.69,32.96,2025-11-17 16:41:20.312479+00:00
3b9b38ed-378f-467a-afe4-97bf2a2f054e,34.69,32.96,2025-11-17 16:41:20.312479+00:00
53f14e19-a0d4-488c-87b6-cd3e635106a4,34.69,32.96,2025-11-17 16:41:20.312479+00:00
4c2f7976-20e1-479b-b23d-e84810079de7,34.69,32.96,2025-11-17 16:41:20.312479+00:00
128f4909-60b9-4cd3-b8dd-631a22919f43,34.69,32.96,2025-11-17 16:41:20.312479+00:00
9a87e1bb-0188-4ff3-b70d-d827532a2a87,34.69,32.96,2025-11-17 16:41:20.312479+00:00
4c639458-cee4-478d-bb05-edf4ea48e89f,34.69,32.96,2025-11-17 16:41:20.312479+00:00
aedd2eca-bd11-4c50-9970-0d6ff9b0e9bb,34.69,32.96,2025-11-17 16:41:20.312479+00:00
9eb455cc-c606-46d9-9bb2-c50aaf960a21,34.69,32.96,2025-11-17 16:41:20.312479+00:00
3a024735-fe84-4f6d-9587-eb88ab99fed2,34.69,32.96,2025-11-17 16:41:20.312479+00:00
e7da306f-4bc5-427e-ba09-0fd807575564,34.69,32.96,2025-11-17 16:41:20.312479+00:00
77148946-9247-43b1-bd11-3df44c4ef3b8,34.69,32.96,2025-11-17 16:41:20.312479+00:00
60e3af9b-a2ef-406d-b20e-adf18c961f77,34.69,32.96,2025-11-17 16:41:20.312479+00:00
7a369ac4-f212-4cc3-82e9-03d231d07ee8,34.69,32.96,2025-11-17 16:41:20.312479+00:00
e5516c19-e7cc-4df3-8341-2278c6c327c6,34.69,32.96,2025-11-17 16:41:20.312479+00:00
c59e9782-2b14-404f-836a-1a9087ace6f4,34.69,32.96,2025-11-17 16:41:20.312479+00:00
b4353a22-8e23-4d3b-a91d-7283d6cd1ac8,34.69,32.96,2025-11-17 16:41:20.312479+00:00
89989ac4-6a9b-4ff0-b1c2-6016b5cd6fb3,34.69,32.96,2025-11-17 16:41:20.312479+00:00
80cfc82c-4806-4de8-8f75-e0bfd945bf96,34.69,32.96,2025-11-17 16:41:20.312479+00:00
85539705-2c09-4d39-8aa3-95b61d6bdd24,34.69,32.96,2025-11-17 16:41:20.312479+00:00
43a2c0c6-b365-4f9e-91ab-181707c2d9f7,34.69,32.96,2025-11-17 16:41:20.312479+00:00
1c9c32ec-2a2f-4254-a45a-a277c917b08c,34.69,32.96,2025-11-17 16:41:20.312479+00:00
b8fee42c-f587-4fbe-ab87-3cbaf47ac344,34.69,32.96,2025-11-17 16:41:20.312479+00:00
63c2bcac-867e-47b3-8238-15656ae98de7,34.69,32.96,2025-11-17 16:41:20.312479+00:00
8b0b4d98-0e1e-4d6f-a6fc-ccdefd5f82f9,34.69,32.96,2025-11-17 16:41:20.312479+00:00
c98cb184-d9f6-4ed5-976f-647fe4df0701,34.69,32.96,2025-11-17 16:41:20.312479+00:00
66f80322-e463-4053-8774-a24673cb4daf,34.69,32.96,2025-11-17 16:41:20.312479+00:00
dcbe36ab-b985-4da9-9c38-063f6afc6063,34.69,32.96,2025-11-17 16:41:20.312479+00:00
259f7f70-f7c4-4099-a284-ec8347a55a58,34.69,32.96,2025-11-17 16:41:20.312479+00:00
e87a1142-f052-4732-8eca-d4a6781c6532,34.69,32.96,2025-11-17 16:41:20.312479+00:00
91554829-089c-4a69-8151-818d46bb7812,34.69,32.96,2025-11-17 16:41:20.312479+00:00
6c974c04-7ab5-4861-a741-d7f6050eaea3,34.69,32.96,2025-11-17 16:41:20.312479+00:00
8ae59d6c-e3db-4a79-bd64-b54ab2ef141b,34.69,32.96,2025-11-17 16:41:20.312479+00:00
705f6265-cd4f-4958-98d1-53018160082f,34.69,32.96,2025-11-17 16:41:20.312479+00:00
f0b93587-936f-49dd-a405-0c3d22a5b3be,34.69,32.96,2025-11-17 16:41:20.312479+00:00
141279e4-77d1-4cf2-b020-7fb5f1ab26ee,34.69,32.96,2025-11-17 16:41:20.312479+00:00
4abd881e-4dba-41a3-8888-1f16120ef51c,34.69,32.96,2025-11-17 16:41:20.312479+00:00
ec99a844-e860-4b03-a5e5-d2356d6865f7,34.69,32.96,2025-11-17 16:41:20.312479+00:00
d05853bb-74e1-4e77-93a0-6dab62ef2688,34.69,32.96,2025-11-17 16:41:20.312479+00:00
5139a32e-2b62-400e-a749-9a4c8d586685,34.69,32.96,2025-11-17 16:41:20.312479+00:00
cedfcfa7-4cc2-4bdb-ac74-5b86cb2ec431,34.69,32.96,2025-11-17 16:41:20.312479+00:00
d16b04a7-40b1-4c7b-8e1b-ba033fce0bea,34.69,32.96,2025-11-17 16:41:20.312479+00:00
85e5ab60-3e0d-43bf-9d14-91c7d098b40a,34.69,32.96,2025-11-17 16:41:20.312479+00:00
53b18e83-2825-42b9-bee3-bc056a03a16e,34.69,32.96,2025-11-17 16:41:20.312479+00:00
3120def9-f6bb-4b57-bc45-659a931237b1,34.69,32.96,2025-11-17 16:41:20.312479+00:00
34819e52-44f8-495c-abe1-89bc2dfab346,34.69,32.96,2025-11-17 16:41:20.312479+00:00
9e039ec5-58d5-4ee7-adb4-51d6d65ae100,34.69,32.96,2025-11-17 16:41:20.312479+00:00
30d6930d-d4ce-44a8-95fe-955e59e72a29,34.69,32.96,2025-11-17 16:41:20.312479+00:00
b2071e43-c77f-477e-a369-e8a222b6aeef,34.69,32.96,2025-11-17 16:41:20.312479+00:00
50e1f313-2c4d-4ea8-ab66-ddb3ebdd8da5,34.69,32.96,2025-11-17 16:41:20.312479+00:00
0ef213f2-4272-49cf-906d-33728885926e,34.69,32.96,2025-11-17 16:41:20.312479+00:00
980a13ee-707b-42f1-9072-2a8bd5bf46dc,34.69,32.96,2025-11-17 16:41:20.312479+00:00
8bccb827-f441-436b-aadd-33eb741c35d4,34.69,32.96,2025-11-17 16:41:20.312479+00:00
638a3801-9e55-48b3-8d2a-f36fb9b6babe,34.69,32.96,2025-11-17 16:41:20.312479+00:00
69aef782-d20e-41c9-9bfc-80899e977ce4,34.69,32.96,2025-11-17 16:41:20.312479+00:00
d14297cf-b7d0-4f00-b6d9-a506185af766,34.69,32.96,2025-11-17 16:41:20.312479+00:00
dbf04deb-388a-426f-bf20-32b14f1d7c70,34.69,32.96,2025-11-17 16:41:20.312479+00:00
44519f4f-d02d-459e-b28f-dca1b8f8d1af,34.69,32.96,2025-11-17 16:41:20.312479+00:00
57b01bf4-9209-4477-9c0c-92bb4e3d149d,34.69,32.96,2025-11-17 16:41:20.312479+00:00
76a81a3a-7efb-4bbc-b69c-eb3a2a244d95,34.69,32.96,2025-11-17 16:41:20.312479+00:00
bbe2cf34-7570-40ad-9210-728decdb2295,34.69,32.96,2025-11-17 16:41:20.312479+00:00
3c8093a0-f2ae-4dd6-8c27-97a94ee1790a,34.69,32.96,2025-11-17 16:41:20.312479+00:00
a86c4908-b353-4118-8136-2d7a53127a44,34.69,32.96,2025-11-17 16:41:20.312479+00:00
f5783d1c-28f3-4242-8a8a-7d3b67e4e3fb,34.69,32.96,2025-11-17 16:41:20.312479+00:00
78f2ecab-b976-472e-9e4d-1dd013ef77a0,34.69,32.96,2025-11-17 16:41:20.312479+00:00
4df2f71b-fc95-4403-855e-1f3f887c03ef,34.69,32.96,2025-11-17 16:41:20.312479+00:00
5c8b6a56-25ed-422b-9c56-4f79d7bae0c2,34.69,32.96,2025-11-17 16:41:20.312479+00:00
d5294637-ef44-4863-aea5-79165ede5048,34.69,32.96,2025-11-17 16:41:20.312479+00:00
76c125bb-5144-4e3b-8481-8894f0cae2f8,34.69,32.96,2025-11-17 16:41:20.312479+00:00
e236a3b8-7404-42d0-8a61-5f6b7ac4ddb5,34.69,32.96,2025-11-17 16:41:20.312479+00:00
bee6b57e-3577-40aa-b45b-cdfb3452ef0a,34.69,32.96,2025-11-17 16:41:20.312479+00:00
ab5d9318-02e6-4280-aacf-f84029ab8146,34.69,32.96,2025-11-17 16:41:20.312479+00:00
bfaa86d3-bc6c-4b16-aae1-7c4b6299cf45,34.69,32.96,2025-11-17 16:41:20.312479+00:00
828a56e9-de59-42ed-8c36-ca18065fe83d,34.69,32.96,2025-11-17 16:41:20.312479+00:00
846513e8-ec87-489a-a373-ccca1390bdcb,34.69,32.96,2025-11-17 16:41:20.312479+00:00
e890e33a-0528-4492-b5f2-4e458c82328d,34.69,32.96,2025-11-17 16:41:20.312479+00:00
71b8dfe4-2ba4-4018-8829-a04e12116fb2,34.69,32.96,2025-11-17 16:41:20.312479+00:00
3edf146b-33eb-4e2a-84b1-41155e807c78,34.69,32.96,2025-11-17 16:41:20.312479+00:00
138bddf0-8083-4fae-895d-6952fa5684bd,34.69,32.96,2025-11-17 16:41:20.312479+00:00
74a71f33-5ada-4437-9e2f-687af58d2c96,34.69,32.96,2025-11-17 16:41:20.312479+00:00
ded2a613-86e3-40f5-a418-6c6fbfdb6c2c,34.69,32.96,2025-11-17 16:41:20.312479+00:00
ebfe881d-aa63-4db1-91bd-b6983fbfeb09,34.69,32.96,2025-11-17 16:41:20.312479+00:00
317a4d40-7b20-40cc-826e-bd6f27db3b00,34.69,32.96,2025-11-17 16:41:20.312479+00:00
fa78470f-ad63-4a30-98ee-6b2d471cf63b,34.69,32.96,2025-11-17 16:41:20.312479+00:00
db899201-337d-43d0-8ada-c7133ac30332,34.69,32.96,2025-11-17 16:41:20.312479+00:00
59f9459c-b650-4cd7-bee2-f28f9564ef5c,34.69,32.96,2025-11-17 16:41:20.312479+00:00
81415b5c-73d2-432c-aa57-8ef8adda8dd2,34.69,32.96,2025-11-17 16:41:20.312479+00:00
6ddf49be-7c6a-4d38-93a2-f3927a41fcdb,34.69,32.96,2025-11-17 16:41:20.312479+00:00
bfa357fa-3fe7-4e5b-9745-187a98cc1377,34.69,32.96,2025-11-17 16:41:20.312479+00:00
27f69aaa-65e6-4f1b-ab7e-a3dd86a31f8e,34.69,32.96,2025-11-17 16:41:20.312479+00:00
e54100be-e8e8-488c-895d-a7067d710fcd,34.69,32.96,2025-11-17 16:41:20.312479+00:00
c2ba089c-3958-4f03-bd5f-66fd96fbbedd,34.69,32.96,2025-11-17 16:41:20.312479+00:00
cb506533-aec9-459e-8779-0dacb056214a,34.69,32.96,2025-11-17 16:41:20.312479+00:00
efacf294-a05d-4762-9480-3d37c7f30ca0,34.69,32.96,2025-11-17 16:41:20.312479+00:00
78688d32-d3f9-42de-8d9b-3a6dbeab7b7c,34.69,32.96,2025-11-17 16:41:20.312479+00:00
7d503c84-f1eb-45ed-9fb3-2868a5ee266e,34.69,32.96,2025-11-17 16:41:20.312479+00:00
42b3adae-348b-4ccc-86f9-d2890f6f68bf,34.69,32.96,2025-11-17 16:41:20.312479+00:00
e1a6ea37-59ff-48f5-ba54-0e60fe528004,34.69,32.96,2025-11-17 16:41:20.312479+00:00
8076f795-bccd-47af-b112-d1ae3cd68e12,34.69,32.96,2025-11-17 16:41:20.312479+00:00
36020f36-be6e-4617-8739-492cae67b298,34.69,32.96,2025-11-17 16:41:20.312479+00:00
8678f64c-6b83-4cf5-8b4c-70d2cb29d9f4,34.69,32.96,2025-11-17 16:41:20.312479+00:00
f2cde3e0-4d41-4262-a7a7-40c7127f9ca1,34.69,32.96,2025-11-17 16:41:20.312479+00:00
dd430a55-4f7e-4ab0-bacb-c548dcc17db8,34.69,32.96,2025-11-17 16:41:20.312479+00:00
eab57b1d-64e4-409b-95aa-b0859a22b6ad,34.69,32.96,2025-11-17 16:41:20.312479+00:00
b07acc23-7dcf-4d3c-871f-9e8b56823b3d,34.69,32.96,2025-11-17 16:41:20.312479+00:00
88a40d07-b149-4e81-850b-9c9067c0e53d,34.69,32.96,2025-11-17 16:41:20.312479+00:00
3285f24a-ed93-49c7-b932-ee27adad504a,34.69,32.96,2025-11-17 16:41:20.312479+00:00
769337b4-d99b-4212-bce2-dcda7b860189,34.69,32.96,2025-11-17 16:41:20.312479+00:00
d546bdd5-ff09-44aa-8a07-2ddd41606149,34.69,32.96,2025-11-17 16:41:20.312479+00:00
b5dc4421-d9e4-4737-85be-85337045b93c,34.69,32.96,2025-11-17 16:41:20.312479+00:00
fd479275-375b-46a2-bcb6-c4145373084e,34.69,32.96,2025-11-17 16:41:20.312479+00:00
535facbd-06fb-4b6d-aee6-87d6d24c6ec7,34.69,32.96,2025-11-17 16:41:20.312479+00:00
daf0202a-0907-47ae-b438-c47787cf9abe,34.69,32.96,2025-11-17 16:41:20.312479+00:00
9f7cbbcb-4b91-442a-b6c5-a6b1e8a60e0b,34.69,32.96,2025-11-17 16:41:20.312479+00:00
6e07ee44-88cb-46f8-8aa9-34242c129a1e,34.69,32.96,2025-11-17 16:41:20.312479+00:00
545bdc45-fedc-4e1e-8e00-12d748137a35,34.69,32.96,2025-11-17 16:41:20.312479+00:00
75684e04-2492-42d0-b31d-e2f5635d2f78,34.69,32.96,2025-11-17 16:41:20.312479+00:00
a6b8857c-aae3-4090-90b3-6fceb198f584,34.69,32.96,2025-11-17 16:41:20.312479+00:00
9619b945-3f11-45f6-9881-8a27f362fb10,34.69,32.96,2025-11-17 16:41:20.312479+00:00
7db931b4-2308-44e3-ad6b-df790e5f8b8b,34.69,32.96,2025-11-17 16:41:20.312479+00:00
0fe5e5d0-af97-48ad-b1b0-0c70b6fded2f,34.69,32.96,2025-11-17 16:41:20.312479+00:00
e86c28e0-caca-4ec4-ba97-21ea81732d06,34.69,32.96,2025-11-17 16:41:20.312479+00:00
f323c0d4-a325-44e5-9495-b6a202029e00,34.69,32.96,2025-11-17 16:41:20.312479+00:00
66d086c6-aca3-4cf2-bdfc-868ca91670e5,34.69,32.96,2025-11-17 16:41:20.312479+00:00
9d18f81e-9197-4f09-8610-4ae3fca1aa93,34.69,32.96,2025-11-17 16:41:20.312479+00:00
6f7902e1-9c6f-4c9a-aeb4-d2a644ceedcf,34.69,32.96,2025-11-17 16:41:20.312479+00:00
7f038c82-f031-422d-8527-f17addebd3b1,34.69,32.96,2025-11-17 16:41:20.312479+00:00
e4ccf5d9-1264-4301-ba9a-e9e605c5c88a,34.69,32.96,2025-11-17 16:41:20.312479+00:00
1345c7da-e76a-4b35-8d9f-b51ba86ee0d2,34.69,32.96,2025-11-17 16:41:20.312479+00:00
efe531a6-7b53-443a-9c92-4786ecebc774,34.69,32.96,2025-11-17 16:41:20.312479+00:00
d9249151-7737-418a-80bb-914faad979be,34.69,32.96,2025-11-17 16:41:20.312479+00:00
3a95c36e-dfcd-4029-8275-d1d414f100db,34.69,32.96,2025-11-17 16:41:20.312479+00:00
578466fe-dd5f-4f2f-a617-fdc86027f3e8,34.69,32.96,2025-11-17 16:41:20.312479+00:00
e54d95f9-3990-48f6-a025-695572716e9d,34.69,32.96,2025-11-17 16:41:20.312479+00:00
f9c22dd0-ae73-4455-b401-93b28b9b5bd7,34.69,32.96,2025-11-17 16:41:20.312479+00:00
435cc9ce-fbef-4c16-b886-367a135042f4,34.69,32.96,2025-11-17 16:41:20.312479+00:00
81565173-72f8-4c9e-b798-05a77f7df742,34.69,32.96,2025-11-17 16:41:20.312479+00:00
44ff0930-feae-44d4-b3f3-174da0bd0bfc,34.69,32.96,2025-11-17 16:41:20.312479+00:00
eb8c39b6-17be-459a-b435-6a6c1736748a,34.69,32.96,2025-11-17 16:41:20.312479+00:00
5ed1fbcf-f742-41fe-8acb-4fa7f9edd4ad,34.69,32.96,2025-11-17 16:41:20.312479+00:00
714d949d-3032-4f2f-8074-c4ed820f42e2,34.69,32.96,2025-11-17 16:41:20.312479+00:00
270468e7-28d0-4e41-9d7c-f438f780b989,34.69,32.96,2025-11-17 16:41:20.312479+00:00
98d4baa0-a169-4fdc-9e39-42da885983cd,34.69,32.96,2025-11-17 16:41:20.312479+00:00
cedbe059-c51b-4430-9118-d4058a2a9c77,34.69,32.96,2025-11-17 16:41:20.312479+00:00
5607d540-26a8-4d57-b301-f8f7861bb0fa,34.69,32.96,2025-11-17 16:41:20.312479+00:00
7d9c69ac-db8b-45f9-ab65-60456403c001,34.69,32.96,2025-11-17 16:41:20.312479+00:00
4f2529b4-b935-47bb-bcd3-28a5ca9e54f3,34.69,32.96,2025-11-17 16:41:20.312479+00:00
8fec485e-697d-43a4-b24c-aa8cd8130793,34.69,32.96,2025-11-17 16:41:20.312479+00:00
a585a48c-c9b8-4c3f-8b5e-f5bda756ba58,34.69,32.96,2025-11-17 16:41:20.312479+00:00
9eede3b8-15a6-435d-b66b-59bf43541a78,34.69,32.96,2025-11-17 16:41:20.312479+00:00
a07ddf54-a9d9-46d7-96cf-ff5fe6d7b46a,34.69,32.96,2025-11-17 16:41:20.312479+00:00
6638241a-e209-4beb-8730-ea7c9997d3ce,34.69,32.96,2025-11-17 16:41:20.312479+00:00
e8c5d9db-5ad2-41df-be3f-57a2145ef98f,34.69,32.96,2025-11-17 16:41:20.312479+00:00
88979b9d-af4f-4496-a081-e1842edff36d,34.69,32.96,2025-11-17 16:41:20.312479+00:00
776f6837-701d-444c-9841-584454f0c19e,34.69,32.96,2025-11-17 16:41:20.312479+00:00
a8da3581-22d2-4c73-83ed-f0f6d48929bb,34.69,32.96,2025-11-17 16:41:20.312479+00:00
7805b99b-1643-4290-ba04-31d68015d750,34.69,32.96,2025-11-17 16:41:20.312479+00:00
e42bd7b5-4415-4b3d-94cf-d10acd57aa3d,34.69,32.96,2025-11-17 16:41:20.312479+00:00
3714ee27-192f-4642-834d-6aa38baef985,34.69,32.96,2025-11-17 16:41:20.312479+00:00
57b51628-c25a-4299-a8b6-d718dba47ca8,34.69,32.96,2025-11-17 16:41:20.312479+00:00
b1c8a5a5-cc5f-41a3-9f7a-6874fb631894,34.69,32.96,2025-11-17 16:41:20.312479+00:00
3aa46fb7-f849-41bf-beb0-0424dbb9ffdd,34.69,32.96,2025-11-17 16:41:20.312479+00:00
d230943c-d084-4f21-befe-3c81d0225a3d,34.69,32.96,2025-11-17 16:41:20.312479+00:00
35d6a83e-b3fb-44ec-8dd3-9ab45fadf7ea,34.69,32.96,2025-11-17 16:41:20.312479+00:00
dc8a42e7-5ebf-4475-86bc-97c32d4d30be,34.69,32.96,2025-11-17 16:41:20.312479+00:00
eda64f6b-40f2-4ec3-bf64-1c24a2bfad8f,34.69,32.96,2025-11-17 16:41:20.312479+00:00
c68a06d0-edc6-45cc-a82a-8cb001336b68,34.69,32.96,2025-11-17 16:41:20.312479+00:00
987ba09d-b466-4ca8-bc3a-75ddd6537c5b,34.69,32.96,2025-11-17 16:41:20.312479+00:00
0e9b3437-1334-4fa0-8bd9-568f4c81d502,34.69,32.96,2025-11-17 16:41:20.312479+00:00
6b7aa392-a8de-43e4-a7ea-01fa4f538619,34.69,32.96,2025-11-17 16:41:20.312479+00:00
bee4f8e3-ba0e-4c9a-b73e-03abbf4504bf,34.69,32.96,2025-11-17 16:41:20.312479+00:00
c0f376ca-58c2-4db8-a439-4357d5edf2ba,34.69,32.96,2025-11-17 16:41:20.312479+00:00
b2f88aec-b11c-494c-b4c9-5479e426b5f3,34.69,32.96,2025-11-17 16:41:20.312479+00:00
32263afe-fbc8-4a3c-b92a-99d325c43851,34.69,32.96,2025-11-17 16:41:20.312479+00:00
7cf3335b-070f-4027-a8e4-fab629400d66,34.69,32.96,2025-11-17 16:41:20.312479+00:00
f283edcb-21f8-482c-93e8-cdd233ea0984,34.69,32.96,2025-11-17 16:41:20.312479+00:00
3c8b7f98-9488-4b00-9997-04e24ffbaf29,34.69,32.96,2025-11-17 16:41:20.312479+00:00
f870c7bf-a48b-4541-bf2e-d42d30260bc4,34.69,32.96,2025-11-17 16:41:20.312479+00:00
e280ab92-a306-46a9-a75e-d911a39e5bfd,34.69,32.96,2025-11-17 16:41:20.312479+00:00
38969dde-a203-4a62-8f6e-93d0ce14fe54,34.69,32.96,2025-11-17 16:41:20.312479+00:00
fe0a2232-9150-4ead-8b8f-96e9a31f5f5a,34.69,32.96,2025-11-17 16:41:20.312479+00:00
3673768d-315e-4539-8a52-721fad795145,34.69,32.96,2025-11-17 16:41:20.312479+00:00
58717df7-cd46-453e-8ea1-6fafe88e4f00,34.69,32.96,2025-11-17 16:41:20.312479+00:00
28884014-99c6-4c5b-a41e-f7d92fa8c651,34.69,32.96,2025-11-17 16:41:20.312479+00:00
0b971952-ce56-4122-9ae4-5046dfafee87,34.69,32.96,2025-11-17 16:41:20.312479+00:00
4163282a-25ef-4455-bc8c-c6902246225f,34.69,32.96,2025-11-17 16:41:20.312479+00:00
bd4d36ba-64d3-4b03-9391-74923f9c2550,34.69,32.96,2025-11-17 16:41:20.312479+00:00
6bff3014-96cd-45a6-9754-d5c9eb6c8789,34.69,32.96,2025-11-17 16:41:20.312479+00:00
2950508e-f396-4999-9e16-d987f9c223f5,34.69,32.96,2025-11-17 16:41:20.312479+00:00
5a7bc774-b5e7-4637-8a31-84b32cd948a6,34.69,32.96,2025-11-17 16:41:20.312479+00:00
87be4475-75be-4ab5-a549-fc5c6fa970ff,34.69,32.96,2025-11-17 16:41:20.312479+00:00
3fab3348-9359-4b4b-841e-6dec5d1200c1,34.69,32.96,2025-11-17 16:41:20.312479+00:00
6b3c0eb5-877c-4656-b3ce-8f07300457fd,34.69,32.96,2025-11-17 16:41:20.312479+00:00
02b7bce5-029b-4cf3-86d8-6df33c73cd55,34.69,32.96,2025-11-17 16:41:20.312479+00:00
5b2ad6a3-6b4a-4699-9a59-abca3fafce9c,34.69,32.96,2025-11-17 16:41:20.312479+00:00
12c45ece-0caf-46be-9cf4-d34d2267db6e,34.69,32.96,2025-11-17 16:41:20.312479+00:00
f8127176-a7df-489c-9bfe-d409a5086761,34.69,32.96,2025-11-17 16:41:20.312479+00:00
a395a3e8-9b94-4ce5-a611-03c1c448bb38,34.69,32.96,2025-11-17 16:41:20.312479+00:00
a3231f52-db9d-4a06-ad09-ac40e31fc5ce,34.69,32.96,2025-11-17 16:41:20.312479+00:00
b5480bb4-fab8-4593-bc74-0b6f6d6a111d,34.69,32.96,2025-11-17 16:41:20.312479+00:00
880c8a73-b793-4931-a760-127827f9303b,34.69,32.96,2025-11-17 16:41:20.312479+00:00
2d472681-7b24-496b-9481-72fb462eddad,34.69,32.96,2025-11-17 16:41:20.312479+00:00
fcf197b7-d96c-4d95-a40b-ce1d9208082f,34.69,32.96,2025-11-17 16:41:20.312479+00:00
89c0efc1-d2ca-47f9-adf0-81bbb541e1b2,34.69,32.96,2025-11-17 16:41:20.312479+00:00
afa5b588-cb25-44f8-a125-8f485dc5b28a,34.69,32.96,2025-11-17 16:41:20.312479+00:00
b520de49-493a-4bb2-ab71-500a01512f58,34.69,32.96,2025-11-17 16:41:20.312479+00:00
af2d3192-bb10-4196-a7c0-0c28bc66b287,34.69,32.96,2025-11-17 16:41:20.312479+00:00
184e9093-98cd-4e09-819b-a3943835166b,34.69,32.96,2025-11-17 16:41:20.312479+00:00
27c1e111-5b5a-4c39-ba1c-4ceead9c8210,34.69,32.96,2025-11-17 16:41:20.312479+00:00
42301d96-18ab-47fe-aa07-55ec3378ae21,34.69,32.96,2025-11-17 16:41:20.312479+00:00
8fd0218b-045c-407d-8e62-9e38ce2e2952,34.69,32.96,2025-11-17 16:41:20.312479+00:00
f59b620a-2e36-41bf-ae46-a82e6be26c50,34.69,32.96,2025-11-17 16:41:20.312479+00:00
a32ba096-1c92-44e4-9724-2a44366e2541,34.69,32.96,2025-11-17 16:41:20.312479+00:00
4dd071c7-257e-4694-b88a-85ae5310416b,34.69,32.96,2025-11-17 16:41:20.312479+00:00
162e5c71-0ab1-4755-92e3-2ab8576393b6,34.69,32.96,2025-11-17 16:41:20.312479+00:00
d2ebc9da-f2c4-4c42-9052-4bf15d3391a8,34.69,32.96,2025-11-17 16:41:20.312479+00:00
05b57853-60ff-4be5-a38e-7074dd6d679c,34.69,32.96,2025-11-17 16:41:20.312479+00:00
6cdc394c-f798-48ab-909e-c9a736ba74f7,34.69,32.96,2025-11-17 16:41:20.312479+00:00
13d84a47-f0a7-4d08-98dc-05a01abfadaa,34.69,32.96,2025-11-17 16:41:20.312479+00:00
4390adc9-cf24-4b88-9efd-f68af7990ce1,34.69,32.96,2025-11-17 16:41:20.312479+00:00
413f1a66-9686-4f38-b987-60fe794563ef,34.69,32.96,2025-11-17 16:41:20.312479+00:00
8e1dd847-84cf-4821-9ad0-bded3eeace92,34.69,32.96,2025-11-17 16:41:20.312479+00:00
63b804aa-5301-4ae2-9ae3-64827995473b,34.69,32.96,2025-11-17 16:41:20.312479+00:00
68436c85-da26-48d4-a69e-84b0e8e34b82,34.69,32.96,2025-11-17 16:41:20.312479+00:00
e148036e-42a2-493f-b7f3-ff1ba7b40b98,34.69,32.96,2025-11-17 16:41:20.312479+00:00
311ab85e-caf6-4c09-8244-ecd5184ae073,34.69,32.96,2025-11-17 16:41:20.312479+00:00
f3615c4f-8793-4eb2-a457-0e9dc745ceee,34.69,32.96,2025-11-17 16:41:20.312479+00:00
28d33af7-8cbd-4100-b450-0b075e206531,34.69,32.96,2025-11-17 16:41:20.312479+00:00
e72e2bab-9963-41f7-b1e0-2087955f4cd3,34.69,32.96,2025-11-17 16:41:20.312479+00:00
2087d7d1-ce3a-407c-9536-45795a87646a,34.69,32.96,2025-11-17 16:41:20.312479+00:00
77da5f61-0278-4b98-a1b1-1b0f1b96c1f2,34.69,32.96,2025-11-17 16:41:20.312479+00:00
b0568452-9b12-4501-a4dd-51063c6d043d,34.69,32.96,2025-11-17 16:41:20.312479+00:00
2155075c-e5d8-407e-97a9-e7d32f54a840,34.69,32.96,2025-11-17 16:41:20.312479+00:00
233827c2-b9cc-4b73-999c-d0a1a52ab7c6,34.69,32.96,2025-11-17 16:41:20.312479+00:00
51af6b55-7a38-463b-b50b-b829ab6cd38c,34.69,32.96,2025-11-17 16:41:20.312479+00:00
e008c52d-1b49-42ff-a1a0-3c56446ccd80,34.69,32.96,2025-11-17 16:41:20.312479+00:00
de287f56-caff-40c1-a790-7f62f831ffd7,34.69,32.96,2025-11-17 16:41:20.312479+00:00
27f5f1f5-acdf-4741-83a5-73920c49b156,34.69,32.96,2025-11-17 16:41:20.312479+00:00
b34a80c1-817f-4a98-9dd7-1d3514b294a6,34.69,32.96,2025-11-17 16:41:20.312479+00:00
c3b1effd-abe5-4dcc-a0fc-b013ba95816f,34.69,32.96,2025-11-17 16:41:20.312479+00:00
10f5ff81-beb0-4aae-962e-6acd939fe45e,34.69,32.96,2025-11-17 16:41:20.312479+00:00
6d3779ab-e743-460b-87cc-9e1b48bbbfd5,34.69,32.96,2025-11-17 16:41:20.312479+00:00
63f96e5a-489f-408f-bfbb-cc8cba0186cc,34.69,32.96,2025-11-17 16:41:20.312479+00:00
675a0e39-1558-462e-85c2-9bdeeb4cf31f,34.69,32.96,2025-11-17 16:41:20.312479+00:00
cc8d33b0-7317-4fa2-9093-7181ddf22cd7,34.69,32.96,2025-11-17 16:41:20.312479+00:00
55fd3a22-f2e2-477e-b009-f5ef6d882013,34.69,32.96,2025-11-17 16:41:20.312479+00:00
f77d1d0b-0792-449f-a441-c750a5898699,34.69,32.96,2025-11-17 16:41:20.312479+00:00
7b085416-0982-4845-8f9b-d7b13205e2ce,34.69,32.96,2025-11-17 16:41:20.312479+00:00
6c81759c-660e-4012-a4e0-baa9ebe48984,34.69,32.96,2025-11-17 16:41:20.312479+00:00
df68272a-e267-4473-8aa3-9bc60b69630b,34.69,32.96,2025-11-17 16:41:20.312479+00:00
25fb50ea-20e1-4a7f-8e2b-1a299c2e2e76,34.69,32.96,2025-11-17 16:41:20.312479+00:00
78304a90-b2aa-4b45-8b44-68b00111f466,34.69,32.96,2025-11-17 16:41:20.312479+00:00
8a922f05-2ae8-4596-a80b-b590021fcfeb,34.69,32.96,2025-11-17 16:41:20.312479+00:00
fc2117c3-f6d6-4be2-86a0-ccacc677aaab,34.69,32.96,2025-11-17 16:41:20.312479+00:00
7e04d531-18ca-4f0e-9fa7-58079f9675fb,34.69,32.96,2025-11-17 16:41:20.312479+00:00
f6e66900-d2eb-44b1-8655-d957d84e451c,34.69,32.96,2025-11-17 16:41:20.312479+00:00
2205c41e-0dc3-474d-82bb-37a6aff44fe6,34.69,32.96,2025-11-17 16:41:20.312479+00:00
1fcef37c-81a7-41b4-b42f-3ed01dec3aec,34.69,32.96,2025-11-17 16:41:20.312479+00:00
94543a12-e8ef-42ff-bad2-370a00656284,34.69,32.96,2025-11-17 16:41:20.312479+00:00
ef020d81-7ef8-4dad-9e74-4f80252ae56c,34.69,32.96,2025-11-17 16:41:20.312479+00:00
201b43f9-3169-4b56-bbda-c39853e23cf9,34.69,32.96,2025-11-17 16:41:20.312479+00:00
5a92b7c5-f85c-4d61-91e9-f5666d199218,34.69,32.96,2025-11-17 16:41:20.312479+00:00
6413dbd5-aad8-49db-bb66-e7b6219d35c1,34.69,32.96,2025-11-17 16:41:20.312479+00:00
784e5250-0441-4d2f-8c7b-07d5d7be92a4,34.69,32.96,2025-11-17 16:41:20.312479+00:00
3e12058a-ec41-4174-ab4c-3d4e9573fbd1,34.69,32.96,2025-11-17 16:41:20.312479+00:00
62c0c522-4831-4e88-b6ca-893fc2643b95,34.69,32.96,2025-11-17 16:41:20.312479+00:00
651b2b7a-a46a-435a-b4dc-204f63f1efab,34.69,32.96,2025-11-17 16:41:20.312479+00:00
05e9101b-04b9-47eb-bfb0-503158d4402e,34.69,32.96,2025-11-17 16:41:20.312479+00:00
74aa99a4-59a3-4557-abf2-9b9322232890,34.69,32.96,2025-11-17 16:41:20.312479+00:00
c4d723a8-288c-45a3-b739-0d66504e395a,34.69,32.96,2025-11-17 16:41:20.312479+00:00
ec846db3-0f2f-4703-99d2-f32242717f38,34.69,32.96,2025-11-17 16:41:20.312479+00:00
32c68e7b-f207-427a-84e7-fbf797d1a9d7,34.69,32.96,2025-11-17 16:41:20.312479+00:00
61b9ea9c-5c4e-4ca9-a412-7f3051cc218e,34.69,32.96,2025-11-17 16:41:20.312479+00:00
99a84c3d-cba1-4d57-a7f0-4c22987aa4c1,34.69,32.96,2025-11-17 16:41:20.312479+00:00
eb07f60f-f1e8-4e58-ad31-38b8fb83ff95,34.69,32.96,2025-11-17 16:41:20.312479+00:00
f018a0ae-2e63-4654-a2f3-04d2d5e36978,34.69,32.96,2025-11-17 16:41:20.312479+00:00
cee23a3d-11e5-47af-93b5-8e875c908264,34.69,32.96,2025-11-17 16:41:20.312479+00:00
50f8fca6-39f1-4860-8b75-294218590594,34.69,32.96,2025-11-17 16:41:20.312479+00:00
d7e8a95b-f074-464c-9e68-45a2de5b6f3d,34.69,32.96,2025-11-17 16:41:20.312479+00:00
2a1cb3b0-8b63-45ae-9827-cd52a0d3f8a3,34.69,32.96,2025-11-17 16:41:20.312479+00:00
92ca58bb-9973-4e14-b646-5dfe64cbf607,34.69,32.96,2025-11-17 16:41:20.312479+00:00
7d89e769-27fa-49c9-84d6-9dcf7ee6b0ed,34.69,32.96,2025-11-17 16:41:20.312479+00:00
8f1d3fc7-dedb-46b5-9057-35dbba770561,34.69,32.96,2025-11-17 16:41:20.312479+00:00
d5a340d6-871d-4db3-8928-5da736b86d99,34.69,32.96,2025-11-17 16:41:20.312479+00:00
1aab4019-f0fe-41dd-b1fb-41b5937d7153,34.69,32.96,2025-11-17 16:41:20.312479+00:00
9808f82c-b74d-4dc6-a6f4-63c713946968,34.69,32.96,2025-11-17 16:41:20.312479+00:00
1c234117-3221-41c5-9673-0aca8a03ef26,34.69,32.96,2025-11-17 16:41:20.312479+00:00
ade8966d-399f-4a4e-877a-367a13452dfa,34.69,32.96,2025-11-17 16:41:20.312479+00:00
746f7f52-5c16-4aa7-9867-acad9104b1b9,34.69,32.96,2025-11-17 16:41:20.312479+00:00
25f47fa1-cde3-4f7a-a145-2b8193200d64,34.69,32.96,2025-11-17 16:41:20.312479+00:00
aecc5548-77e6-47f8-97d5-681e7b71d843,34.69,32.96,2025-11-17 16:41:20.312479+00:00
ac5daf56-bee8-4c8b-a586-0050d4c41ae0,34.69,32.96,2025-11-17 16:41:20.312479+00:00
66a00b88-ef56-438f-90ff-1f8e74eff324,34.69,32.96,2025-11-17 16:41:20.312479+00:00
92c287fa-feec-4007-8fa3-fbbfa8182406,34.69,32.96,2025-11-17 16:41:20.312479+00:00
5748299e-f63c-43c8-b89c-3da31673d467,34.69,32.96,2025-11-17 16:41:20.312479+00:00
137d6b30-1632-43a4-8680-44ce0a7193a2,34.69,32.96,2025-11-17 16:41:20.312479+00:00
d9a06e33-2429-4d26-9ba7-ac7944e61328,34.69,32.96,2025-11-17 16:41:20.312479+00:00
68e192bd-f7a8-4c3b-a731-95dc5a734015,34.69,32.96,2025-11-17 16:41:20.312479+00:00
d86a5bfc-ccf8-4938-8f2d-172ccb645558,34.69,32.96,2025-11-17 16:41:20.312479+00:00
b4b67b06-17fb-42a7-ab76-4c15fdd78cfd,34.69,32.96,2025-11-17 16:41:20.312479+00:00
691c193e-487c-4961-a9e7-a55bf0c7f749,34.69,32.96,2025-11-17 16:41:20.312479+00:00
88f49177-241a-4ffe-876e-1c68f5f8c00e,34.69,32.96,2025-11-17 16:41:20.312479+00:00
ed216982-f257-457c-ab0f-4111090e3fde,34.69,32.96,2025-11-17 16:41:20.312479+00:00
c174bbaa-4a81-45ca-953e-533d1b1b7343,34.69,32.96,2025-11-17 16:41:20.312479+00:00
a65b56b0-b0f9-40b1-9cf4-b951759aa60f,34.69,32.96,2025-11-17 16:41:20.312479+00:00
910bd2fa-bf82-4364-8713-c167c2132f4e,34.69,32.96,2025-11-17 16:41:20.312479+00:00
7d0600c8-1afa-45e9-918e-cf0778a8e718,34.69,32.96,2025-11-17 16:41:20.312479+00:00
0e005909-1f3e-4e3a-b562-16645baa5183,34.69,32.96,2025-11-17 16:41:20.312479+00:00
aaff6d27-9ed2-4414-bb8c-b6e2a7106af2,34.69,32.96,2025-11-17 16:41:20.312479+00:00
71975e3a-b431-411f-8aab-9e3e898d39ae,34.69,32.96,2025-11-17 16:41:20.312479+00:00
2591cd0b-ff35-486d-bf83-9873dc96121a,34.69,32.96,2025-11-17 16:41:20.312479+00:00
8a52ba24-5320-4050-9345-d6bcc185bfb0,34.69,32.96,2025-11-17 16:41:20.312479+00:00
7916af1b-0c2f-4adb-bafa-af6cd5d3ce37,34.69,32.96,2025-11-17 16:41:20.312479+00:00
dd10520a-7249-49ec-95d2-83b9542e30e5,34.69,32.96,2025-11-17 16:41:20.312479+00:00
2b4a91c2-0303-42a1-b8eb-fac6bf8d43d7,34.69,32.96,2025-11-17 16:41:20.312479+00:00
176abf50-7cca-40e9-8a91-5e4be5f5ce2e,34.69,32.96,2025-11-17 16:41:20.312479+00:00
05104ec5-2a59-42f0-861a-be72f70e73b9,34.69,32.96,2025-11-17 16:41:20.312479+00:00
eb966a6f-b626-4feb-a7a4-1beea4db9de1,34.69,32.96,2025-11-17 16:41:20.312479+00:00
5c3be635-c2e9-47ff-8b55-77a02ff8ad53,34.69,32.96,2025-11-17 16:41:20.312479+00:00
d0bdc97f-6e60-48dc-a3ca-06f535657a6b,34.69,32.96,2025-11-17 16:41:20.312479+00:00
06d9c324-6cde-4859-a2ae-5dd92f5e1cba,34.69,32.96,2025-11-17 16:41:20.312479+00:00
b2eab923-078a-44cb-b580-a746e28e74a2,34.69,32.96,2025-11-17 16:41:20.312479+00:00
57e0a794-b928-4369-90c5-33cb16e95a6c,34.69,32.96,2025-11-17 16:41:20.312479+00:00
c1c1dde1-05cc-46e3-9b8d-da8831b032ab,34.69,32.96,2025-11-17 16:41:20.312479+00:00
799442a8-9ee3-492a-a5b8-5cb24e78565d,34.69,32.96,2025-11-17 16:41:20.312479+00:00
6b6b041a-f680-4060-8c59-73fcfca3416a,34.69,32.96,2025-11-17 16:41:20.312479+00:00
c4c556ce-ffaa-4b41-a0a0-0bf16a0ce8d8,34.69,32.96,2025-11-17 16:41:20.312479+00:00
9b7c386e-4e78-44ee-bc6f-84c7dae799d7,34.69,32.96,2025-11-17 16:41:20.312479+00:00
880aeb3f-7a03-4818-9041-1598261a0199,34.69,32.96,2025-11-17 16:41:20.312479+00:00
cbfc9fbc-aac8-4ff5-837f-475168abe76d,34.69,32.96,2025-11-17 16:41:20.312479+00:00
a8a449bb-bc5d-4f45-bf19-a73802fcabe9,34.69,32.96,2025-11-17 16:41:20.312479+00:00
50b0443a-d8a0-440e-a65d-88c8bb204cfe,34.69,32.96,2025-11-17 16:41:20.312479+00:00
3b12db24-2e15-4a88-b41a-0594c34accc7,34.69,32.96,2025-11-17 16:41:20.312479+00:00
a6edc818-9c79-4a41-9570-fa4034625bd4,34.69,32.96,2025-11-17 16:41:20.312479+00:00
32d3874e-89e6-448d-bc44-8d734d6e9c59,34.69,32.96,2025-11-17 16:41:20.312479+00:00
095dd340-91f2-4483-acf6-d4fa5671cdf0,34.69,32.96,2025-11-17 16:41:20.312479+00:00
648d1d09-2b9c-4d68-9550-87766aeaf006,34.69,32.96,2025-11-17 16:41:20.312479+00:00
0c474e18-ad08-4268-a7df-05fd71f941ea,34.69,32.96,2025-11-17 16:41:20.312479+00:00
93b5bd1c-57c5-4e0f-bccd-e57761383996,34.69,32.96,2025-11-17 16:41:20.312479+00:00
21070a0b-cbc6-4871-8d83-779b29d079ff,34.69,32.96,2025-11-17 16:41:20.312479+00:00
228c39e5-351a-48c2-9fc0-0d4d1c18b8b1,34.69,32.96,2025-11-17 16:41:20.312479+00:00
d3533000-66d5-40e6-a39d-b46efa4a8210,34.69,32.96,2025-11-17 16:41:20.312479+00:00
7d0aa5b0-4b93-4f24-bb33-3af36882c89e,34.69,32.96,2025-11-17 16:41:20.312479+00:00
81adf4de-6390-4996-93cb-7d015764dc5d,34.69,32.96,2025-11-17 16:41:20.312479+00:00
caab84d7-7cd2-4536-b2ae-7fd6c668ba24,34.69,32.96,2025-11-17 16:41:20.312479+00:00
19edcab8-09bd-471f-a03a-155531f9e619,34.69,32.96,2025-11-17 16:41:20.312479+00:00
b8926268-6eeb-4d89-8acc-bfe8b47acecc,34.69,32.96,2025-11-17 16:41:20.312479+00:00
4ae71644-4176-459b-aaaf-db3e1c92a5cf,34.69,32.96,2025-11-17 16:41:20.312479+00:00
8020b7b6-8080-474e-8944-be5fe7bdf27f,34.69,32.96,2025-11-17 16:41:20.312479+00:00
9736f389-cb5d-428e-9f3f-c225f07b0820,34.69,32.96,2025-11-17 16:41:20.312479+00:00
8ebfeee8-1442-45eb-8e2b-6f905a157cac,34.69,32.96,2025-11-17 16:41:20.312479+00:00
34e4c9bb-b35c-4443-971c-046423c854fa,34.69,32.96,2025-11-17 16:41:20.312479+00:00
78fc47d4-1a50-4383-84cc-8f77c587fb06,34.69,32.96,2025-11-17 16:41:20.312479+00:00
aa55ca67-1ebb-4022-b634-976185a4762c,34.69,32.96,2025-11-17 16:41:20.312479+00:00
b8da9e2a-b2cf-4d60-879b-fae96e9aeea0,34.69,32.96,2025-11-17 16:41:20.312479+00:00
1b7eb625-9106-4720-96a9-44d9e481d35d,34.69,32.96,2025-11-17 16:41:20.312479+00:00
ca29e5d3-2a2a-4a80-8528-16c6a2eb909e,34.69,32.96,2025-11-17 16:41:20.312479+00:00
730bc914-a7ab-411d-b2c4-ed0121fb2608,34.69,32.96,2025-11-17 16:41:20.312479+00:00
56d09daf-f5c9-4a43-be77-c503e6e78760,34.69,32.96,2025-11-17 16:41:20.312479+00:00
fa59c02c-a7d4-479c-a092-76198de055b4,34.69,32.96,2025-11-17 16:41:20.312479+00:00
29e2421a-b597-4572-b444-88b0c6836f80,34.69,32.96,2025-11-17 16:41:20.312479+00:00
e2a18c9d-2208-4f9a-9b4f-9c4f77a54d07,34.69,32.96,2025-11-17 16:41:20.312479+00:00
7da726c7-7f19-4829-8726-6d987075891c,34.69,32.96,2025-11-17 16:41:20.312479+00:00
8255afa5-410a-4999-923f-65414bdc6c67,34.69,32.96,2025-11-17 16:41:20.312479+00:00
8481d811-5df9-42c4-8288-76d42b56bc4d,34.69,32.96,2025-11-17 16:41:20.312479+00:00
74fbf1ee-a195-46a7-b27a-50f9fbb075ee,34.69,32.96,2025-11-17 16:41:20.312479+00:00
1ef23ba0-c015-416c-8e66-7c2e24e629a9,34.69,32.96,2025-11-17 16:41:20.312479+00:00
ed58620d-5950-4271-a23d-2c426597cc0c,34.69,32.96,2025-11-17 16:41:20.312479+00:00
e1174987-44c9-4287-8064-7fa449346a8e,34.69,32.96,2025-11-17 16:41:20.312479+00:00
b83355ba-cdad-45d9-bcdd-97a0e5ee30a4,34.69,32.96,2025-11-17 16:41:20.312479+00:00
0fb649d2-38da-4597-bc24-751f7b2dcf56,34.69,32.96,2025-11-17 16:41:20.312479+00:00
805f5d2b-3b26-4553-a41e-73bd3b0b3345,34.69,32.96,2025-11-17 16:41:20.312479+00:00
41d3214c-7687-4ae6-82d7-548ff3cfecf4,34.69,32.96,2025-11-17 16:41:20.312479+00:00
740156f1-a27d-4261-81f3-e84d475a97fb,34.69,32.96,2025-11-17 16:41:20.312479+00:00
c1c2eca2-5b16-42b3-a158-c69567217d94,34.69,32.96,2025-11-17 16:41:20.312479+00:00
06321b4f-2f5d-462b-bb0c-3c1449ed1a9b,34.69,32.96,2025-11-17 16:41:20.312479+00:00
5cc85b4a-7e48-465b-8bc3-ec721181e22c,34.69,32.96,2025-11-17 16:41:20.312479+00:00
cacab998-9613-400b-8f99-d89d78b736ec,34.69,32.96,2025-11-17 16:41:20.312479+00:00
50be08dc-3bdf-4757-b837-0e9b7b586c3a,34.69,32.96,2025-11-17 16:41:20.312479+00:00
a8667227-f434-483a-bfdc-37815665aec9,34.69,32.96,2025-11-17 16:41:20.312479+00:00
2b33b74d-efad-4b0a-b80d-fe4a1264a006,34.69,32.96,2025-11-17 16:41:20.312479+00:00
6ccebc52-7515-45a2-8786-645faa4a8e00,34.69,32.96,2025-11-17 16:41:20.312479+00:00
856b625e-932a-43d2-88b7-98d89a7ed781,34.69,32.96,2025-11-17 16:41:20.312479+00:00
00d642dd-487a-47a9-a3fb-1fcb9813ee23,34.69,32.96,2025-11-17 16:41:20.312479+00:00
b6115fa2-4fc0-4d67-bd8d-7436f5407325,34.69,32.96,2025-11-17 16:41:20.312479+00:00
1fb38859-9565-42c0-8b3a-d56fd593cb61,34.69,32.96,2025-11-17 16:41:20.312479+00:00
60e29283-f429-48b4-951d-6e7c253862dd,34.69,32.96,2025-11-17 16:41:20.312479+00:00
18daf67c-18a6-4ae7-a1d1-ad456188777f,34.69,32.96,2025-11-17 16:41:20.312479+00:00
f778e8bc-61df-445d-aa6f-cd0620d6f3f5,34.69,32.96,2025-11-17 16:41:20.312479+00:00
c5f9d61f-4270-40b8-860a-926d316d7d60,34.69,32.96,2025-11-17 16:41:20.312479+00:00
c3c577d2-5c0e-49e3-8e33-33c3dbf1228d,34.69,32.96,2025-11-17 16:41:20.312479+00:00
2808061d-6615-4a36-a66d-a4d68caf9d81,34.69,32.96,2025-11-17 16:41:20.312479+00:00
8e33897d-1ea8-4af2-80f2-89481e9a3efa,34.69,32.96,2025-11-17 16:41:20.312479+00:00
c60dbd1b-f880-43d7-b4cc-91d1b18c7b4e,34.69,32.96,2025-11-17 16:41:20.312479+00:00
3e4d9c5a-f7ab-4d6e-96ae-3f239fff81bd,34.69,32.96,2025-11-17 16:41:20.312479+00:00
25ea65e3-4a7d-492b-bf5d-a11e22bb0254,34.69,32.96,2025-11-17 16:41:20.312479+00:00
09a3497a-9e70-4fc5-b727-d5f3bcdf3bb1,34.69,32.96,2025-11-17 16:41:20.312479+00:00
d2374fd2-279b-4e5f-87db-2b9f6a3b3b8f,34.69,32.96,2025-11-17 16:41:20.312479+00:00
c468d290-fe2b-4359-8f3a-c916729b2107,34.69,32.96,2025-11-17 16:41:20.312479+00:00
78eb1646-6841-4af9-a74b-84648609147d,34.69,32.96,2025-11-17 16:41:20.312479+00:00
3369823e-fc8e-42ef-8548-fb9b690745ea,34.69,32.96,2025-11-17 16:41:20.312479+00:00
b05347df-5007-40d3-b4f6-178173ed57c8,34.69,32.96,2025-11-17 16:41:20.312479+00:00
a9bd70ce-a00d-4134-a737-a77f844280b7,34.69,32.96,2025-11-17 16:41:20.312479+00:00
d466acd6-182a-4c7c-bd93-deffac76c713,34.69,32.96,2025-11-17 16:41:20.312479+00:00
bfc42074-36c6-4501-bd2a-f3b5d57898cf,34.69,32.96,2025-11-17 16:41:20.312479+00:00
e95de3ea-2820-49fe-a768-57db3a9d357d,34.69,32.96,2025-11-17 16:41:20.312479+00:00
d92325ac-a513-4251-840c-f93edf44f5c8,34.69,32.96,2025-11-17 16:41:20.312479+00:00
0569a090-5c80-4801-b3e0-ec2b66718acc,34.69,32.96,2025-11-17 16:41:20.312479+00:00
fb4614e0-484a-42f2-a051-530c17c40006,34.69,32.96,2025-11-17 16:41:20.312479+00:00
dc99e73e-d3b5-46b7-b2af-53c228126917,34.69,32.96,2025-11-17 16:41:20.312479+00:00
fdb107b5-e67f-4bda-9b4e-f62ebc26d7d0,34.69,32.96,2025-11-17 16:41:20.312479+00:00
c8f2189b-b853-4933-b769-9eadeb80d84a,34.69,32.96,2025-11-17 16:41:20.312479+00:00
0d4e91bb-fe10-4775-adc4-49df1b058c62,34.69,32.96,2025-11-17 16:41:20.312479+00:00
22ab389a-6d92-44c7-9910-332472129d50,34.69,32.96,2025-11-17 16:41:20.312479+00:00
097fc690-9e53-49e9-bdbf-e9e029716e04,34.69,32.96,2025-11-17 16:41:20.312479+00:00
3647ead4-3a1e-41c5-a5b3-d45af48000e2,34.69,32.96,2025-11-17 16:41:20.312479+00:00
92a9130e-f038-4776-8078-937e46315d53,34.69,32.96,2025-11-17 16:41:20.312479+00:00
9f221e88-602e-476c-a863-77c1de1ad5e4,34.69,32.96,2025-11-17 16:41:20.312479+00:00
8e2f6c3d-84cb-47fd-a002-7d56da833b6c,34.69,32.96,2025-11-17 16:41:20.312479+00:00
07f38910-fb1a-4f4d-95c0-897e12eb2c70,34.69,32.96,2025-11-17 16:41:20.312479+00:00
b234dd8e-f54d-490b-a3c9-ca22fafd735a,34.69,32.96,2025-11-17 16:41:20.312479+00:00
96891dc3-c26a-48c0-bfa7-268bf2346f9b,34.69,32.96,2025-11-17 16:41:20.312479+00:00
7b6d9578-4524-4642-bf2e-a374c03d512b,34.69,32.96,2025-11-17 16:41:20.312479+00:00
b8b41c85-b462-41f0-bd36-af72a896a9e9,34.69,32.96,2025-11-17 16:41:20.312479+00:00
adb8d4ae-815c-4b33-b8b4-c105446ed87a,34.69,32.96,2025-11-17 16:41:20.312479+00:00
c33cb150-26fc-40f8-b3bf-c5e9b572cda6,34.69,32.96,2025-11-17 16:41:20.312479+00:00
72de426e-fb05-4912-aeff-5bde325868d6,34.69,32.96,2025-11-17 16:41:20.312479+00:00
e788e860-e4e9-4525-b7b4-3ea5961514fb,34.69,32.96,2025-11-17 16:41:20.312479+00:00
f0105427-5d7c-467d-ba0f-5c0bf8f712d3,34.69,32.96,2025-11-17 16:41:20.312479+00:00
97c888f2-f831-417d-bb07-070be1ff6047,34.69,32.96,2025-11-17 16:41:20.312479+00:00
28700100-6ec7-4a29-892d-f2ce9d3faea7,34.69,32.96,2025-11-17 16:41:20.312479+00:00
a0e131a6-f45e-4fe4-9753-c12158597ac4,34.69,32.96,2025-11-17 16:41:20.312479+00:00
23538e76-7205-44ba-ae9f-e14685684b6d,34.69,32.96,2025-11-17 16:41:20.312479+00:00
eb84ba07-ad2a-4472-8469-58255c9265c2,34.69,32.96,2025-11-17 16:41:20.312479+00:00
b8d08115-caf8-4886-ad40-d4810a2c1514,34.69,32.96,2025-11-17 16:41:20.312479+00:00
5d106097-daf7-413d-8395-e66a0dc97fa2,34.69,32.96,2025-11-17 16:41:20.312479+00:00
0c97a0f6-d5b5-4176-97d7-46fd7c9a8597,34.69,32.96,2025-11-17 16:41:20.312479+00:00
c08f1e5f-5ff6-4a64-932c-4d9ae8a3be74,34.69,32.96,2025-11-17 16:41:20.312479+00:00
3e28a12d-c0d6-43a2-ada1-5e79ce246ac3,34.69,32.96,2025-11-17 16:41:20.312479+00:00
7fbac1b3-618f-48c2-98de-006a34c414a1,34.69,32.96,2025-11-17 16:41:20.312479+00:00
52788020-e11b-4fe1-b656-5d2fc794d13a,34.69,32.96,2025-11-17 16:41:20.312479+00:00
aa4ef4a9-3c6a-4366-a155-c7d2a835e8bc,34.69,32.96,2025-11-17 16:41:20.312479+00:00
257559fe-a32b-4cc7-bcf9-23b6a3a65b3f,34.69,32.96,2025-11-17 16:41:20.312479+00:00
5ed688ca-937c-4844-ab9e-2d2c93363984,34.69,32.96,2025-11-17 16:41:20.312479+00:00
2f7b72a1-bfae-4dfa-852d-3dd57caeb7fe,34.69,32.96,2025-11-17 16:41:20.312479+00:00
d7883999-b92e-4e2c-83d0-ce5f22fa76e0,34.69,32.96,2025-11-17 16:41:20.312479+00:00
27b7d160-0040-41c5-9284-639b35f9c9d0,34.69,32.96,2025-11-17 16:41:20.312479+00:00
61d08d10-98ea-4d1f-aac7-f7f05c23bdf3,34.69,32.96,2025-11-17 16:41:20.312479+00:00
46ea7195-9aad-47af-8fe6-9577dbdd6801,34.69,32.96,2025-11-17 16:41:20.312479+00:00
a47ff253-eec1-4934-86fe-45dd2863b9bc,34.69,32.96,2025-11-17 16:41:20.312479+00:00
871add7a-fd06-4bf0-a54d-5dd4d51dfe00,34.69,32.96,2025-11-17 16:41:20.312479+00:00
1e41fa89-a2fa-47da-a9e2-a05b733a5f30,34.69,32.96,2025-11-17 16:41:20.312479+00:00
982508b0-e945-40fb-ad84-ca13445542eb,34.69,32.96,2025-11-17 16:41:20.312479+00:00
d51e29af-b97a-4180-8d74-8e78c50a25dc,34.69,32.96,2025-11-17 16:41:20.312479+00:00
87fcde8b-b6a3-4ec3-99f6-c70ecb99e7a5,34.69,32.96,2025-11-17 16:41:20.312479+00:00
017600af-1815-4b89-9c1c-570896c7b2dc,34.69,32.96,2025-11-17 16:41:20.312479+00:00
28f26c25-f814-4460-9fe5-4f6f7f6583f4,34.69,32.96,2025-11-17 16:41:20.312479+00:00
d430923c-31d6-40c5-89e4-30e817ff9b15,34.69,32.96,2025-11-17 16:41:20.312479+00:00
f440d23f-eb2b-40d6-a9e0-410e8e2292c3,34.69,32.96,2025-11-17 16:41:20.312479+00:00
c6eaa9d1-66ee-4cf7-8006-9196a5b1c337,34.69,32.96,2025-11-17 16:41:20.312479+00:00
09bb2862-01b6-4726-b0b4-e6b47b838d39,34.69,32.96,2025-11-17 16:41:20.312479+00:00
f2869a95-95c5-48aa-b7ec-72daa5a3fba6,34.69,32.96,2025-11-17 16:41:20.312479+00:00
a9aea101-2b9d-4bfc-9bfa-90929b2debb9,34.69,32.96,2025-11-17 16:41:20.312479+00:00
f275370b-cb63-40de-b8fd-453ffbf5ccc1,34.69,32.96,2025-11-17 16:41:20.312479+00:00
bd8eac3a-a027-497b-846f-14e3b16e82e5,34.69,32.96,2025-11-17 16:41:20.312479+00:00
7b363f86-4229-45e3-a67f-29daf59378c4,34.69,32.96,2025-11-17 16:41:20.312479+00:00
a202190e-7d93-4d1f-a317-a12d166a72c9,34.69,32.96,2025-11-17 16:41:20.312479+00:00
12e3dfda-de9f-405e-bd71-57dbdc9bcb8d,34.69,32.96,2025-11-17 16:41:20.312479+00:00
446d13b1-fbd6-4206-a3ee-63b671b4bae9,34.69,32.96,2025-11-17 16:41:20.312479+00:00
25469810-b711-471b-919e-53e91e3be402,34.69,32.96,2025-11-17 16:41:20.312479+00:00
9f8c3f25-a870-42d9-8921-f3001d417e99,34.69,32.96,2025-11-17 16:41:20.312479+00:00
9bf2a009-4ba6-4047-b951-4ae92013c63d,34.69,32.96,2025-11-17 16:41:20.312479+00:00
2209c452-0217-4849-a309-30c46cff5602,34.69,32.96,2025-11-17 16:41:20.312479+00:00
7ab263e2-330c-47ed-ad9f-32180415fa7a,34.69,32.96,2025-11-17 16:41:20.312479+00:00
a67dd9dd-4117-4984-9935-714243ad7d26,34.69,32.96,2025-11-17 16:41:20.312479+00:00
371d3d7c-dfa1-442f-adaa-9cf9132c0f29,34.69,32.96,2025-11-17 16:41:20.312479+00:00
de0cff9a-0ad4-4c41-a2fc-e890f0754888,34.69,32.96,2025-11-17 16:41:20.312479+00:00
4e8f79f3-72eb-4702-82b4-9eda37775275,34.69,32.96,2025-11-17 16:41:20.312479+00:00
5fab192b-4b61-4b58-b741-1683de0c0ec6,34.69,32.96,2025-11-17 16:41:20.312479+00:00
ec34808b-1ba1-4115-bcfc-27cd416a62ea,34.69,32.96,2025-11-17 16:41:20.312479+00:00
43fa71dc-55dd-44d9-ba3f-26210e24b3aa,34.69,32.96,2025-11-17 16:41:20.312479+00:00
e4704da3-0dec-4106-8e62-ebba2c282ef4,34.69,32.96,2025-11-17 16:41:20.312479+00:00
03e1486a-d353-4552-9609-a7f4a66ff52e,34.69,32.96,2025-11-17 16:41:20.312479+00:00
f36251fb-eefc-4d12-a383-99321b47509a,34.69,32.96,2025-11-17 16:41:20.312479+00:00
723ae744-15a4-491a-9b88-3bed7591b950,34.69,32.96,2025-11-17 16:41:20.312479+00:00
b5f863cc-2a82-4325-9472-f152f11a8c7b,34.69,32.96,2025-11-17 16:41:20.312479+00:00
f2290030-8bcf-42fb-9e6e-6abe2f18f17f,34.69,32.96,2025-11-17 16:41:20.312479+00:00
ef686004-81ff-4e27-b004-611c140cbe88,34.69,32.96,2025-11-17 16:41:20.312479+00:00
0493d235-3003-4c86-8c8d-a3e0d694835a,34.69,32.96,2025-11-17 16:41:20.312479+00:00
ce78e425-8942-403f-9510-ea847d908fd5,34.69,32.96,2025-11-17 16:41:20.312479+00:00
132a5525-e48d-494b-91fd-30e51cb4130d,34.69,32.96,2025-11-17 16:41:20.312479+00:00
23413614-6f3a-4d27-b915-bcf1a70049a0,34.69,32.96,2025-11-17 16:41:20.312479+00:00
e77ef268-ff5a-4e2c-b0f2-3916662a1f84,34.69,32.96,2025-11-17 16:41:20.312479+00:00
d90349fd-6195-45f5-a9ee-1d75a9adef35,34.69,32.96,2025-11-17 16:41:20.312479+00:00
23ff7a56-cd77-4fde-8490-d3ccbbf75a50,34.69,32.96,2025-11-17 16:41:20.312479+00:00
3eb50415-9a47-4f83-bb91-f188a422cddc,34.69,32.96,2025-11-17 16:41:20.312479+00:00
2d400760-dc6c-48dd-90d7-3951d1eb4829,34.69,32.96,2025-11-17 16:41:20.312479+00:00
39f13da1-7535-4420-8ad1-ef9fcf46f122,34.69,32.96,2025-11-17 16:41:20.312479+00:00
55a50696-3108-4b50-9390-7610efe7f3d7,34.69,32.96,2025-11-17 16:41:20.312479+00:00
4d934248-b2c0-4418-8aac-c40fb4c9b3e3,34.69,32.96,2025-11-17 16:41:20.312479+00:00
10ba9b06-a95f-40f3-9e98-945023168e4a,34.69,32.96,2025-11-17 16:41:20.312479+00:00
94136643-50cb-4b73-96b3-775ea21755f6,34.69,32.96,2025-11-17 16:41:20.312479+00:00
84068f01-b084-4417-b4ea-2e37c788f747,34.69,32.96,2025-11-17 16:41:20.312479+00:00
58c8f931-0622-4362-b732-98d5521346bf,34.69,32.96,2025-11-17 16:41:20.312479+00:00
fa65d404-84ce-4a2d-a292-02a18cdfa39d,34.69,32.96,2025-11-17 16:41:20.312479+00:00
81c92a43-33ae-4832-8ce6-8b241f0a114c,34.69,32.96,2025-11-17 16:41:20.312479+00:00
b8e3d18b-bbb1-4ee9-8120-16f80e90a4f5,34.69,32.96,2025-11-17 16:41:20.312479+00:00
ab20aff5-b2ac-4b91-9fa0-bda59976de5a,34.69,32.96,2025-11-17 16:41:20.312479+00:00
1d06bee9-c3cb-41df-8e10-4865c6cd2d3e,34.69,32.96,2025-11-17 16:41:20.312479+00:00
eeb8d23d-6efa-4624-bab1-e8dfd33c381e,34.69,32.96,2025-11-17 16:41:20.312479+00:00
bf0434b9-10b0-44d8-8d3b-da8bff50c9b9,34.69,32.96,2025-11-17 16:41:20.312479+00:00
8b6a4541-75b8-4c31-824d-da79f6165e4b,34.69,32.96,2025-11-17 16:41:20.312479+00:00
07395f09-3940-4769-b611-a8b362e21816,34.69,32.96,2025-11-17 16:41:20.312479+00:00
d1ea6223-471e-40ea-80a2-9f61ca670ac3,34.69,32.96,2025-11-17 16:41:20.312479+00:00
7eca1043-a7fd-4858-8df1-c66f209a65a6,34.69,32.96,2025-11-17 16:41:20.312479+00:00
7499965a-2cd0-4a99-a46e-21953efea8fd,34.69,32.96,2025-11-17 16:41:20.312479+00:00
7973a32b-c50b-4850-8e3d-c6161c4780e0,34.69,32.96,2025-11-17 16:41:20.312479+00:00
6c4c94b4-07ee-4181-bbef-278997ea3179,34.69,32.96,2025-11-17 16:41:20.312479+00:00
32e3eadc-9537-4ef9-8474-19993b043eb4,34.69,32.96,2025-11-17 16:41:20.312479+00:00
a1ea72fd-bb0d-4468-b648-afa2ed2e07f3,34.69,32.96,2025-11-17 16:41:20.312479+00:00
43315da2-ec4e-4e99-95a3-4295d67045d6,34.69,32.96,2025-11-17 16:41:20.312479+00:00
b4bbed04-a3e1-415b-a1aa-9118e69e447f,34.69,32.96,2025-11-17 16:41:20.312479+00:00
44723c93-3cc7-4367-9996-8753f727dd91,34.69,32.96,2025-11-17 16:41:20.312479+00:00
b4f82116-ccb2-4d19-abca-fc6507f2ea98,34.69,32.96,2025-11-17 16:41:20.312479+00:00
fe6bc558-7833-4f93-9aed-aa5286c57ece,34.69,32.96,2025-11-17 16:41:20.312479+00:00
dc3ca993-0bd0-4fd8-853d-f89d0ec7941b,34.69,32.96,2025-11-17 16:41:20.312479+00:00
cd453697-f7f8-41be-a044-730bdc737f97,34.69,32.96,2025-11-17 16:41:20.312479+00:00
c40a1278-0b24-4d77-8815-c18e3f84edba,34.69,32.96,2025-11-17 16:41:20.312479+00:00
ef5ec92e-3928-489a-8667-d09315433007,34.69,32.96,2025-11-17 16:41:20.312479+00:00
7b564ec0-2949-46c6-b6fc-2967051a69bf,34.69,32.96,2025-11-17 16:41:20.312479+00:00
97574a13-6338-419c-8661-1847a69d32b0,34.69,32.96,2025-11-17 16:41:20.312479+00:00
ba339d32-55df-43d7-850b-e370ea4d72b7,34.69,32.96,2025-11-17 16:41:20.312479+00:00
28a03769-d3a8-43bd-b8c7-92bcb35837c7,34.69,32.96,2025-11-17 16:41:20.312479+00:00
85fb8f10-21ed-4fd6-8746-3377d6b7594a,34.69,32.96,2025-11-17 16:41:20.312479+00:00
7c3eab47-127d-41db-8c5e-bdbad14ed5b1,34.69,32.96,2025-11-17 16:41:20.312479+00:00
9940c097-082a-4140-ac63-04856912f5d9,34.69,32.96,2025-11-17 16:41:20.312479+00:00
8a456ad4-2e3c-4931-a479-b78dfff42059,34.69,32.96,2025-11-17 16:41:20.312479+00:00
bb7b8b0f-ef9d-4fb3-b3bc-32e2de3862a9,34.69,32.96,2025-11-17 16:41:20.312479+00:00
ea3aab41-3914-4303-8466-55d3f5acc192,34.69,32.96,2025-11-17 16:41:20.312479+00:00
7e79ec5b-d95c-41ca-a116-6203675387f7,34.69,32.96,2025-11-17 16:41:20.312479+00:00
56aff09f-62d7-474e-b6c9-68cb1b3394dd,34.69,32.96,2025-11-17 16:41:20.312479+00:00
afe27942-a9b8-4c45-b115-9ae87d209d53,34.69,32.96,2025-11-17 16:41:20.312479+00:00
e103a392-7344-42e5-8a8c-b5cfde694515,34.69,32.96,2025-11-17 16:41:20.312479+00:00
06bec46c-aa34-4df9-8525-49b1bdd4c377,34.69,32.96,2025-11-17 16:41:20.312479+00:00
8893a79e-2005-4592-b440-933ce867810b,34.69,32.96,2025-11-17 16:41:20.312479+00:00
bcf99c9e-45a2-4416-926e-c06ce89009a2,34.69,32.96,2025-11-17 16:41:20.312479+00:00
3ce4a58b-388c-4752-a531-86c91308d585,34.69,32.96,2025-11-17 16:41:20.312479+00:00
07a328bd-3d95-4cd8-9f47-c2ef7f110e00,34.69,32.96,2025-11-17 16:41:20.312479+00:00
031b52cd-e57d-4aff-ad5a-5dd09c5495e5,34.69,32.96,2025-11-17 16:41:20.312479+00:00
d7878293-2bdb-4761-9946-df47036fdcd6,34.69,32.96,2025-11-17 16:41:20.312479+00:00
08af0dd1-db15-4e68-8e0f-dc40109ba5d7,34.69,32.96,2025-11-17 16:41:20.312479+00:00
bbec77b3-9419-4808-8d35-98b27aec8221,34.69,32.96,2025-11-17 16:41:20.312479+00:00
6a03a876-1d55-4ea9-aad3-2b619e037d6f,34.69,32.96,2025-11-17 16:41:20.312479+00:00
a6bc803c-f09c-42ea-8d5e-908737e9b95a,34.69,32.96,2025-11-17 16:41:20.312479+00:00
650c642d-a674-4e10-b3fd-3151009f38a5,34.69,32.96,2025-11-17 16:41:20.312479+00:00
091abaea-007c-44f0-bcd8-6fdc1e7c3c59,34.69,32.96,2025-11-17 16:41:20.312479+00:00
efa02070-efd1-45c1-89c7-737905bd404c,34.69,32.96,2025-11-17 16:41:20.312479+00:00
54fe9478-8716-4d08-a9a1-4d2d49b3a057,34.69,32.96,2025-11-17 16:41:20.312479+00:00
0d5932fa-6e3e-47fc-8a40-de062b1d1f81,34.69,32.96,2025-11-17 16:41:20.312479+00:00
12ca2add-99a3-4348-8b84-22e56f6fd545,34.69,32.96,2025-11-17 16:41:20.312479+00:00
01ec0204-3ca4-4ee1-ad23-c641135c8cb5,34.69,32.96,2025-11-17 16:41:20.312479+00:00
40592b7c-b6be-4fe2-b530-3d355e1851fc,34.69,32.96,2025-11-17 16:41:20.312479+00:00
331a7d86-bf24-43c0-a868-d1d0906ec213,34.69,32.96,2025-11-17 16:41:20.312479+00:00
dd90ac83-d1de-4b6a-bd4a-bb03e1e5249f,34.69,32.96,2025-11-17 16:41:20.312479+00:00
ac52943a-8722-4cab-b074-93c3577d29a7,34.69,32.96,2025-11-17 16:41:20.312479+00:00
7fbe633e-43ca-40e1-8da7-e037a091277f,34.69,32.96,2025-11-17 16:41:20.312479+00:00
63317762-df55-43c3-8916-25aed4e6ebe2,34.69,32.96,2025-11-17 16:41:20.312479+00:00
e277298b-2b53-486c-96af-81b7fa9078c7,34.69,32.96,2025-11-17 16:41:20.312479+00:00
77356f66-a188-4be9-8232-7f2ca26abc4c,34.69,32.96,2025-11-17 16:41:20.312479+00:00
9a925641-92ef-45dd-9439-8fa829618e91,34.69,32.96,2025-11-17 16:41:20.312479+00:00
3d5590c3-8902-419c-a518-891f5e5aca24,34.69,32.96,2025-11-17 16:41:20.312479+00:00
ff56e2fb-9f23-47bc-be1c-f031007e84d7,34.69,32.96,2025-11-17 16:41:20.312479+00:00
a5830b0f-77f4-4e8f-b7a3-ac3d72503c41,34.69,32.96,2025-11-17 16:41:20.312479+00:00
570573cf-555d-47d3-9e8b-01c2468f94f4,34.69,32.96,2025-11-17 16:41:20.312479+00:00
5439b9e5-22d1-49a5-8f0d-cefa417dc23f,34.69,32.96,2025-11-17 16:41:20.312479+00:00
615da230-eb41-4408-b4e9-0f8eb0f3b01f,34.69,32.96,2025-11-17 16:41:20.312479+00:00
5a0827ba-ca9f-4a64-a31a-fbf5da91eeb5,34.69,32.96,2025-11-17 16:41:20.312479+00:00
d0992101-fbea-4b6d-9d44-f528d34676ad,34.69,32.96,2025-11-17 16:41:20.312479+00:00
5edd4f72-a0f1-42ea-8593-002fd486e13d,34.69,32.96,2025-11-17 16:41:20.312479+00:00
775ab945-c60d-444d-8628-f8a6dd82e3f0,34.69,32.96,2025-11-17 16:41:20.312479+00:00
56eead26-bd74-4f73-8516-ee44f929b069,34.69,32.96,2025-11-17 16:41:20.312479+00:00
a08f8c3d-2a54-45dd-8ab0-79db3feb9727,34.69,32.96,2025-11-17 16:41:20.312479+00:00
aa52ff3a-faad-4c2b-b63b-01dec2089c61,34.69,32.96,2025-11-17 16:41:20.312479+00:00
16af2b00-6b98-443e-b3c8-f5886a31c992,34.69,32.96,2025-11-17 16:41:20.312479+00:00
9bff70a6-bdea-4c58-b9fa-86feecc689bc,34.69,32.96,2025-11-17 16:41:20.312479+00:00
31a036cb-5e79-4cd7-bcd5-fd1b3a3faf65,34.69,32.96,2025-11-17 16:41:20.312479+00:00
d5384f90-03e1-44cc-bc6c-4d8348b7ff51,34.69,32.96,2025-11-17 16:41:20.312479+00:00
725a536a-aff0-47d1-8fc8-13cf623cf671,34.69,32.96,2025-11-17 16:41:20.312479+00:00
b67df17b-21b8-4fa4-b3d9-9e09b0fa92ba,34.69,32.96,2025-11-17 16:41:20.312479+00:00
823c75a7-c016-4ad3-9e99-8e00e6d2480d,34.69,32.96,2025-11-17 16:41:20.312479+00:00
1102a285-f90c-48dd-89e5-d4a939851121,34.69,32.96,2025-11-17 16:41:20.312479+00:00
5efbce7c-d119-4f73-a75b-455ee553f1af,34.69,32.96,2025-11-17 16:41:20.312479+00:00
eb86a33c-d47a-461e-a065-a1a9b08ad278,34.69,32.96,2025-11-17 16:41:20.312479+00:00
894fc1f9-e7c5-41d4-893e-488c033a6495,34.69,32.96,2025-11-17 16:41:20.312479+00:00
d5cc6b58-c9ff-4936-9cdf-61e22d4051f8,34.69,32.96,2025-11-17 16:41:20.312479+00:00
0c2b0015-3f28-4a6e-a579-5f7da214136b,34.69,32.96,2025-11-17 16:41:20.312479+00:00
42bfc5a6-b45c-4888-9ec3-f89341198df3,34.69,32.96,2025-11-17 16:41:20.312479+00:00
1e64daef-6f04-42c6-9b86-6152a331aa27,34.69,32.96,2025-11-17 16:41:20.312479+00:00
f907a564-3d48-4892-9fd8-b4717ecf309c,34.69,32.96,2025-11-17 16:41:20.312479+00:00
b84a093c-8b4f-4709-9099-9e4098a08c8e,34.69,32.96,2025-11-17 16:41:20.312479+00:00
682b8979-720f-4025-8f39-eecf1610333d,34.69,32.96,2025-11-17 16:41:20.312479+00:00
3ca86905-42c0-4c66-9b14-03f5123926b7,34.69,32.96,2025-11-17 16:41:20.312479+00:00
68631038-284f-42e3-aa32-686b90d5ddbd,34.69,32.96,2025-11-17 16:41:20.312479+00:00
1a08809a-5b3f-468c-b696-1fe6657dc112,34.69,32.96,2025-11-17 16:41:20.312479+00:00
0ed9087a-3330-41f2-9f25-894fb2d2126e,34.69,32.96,2025-11-17 16:41:20.312479+00:00
66ece4a7-cccb-4ea7-941f-307abc54e7ad,34.69,32.96,2025-11-17 16:41:20.312479+00:00
7b4134ef-a4a7-4454-88c6-f04cfbc2b030,34.69,32.96,2025-11-17 16:41:20.312479+00:00
c1f4428d-9a95-40a1-b2c9-9fd81f08d605,34.69,32.96,2025-11-17 16:41:20.312479+00:00
364cc486-d180-4f7b-accb-5dff158c4d01,34.69,32.96,2025-11-17 16:41:20.312479+00:00
67fa632c-badf-4238-b921-c4dd07387631,34.69,32.96,2025-11-17 16:41:20.312479+00:00
6a896e9b-2121-4d1d-af84-4c25cfd605e4,34.69,32.96,2025-11-17 16:41:20.312479+00:00
e0039e8b-47b6-4e5a-ab74-6be6a20d6d98,34.69,32.96,2025-11-17 16:41:20.312479+00:00
fc5edeb0-ca25-4625-af6c-cafbdbb31221,34.69,32.96,2025-11-17 16:41:20.312479+00:00
549f33b6-c983-407b-b548-c6d6717e674a,34.69,32.96,2025-11-17 16:41:20.312479+00:00
bc45ff86-80db-4de5-a751-950645a828cb,34.69,32.96,2025-11-17 16:41:20.312479+00:00
74c904eb-e77b-4ddc-992f-c5ef6b8104c3,34.69,32.96,2025-11-17 16:41:20.312479+00:00
3e39946b-20ef-4b7c-8663-74913e10bd38,34.69,32.96,2025-11-17 16:41:20.312479+00:00
ac6371a5-efe0-43b7-81f3-003e74f64393,34.69,32.96,2025-11-17 16:41:20.312479+00:00
7420b3a2-4dd7-42c4-839b-04de70080268,34.69,32.96,2025-11-17 16:41:20.312479+00:00
bef7ebf4-0035-4475-87a1-59ab6f8e1224,34.69,32.96,2025-11-17 16:41:20.312479+00:00
1c7f1451-ae93-4b37-8767-4e0e6e07afef,34.69,32.96,2025-11-17 16:41:20.312479+00:00
8ab4e58c-d175-4ee9-a5e8-04e87bda2ff6,34.69,32.96,2025-11-17 16:41:20.312479+00:00
6a2ab64a-3a61-43e1-af0f-7c1225df5e20,34.69,32.96,2025-11-17 16:41:20.312479+00:00
e7f81abe-05eb-4706-a6a4-06b938e5daa9,34.69,32.96,2025-11-17 16:41:20.312479+00:00
750b8903-6fa8-4a25-b0da-ff93a0ea6844,34.69,32.96,2025-11-17 16:41:20.312479+00:00
cfac6f66-2c71-4e50-b033-6b5b90c7f890,34.69,32.96,2025-11-17 16:41:20.312479+00:00
454fd802-5163-42f4-9cec-ccf1204af172,34.69,32.96,2025-11-17 16:41:20.312479+00:00
0fb89a74-a399-4c76-8b5a-0f31521d7e08,34.69,32.96,2025-11-17 16:41:20.312479+00:00
a3e8795e-ad40-4e0b-be42-03ada77fd85b,34.69,32.96,2025-11-17 16:41:20.312479+00:00
c987141a-5f64-429e-9ee6-5589fa5d801f,34.69,32.96,2025-11-17 16:41:20.312479+00:00
bcb0244d-53f4-49e6-8de6-a6c302f6090b,34.69,32.96,2025-11-17 16:41:20.312479+00:00
8d520280-e236-45fd-864b-d9e72f8ba342,34.69,32.96,2025-11-17 16:41:20.312479+00:00
fa958996-ff9d-4c76-a218-625da6d73e31,34.69,32.96,2025-11-17 16:41:20.312479+00:00
108f3f08-de5a-42e7-930f-f2ef70c792e1,34.69,32.96,2025-11-17 16:41:20.312479+00:00
5539fd23-4e5a-4d9d-b41e-cf01455bbc7c,34.69,32.96,2025-11-17 16:41:20.312479+00:00
9ff2b4bd-4919-4524-9887-266c4723c01a,34.69,32.96,2025-11-17 16:41:20.312479+00:00
772f286a-878c-4daa-bfdf-5be3b1812c87,34.69,32.96,2025-11-17 16:41:20.312479+00:00
75a7eeee-ee85-43a4-adf7-a8595712eba5,34.69,32.96,2025-11-17 16:41:20.312479+00:00
8bcd7b08-690a-494c-8254-9921d4ff0c4a,34.69,32.96,2025-11-17 16:41:20.312479+00:00
acb7f877-7913-4721-9518-b4f93057f9ac,34.69,32.96,2025-11-17 16:41:20.312479+00:00
744fc5d4-2a88-4e6c-a0ff-7a5824cec3e5,34.69,32.96,2025-11-17 16:41:20.312479+00:00
49cf5eef-6095-4d3b-b1ac-3a38e35e402d,34.69,32.96,2025-11-17 16:41:20.312479+00:00
5e780e12-4126-4052-acfa-eaf46c390776,34.69,32.96,2025-11-17 16:41:20.312479+00:00
89ac2520-0275-416a-888d-06912c6567e5,34.69,32.96,2025-11-17 16:41:20.312479+00:00
fae2e699-48b2-4cb5-ba20-9ea44c71b8e9,34.69,32.96,2025-11-17 16:41:20.312479+00:00
f2cb8b0a-7f2e-4364-8371-d774c0a33ce9,34.69,32.96,2025-11-17 16:41:20.312479+00:00
cc5872f8-7fc0-472e-a732-5f7d56454155,34.69,32.96,2025-11-17 16:41:20.312479+00:00
3055c8ac-6cc0-413d-a358-6ab327d5bb67,34.69,32.96,2025-11-17 16:41:20.312479+00:00
976415d6-24f3-48f5-b1f4-d000049e32d9,34.69,32.96,2025-11-17 16:41:20.312479+00:00
cf8d2ef5-312e-4e18-9d12-23d9d7efecbd,34.69,32.96,2025-11-17 16:41:20.312479+00:00
94e4a918-bd69-4b85-b2f1-9e44bc59c3c0,34.69,32.96,2025-11-17 16:41:20.312479+00:00
26a3b0ef-11e2-4e1d-aaa7-33ef9fad1d2f,34.69,32.96,2025-11-17 16:41:20.312479+00:00
fd57cfe5-8ed4-461c-8742-869d30ce52e8,34.69,32.96,2025-11-17 16:41:20.312479+00:00
c0771606-12fd-4a46-b922-29e7dd4a973b,34.69,32.96,2025-11-17 16:41:20.312479+00:00
62701aa7-3d56-4fdc-bca7-f05faadd13cd,34.69,32.96,2025-11-17 16:41:20.312479+00:00
00e3bfea-50c0-46f4-81e8-2b992f1fb768,34.69,32.96,2025-11-17 16:41:20.312479+00:00
6ba2a760-4d55-4a27-a34a-9e07acd097d0,34.69,32.96,2025-11-17 16:41:20.312479+00:00
0224d99d-3eaf-41ac-8318-a2404afbb1c3,34.69,32.96,2025-11-17 16:41:20.312479+00:00
a1a20693-c3d3-4946-af1e-2ae0c6ef3be4,34.69,32.96,2025-11-17 16:41:20.312479+00:00
2c4b641d-586d-400c-bcb6-c1ec04d5bce4,34.69,32.96,2025-11-17 16:41:20.312479+00:00
5dd89112-e320-4bb1-9e9b-21d43b95861c,34.69,32.96,2025-11-17 16:41:20.312479+00:00
be1ffd01-ebb6-4303-987f-0301b291fbfa,34.69,32.96,2025-11-17 16:41:20.312479+00:00
42791082-dc84-40cd-9dfb-bf10c1237208,34.69,32.96,2025-11-17 16:41:20.312479+00:00
187e6964-2987-4932-a550-11c18588c0ea,34.69,32.96,2025-11-17 16:41:20.312479+00:00
1c3e4017-8aa1-4745-abda-eda2968d912e,34.69,32.96,2025-11-17 16:41:20.312479+00:00
abce3ddb-7eeb-40db-965c-95485a5049df,34.69,32.96,2025-11-17 16:41:20.312479+00:00
00290422-229c-44a0-966f-dc3a331cc93d,34.69,32.96,2025-11-17 16:41:20.312479+00:00
28828535-0775-4f0c-8ad6-ca54c32f7d82,34.69,32.96,2025-11-17 16:41:20.312479+00:00
22da8868-bd67-47a9-941a-83d6e1fa23ba,34.69,32.96,2025-11-17 16:41:20.312479+00:00
5d3816a6-54e6-45fb-a91f-164ef931956e,34.69,32.96,2025-11-17 16:41:20.312479+00:00
56d831e2-eb52-4180-919d-edde2ee61361,34.69,32.96,2025-11-17 16:41:20.312479+00:00
f0b52e53-e640-4a03-bc1d-6336ebe2509f,34.69,32.96,2025-11-17 16:41:20.312479+00:00
b9626441-068c-4685-9720-95431fcc3251,34.69,32.96,2025-11-17 16:41:20.312479+00:00
30cb09c4-d01d-4cf9-ace6-bcdbe2f614fa,34.69,32.96,2025-11-17 16:41:20.312479+00:00
83123f97-a99f-4731-8555-f959ae1abc01,34.69,32.96,2025-11-17 16:41:20.312479+00:00
74bffb56-8761-4b76-8d65-4dddd1a9385c,34.69,32.96,2025-11-17 16:41:20.312479+00:00
fdd70fd3-0b28-4a8b-9f8e-09445ee56f40,34.69,32.96,2025-11-17 16:41:20.312479+00:00
ea09d9fd-6ef7-4425-9bab-8a63f7e8a45b,34.69,32.96,2025-11-17 16:41:20.312479+00:00
7ebb4097-907f-4c55-b0bb-d27d3f754a34,34.69,32.96,2025-11-17 16:41:20.312479+00:00
6c3cd98f-137b-451f-b711-e1a15f4f99fa,34.69,32.96,2025-11-17 16:41:20.312479+00:00
43779384-ad17-476a-beff-7a851a37ad08,34.69,32.96,2025-11-17 16:41:20.312479+00:00
9369cfbc-4ac6-4e71-a930-e68c30827464,34.69,32.96,2025-11-17 16:41:20.312479+00:00
db776125-20a7-45f9-acf9-fb59f26f3a05,34.69,32.96,2025-11-17 16:41:20.312479+00:00
50e65e84-5c8d-4e5a-b8da-863626f9fa16,34.69,32.96,2025-11-17 16:41:20.312479+00:00
f95a2910-6613-4d4d-94c8-b7cf71cb6f83,34.69,32.96,2025-11-17 16:41:20.312479+00:00
f3a67080-ac56-4720-a05b-d01fd66b77fc,34.69,32.96,2025-11-17 16:41:20.312479+00:00
28dc025b-02a4-461d-8d23-5de28534c770,34.69,32.96,2025-11-17 16:41:20.312479+00:00
27287e86-02d4-4550-b98d-7f2ebdb6813f,34.69,32.96,2025-11-17 16:41:20.312479+00:00
58ec268f-f0d9-455f-a383-869f0d71f14f,34.69,32.96,2025-11-17 16:41:20.312479+00:00
94e1d84e-9720-4574-8c26-951122a9d3aa,34.69,32.96,2025-11-17 16:41:20.312479+00:00
bcfd6471-d213-489d-82c7-279998123322,34.69,32.96,2025-11-17 16:41:20.312479+00:00
722f60c6-398e-456b-b69c-1f33f77e51e1,34.69,32.96,2025-11-17 16:41:20.312479+00:00
1d2889d7-4859-4086-8b07-39754beedc49,34.69,32.96,2025-11-17 16:41:20.312479+00:00
3ced649a-3b4f-49a5-82e0-debc0318932f,34.69,32.96,2025-11-17 16:41:20.312479+00:00
bcf3d296-ae0c-439e-bb0f-29da4814f891,34.69,32.96,2025-11-17 16:41:20.312479+00:00
86dcf3ac-8330-4d5b-b252-a6aea74bc5f3,34.69,32.96,2025-11-17 16:41:20.312479+00:00
f26bd480-f4dd-4763-9107-cf1575043871,34.69,32.96,2025-11-17 16:41:20.312479+00:00
713608ce-3f46-4462-9a71-6bc9ccbbb154,34.69,32.96,2025-11-17 16:41:20.312479+00:00
1249677f-cc41-45c1-9689-0ba697b0b2b5,34.69,32.96,2025-11-17 16:41:20.312479+00:00
5ac3cdbd-a5e5-4cbe-b413-456a87f515e3,34.69,32.96,2025-11-17 16:41:20.312479+00:00
50270fdb-97ad-4af2-86c5-7acec027cadb,34.69,32.96,2025-11-17 16:41:20.312479+00:00
d2339abc-fe84-44bc-8311-89d8c4e62564,34.69,32.96,2025-11-17 16:41:20.312479+00:00
73f1b0c4-7658-45db-8238-dc4eb277eacf,34.69,32.96,2025-11-17 16:41:20.312479+00:00
5a2b6558-718e-4929-bec6-7e89a032b16a,34.69,32.96,2025-11-17 16:41:20.312479+00:00
8475bd4e-1bbe-48d1-a314-22ad8ff7c0a6,34.69,32.96,2025-11-17 16:41:20.312479+00:00
dd8bd2b4-64b5-4d78-afa8-e5fd8c321d44,34.69,32.96,2025-11-17 16:41:20.312479+00:00
b85f8bbe-3ec6-4b8e-b236-9a7e4084a885,34.69,32.96,2025-11-17 16:41:20.312479+00:00
d05dd748-9c72-40d3-b009-cc689ddd1f7e,34.69,32.96,2025-11-17 16:41:20.312479+00:00
40f0446d-3149-4b8f-8ce3-089c57268843,34.69,32.96,2025-11-17 16:41:20.312479+00:00
eb9e911e-47ce-4970-8466-6b11608bef62,34.69,32.96,2025-11-17 16:41:20.312479+00:00
87a2c3da-d5d7-4cf2-a186-6c2039cc4114,34.69,32.96,2025-11-17 16:41:20.312479+00:00
655ecd2a-0fa1-4f24-b2a0-314048d9cda3,34.69,32.96,2025-11-17 16:41:20.312479+00:00
ecd9d8b9-3fa5-4cd8-9a55-949b3aed8e97,34.69,32.96,2025-11-17 16:41:20.312479+00:00
8dd61429-35e9-4de2-80ee-596e2295682f,34.69,32.96,2025-11-17 16:41:20.312479+00:00
f99fc5f0-5317-466a-9542-a8c0fd70b3dd,34.69,32.96,2025-11-17 16:41:20.312479+00:00
b9baeb37-d435-4f5d-8f2e-46a4e543d2ca,34.69,32.96,2025-11-17 16:41:20.312479+00:00
6f1da76c-e2d4-44cf-8115-8a7641af0bea,34.69,32.96,2025-11-17 16:41:20.312479+00:00
83bd6ee5-78ba-452f-b378-ab3001de8209,34.69,32.96,2025-11-17 16:41:20.312479+00:00
c191f86e-1bd2-4e22-ba14-b953c1aa08ad,34.69,32.96,2025-11-17 16:41:20.312479+00:00
85c22723-6821-4470-87b0-6ec35407a463,34.69,32.96,2025-11-17 16:41:20.312479+00:00
18473339-1cbd-43fa-994d-434df29d655a,34.69,32.96,2025-11-17 16:41:20.312479+00:00
547737d1-c19e-4bc8-8ba2-8692b2f4a001,34.69,32.96,2025-11-17 16:41:20.312479+00:00
a0cda799-0011-457e-9638-e9ea6007c594,34.69,32.96,2025-11-17 16:41:20.312479+00:00
7b48bfb0-83a2-49d0-969f-a71949150803,34.69,32.96,2025-11-17 16:41:20.312479+00:00
e67deda7-f128-4eb5-9101-c2f5a59aeef4,34.69,32.96,2025-11-17 16:41:20.312479+00:00
e900e9c8-0145-41d3-b984-a184b17e6cbc,34.69,32.96,2025-11-17 16:41:20.312479+00:00
c228a56e-9775-4343-b410-ff7fe2dd222f,34.69,32.96,2025-11-17 16:41:20.312479+00:00
eb0e032a-331f-4627-951c-d2870259b9d1,34.69,32.96,2025-11-17 16:41:20.312479+00:00
f3cbc4be-76e8-4ec7-aa4d-f1e308ab63ff,34.69,32.96,2025-11-17 16:41:20.312479+00:00
8a7df83e-2d1b-4e7b-a1c7-716de6576fb3,34.69,32.96,2025-11-17 16:41:20.312479+00:00
b62583d3-4ab1-47ae-bc70-21946837c761,34.69,32.96,2025-11-17 16:41:20.312479+00:00
247a627f-fe36-48ce-83aa-b39d7cd080cf,34.69,32.96,2025-11-17 16:41:20.312479+00:00
8a400148-acb9-4da8-93d0-85a98005faef,34.69,32.96,2025-11-17 16:41:20.312479+00:00
833e0220-2509-4ed6-8ed8-4bcdb9fd6ef4,34.69,32.96,2025-11-17 16:41:20.312479+00:00
c1edde2c-cd20-43d0-b7ef-a380ee757e00,34.69,32.96,2025-11-17 16:41:20.312479+00:00
9f550734-ba9a-43e7-b335-033a63f1143d,34.69,32.96,2025-11-17 16:41:20.312479+00:00
25f9bc37-7dd1-43c0-862a-b84f30328e35,34.69,32.96,2025-11-17 16:41:20.312479+00:00
abf067ae-10b5-418b-98c9-a4a8a17e8d7c,34.69,32.96,2025-11-17 16:41:20.312479+00:00
6be5ddb9-7faa-45ee-b1a1-91482055a1c2,34.69,32.96,2025-11-17 16:41:20.312479+00:00
80862a96-778b-42cf-a26b-73be64d8c58e,34.69,32.96,2025-11-17 16:41:20.312479+00:00
e0acc2f5-7238-4eeb-9ea9-b348e348f8ae,34.69,32.96,2025-11-17 16:41:20.312479+00:00
5bcc0a0a-b2f6-488f-81b5-4e24d0049a07,34.69,32.96,2025-11-17 16:41:20.312479+00:00
85d92dd6-dcda-448d-a665-1d99362d0b9e,34.69,32.96,2025-11-17 16:41:20.312479+00:00
c9fcdee6-c4d1-491e-ba0f-4825b19a24b2,34.69,32.96,2025-11-17 16:41:20.312479+00:00
be75f9c7-bad4-4858-b6a0-1ab3ef394e88,34.69,32.96,2025-11-17 16:41:20.312479+00:00
a0efff45-b028-4e98-8a66-1f869526cce8,34.69,32.96,2025-11-17 16:41:20.312479+00:00
b5a42678-7332-4831-a2ab-d5026b97278a,34.69,32.96,2025-11-17 16:41:20.312479+00:00
207f77c4-fb3c-42b3-b84f-095ac0473f06,34.69,32.96,2025-11-17 16:41:20.312479+00:00
879c20d0-f709-4646-a329-6e415f06d6cd,34.69,32.96,2025-11-17 16:41:20.312479+00:00
8033e253-886f-47d4-b8d1-0165ace2efef,34.69,32.96,2025-11-17 16:41:20.312479+00:00
62c9d912-25d8-412a-82ad-0172fd347631,34.69,32.96,2025-11-17 16:41:20.312479+00:00
42104de9-7903-4e83-9d14-96bb78a81929,34.69,32.96,2025-11-17 16:41:20.312479+00:00
dfa1fae2-bf2d-46b8-abb1-a94eaf8ec02c,34.69,32.96,2025-11-17 16:41:20.312479+00:00
cfe05546-c9ba-4316-9a32-6956b4804482,34.69,32.96,2025-11-17 16:41:20.312479+00:00
7c8c183e-eedf-4b44-b541-51d7a5983aa6,34.69,32.96,2025-11-17 16:41:20.312479+00:00
27a329d3-d8e9-47f4-8b0e-713cfd7114fe,34.69,32.96,2025-11-17 16:41:20.312479+00:00
a3c672fb-5b10-4b23-96aa-15217568bebe,34.69,32.96,2025-11-17 16:41:20.312479+00:00
60609cfd-c223-41e8-b294-4a4c8c9df21c,34.69,32.96,2025-11-17 16:41:20.312479+00:00
7022e144-9faf-4c40-ab27-9653ba1dc73e,34.69,32.96,2025-11-17 16:41:20.312479+00:00
b4e74e44-f05f-4b4e-816e-51eb80bc9e66,34.69,32.96,2025-11-17 16:41:20.312479+00:00
a8801718-36bb-40b6-aac0-c937f6af302a,34.69,32.96,2025-11-17 16:41:20.312479+00:00
d8ea63b7-6da7-4161-ae98-7645544590bf,34.69,32.96,2025-11-17 16:41:20.312479+00:00
2ea506bf-c96d-4526-a11d-6096dae4e7d8,34.69,32.96,2025-11-17 16:41:20.312479+00:00
a3877201-0a0c-4e9d-ad8d-693a7942ab2e,34.69,32.96,2025-11-17 16:41:20.312479+00:00
3abb928c-a10d-4f2c-a039-461fd8070da7,34.69,32.96,2025-11-17 16:41:20.312479+00:00
81f27f7b-bb76-4b9f-b806-70df9f3acaef,34.69,32.96,2025-11-17 16:41:20.312479+00:00
138017d5-4053-4dae-ad45-378d2f49b19c,34.69,32.96,2025-11-17 16:41:20.312479+00:00
01dc3f01-2631-410a-9977-7985574c1397,34.69,32.96,2025-11-17 16:41:20.312479+00:00
929dd4c1-6b9f-427c-b732-3f5ececae468,34.69,32.96,2025-11-17 16:41:20.312479+00:00
352a05ef-3d91-40ab-8a7c-18f5709a838e,34.69,32.96,2025-11-17 16:41:20.312479+00:00
bee63eba-992a-4199-9ae8-dac7cd50d7ea,34.69,32.96,2025-11-17 16:41:20.312479+00:00
35d4cb24-92e4-49da-8181-e9c9bc5c7e1f,34.69,32.96,2025-11-17 16:41:20.312479+00:00
0a38d4d7-a8dd-4098-a49b-91d516114c3a,34.69,32.96,2025-11-17 16:41:20.312479+00:00
c3caa88d-f015-492e-bdaf-656024d23cb0,34.69,32.96,2025-11-17 16:41:20.312479+00:00
b8d80569-3aa8-48d0-9d49-3c41f86c99d6,34.69,32.96,2025-11-17 16:41:20.312479+00:00
ffb46d72-91ed-4421-8191-372a820e39da,34.69,32.96,2025-11-17 16:41:20.312479+00:00
e68888d6-3614-4682-8976-2df9e06936f2,34.69,32.96,2025-11-17 16:41:20.312479+00:00
50bea4b9-a705-4e9b-9a2d-2b1914046b7f,34.69,32.96,2025-11-17 16:41:20.312479+00:00
44096db0-5b7e-452d-a269-eb9c6ad8b8f3,34.69,32.96,2025-11-17 16:41:20.312479+00:00
3cd6bbc7-c1a1-44cf-a10c-f3d67f843d9f,34.69,32.96,2025-11-17 16:41:20.312479+00:00
ac1201bf-5190-49de-9abd-ba3e6cb5db49,34.69,32.96,2025-11-17 16:41:20.312479+00:00
b8d8f882-2a98-4105-9d2b-3d475fe48c9e,34.69,32.96,2025-11-17 16:41:20.312479+00:00
227ed263-284e-4682-abc5-44886468f494,34.69,32.96,2025-11-17 16:41:20.312479+00:00
ac6e21e5-e546-4813-9909-bbdd66d0c2ed,34.69,32.96,2025-11-17 16:41:20.312479+00:00
b73824f0-a9ba-4f8d-8a9a-3a3e2533369a,34.69,32.96,2025-11-17 16:41:20.312479+00:00
c75785ac-471c-48dc-babc-47d080d74969,34.69,32.96,2025-11-17 16:41:20.312479+00:00
0db81398-0f5b-4988-b7ac-c38786894488,34.69,32.96,2025-11-17 16:41:20.312479+00:00
892aeda3-5a72-4b5f-8166-ea7450422109,34.69,32.96,2025-11-17 16:41:20.312479+00:00
d33bc12e-99b3-40ff-a12c-b7d0aaebb474,34.69,32.96,2025-11-17 16:41:20.312479+00:00
46fd455c-bfcf-4ecf-a4ad-d9e1f89ba6e6,34.69,32.96,2025-11-17 16:41:20.312479+00:00
ad556b20-c18c-42a7-9eb2-5dd4a3dff8e7,34.69,32.96,2025-11-17 16:41:20.312479+00:00
badb0249-855a-40d9-99e3-7a810eb06ede,34.69,32.96,2025-11-17 16:41:20.312479+00:00
d7eee5a0-e514-4f70-a29e-5f68bc6068e9,34.69,32.96,2025-11-17 16:41:20.312479+00:00
814ec20a-d0c2-4150-8cf6-975a08bccc25,34.69,32.96,2025-11-17 16:41:20.312479+00:00
72e6558a-94bf-4589-a541-43e52e623b92,34.69,32.96,2025-11-17 16:41:20.312479+00:00
d6cce5ed-ae2d-4f25-ab8b-e77bb854bc2b,34.69,32.96,2025-11-17 16:41:20.312479+00:00
de9c3cac-0de8-4eb0-83c7-9379ae5464ec,34.69,32.96,2025-11-17 16:41:20.312479+00:00
9b4a050b-c245-4f3a-8561-2cca6dfb587e,34.69,32.96,2025-11-17 16:41:20.312479+00:00
6f801d45-3f7b-4a29-9d09-d52360148d74,34.69,32.96,2025-11-17 16:41:20.312479+00:00
723eb4c0-5e4f-4608-a84a-2eb8a585274f,34.69,32.96,2025-11-17 16:41:20.312479+00:00
ce8c83c8-0a60-4656-b81b-e2565525454b,34.69,32.96,2025-11-17 16:41:20.312479+00:00
b565689a-3b96-4936-85a6-a67f19c245b2,34.69,32.96,2025-11-17 16:41:20.312479+00:00
5728a4a7-877a-4840-b917-c0fd6df37600,34.69,32.96,2025-11-17 16:41:20.312479+00:00
41bb1b58-b0df-413f-802a-363b7d64aabd,34.69,32.96,2025-11-17 16:41:20.312479+00:00
26991fbf-3cb8-4f3f-97a8-4ebdbdbce6d5,34.69,32.96,2025-11-17 16:41:20.312479+00:00
330510bd-8221-4f19-be94-ab8544a35599,34.69,32.96,2025-11-17 16:41:20.312479+00:00
461e4a33-7f87-4797-aacf-8cfa9594b451,34.69,32.96,2025-11-17 16:41:20.312479+00:00
3cb84a19-7c35-4079-b514-05ee4552b9e4,34.69,32.96,2025-11-17 16:41:20.312479+00:00
16a6371b-3ac8-483d-bfae-f62496903c75,34.69,32.96,2025-11-17 16:41:20.312479+00:00
927779a4-4d63-4c52-aceb-2c2846838d7f,34.69,32.96,2025-11-17 16:41:20.312479+00:00
f0d9c414-5e92-4065-8aa5-524a82a34d59,34.69,32.96,2025-11-17 16:41:20.312479+00:00
5231b473-6ffe-4897-91a8-9006cc42bc65,34.69,32.96,2025-11-17 16:41:20.312479+00:00
46334753-6e72-4e6c-baaa-f4c46fcdfa76,34.69,32.96,2025-11-17 16:41:20.312479+00:00
1288d6a6-efd7-4b71-b088-c0a483db2686,34.69,32.96,2025-11-17 16:41:20.312479+00:00
8e02bbb8-2aae-45e4-b33e-f4c59d46c590,34.69,32.96,2025-11-17 16:41:20.312479+00:00
f2cac6f5-773c-4327-82ea-87d92f9d33d4,34.69,32.96,2025-11-17 16:41:20.312479+00:00
d18d5fd0-aeb5-4282-a43a-5b120d5c67ad,34.69,32.96,2025-11-17 16:41:20.312479+00:00
bd438997-c05f-4e5e-bf20-68a14757a744,34.69,32.96,2025-11-17 16:41:20.312479+00:00
6b0a0e9f-534e-4dd2-bbd0-bc80e91308ae,34.69,32.96,2025-11-17 16:41:20.312479+00:00
e83276b7-59b7-4d63-8831-d662bd0d1a0d,34.69,32.96,2025-11-17 16:41:20.312479+00:00
54ea2442-d5bd-4faf-9710-2ac3baf683f2,34.69,32.96,2025-11-17 16:41:20.312479+00:00
aaf1a2e6-25bf-4181-af3b-9642d4e73f3a,34.69,32.96,2025-11-17 16:41:20.312479+00:00
6a890022-f265-41bb-bcde-43cc0d318841,34.69,32.96,2025-11-17 16:41:20.312479+00:00
686bac57-2670-45c8-aaf9-24f059fb4a7b,34.69,32.96,2025-11-17 16:41:20.312479+00:00
95982722-e4fb-4084-802e-38e64bce1c02,34.69,32.96,2025-11-17 16:41:20.312479+00:00
1caf39a8-8d9d-4ac0-9470-7b465f829031,34.69,32.96,2025-11-17 16:41:20.312479+00:00
fc2d2c3f-4466-401c-ac68-0494357c7663,34.69,32.96,2025-11-17 16:41:20.312479+00:00
1d075f49-db0c-4df8-9798-c99790c9ab65,34.69,32.96,2025-11-17 16:41:20.312479+00:00
c5dd2c2b-118f-4f80-a73a-f1767655866c,34.69,32.96,2025-11-17 16:41:20.312479+00:00
b4249b77-45f7-4708-a75e-d1d7d117bc73,34.69,32.96,2025-11-17 16:41:20.312479+00:00
7616c749-24bc-4421-bdab-b6dd739983c2,34.69,32.96,2025-11-17 16:41:20.312479+00:00
24fa214f-9667-4734-9ebd-505d645fde46,34.69,32.96,2025-11-17 16:41:20.312479+00:00
8ad2e18b-ce85-4551-8dfa-bce0d7d9c01f,34.69,32.96,2025-11-17 16:41:20.312479+00:00
b3d94332-a9fd-4b66-bbd9-b3b6c5bed64e,34.69,32.96,2025-11-17 16:41:20.312479+00:00
dd172bfd-9a93-4c4a-aea8-039f76b47ce7,34.69,32.96,2025-11-17 16:41:20.312479+00:00
d802eb17-efaf-4ebf-910a-a593d07932b9,34.69,32.96,2025-11-17 16:41:20.312479+00:00
ed080fd6-a8f8-42d9-80c8-3e852622a619,34.69,32.96,2025-11-17 16:41:20.312479+00:00
21e7b34b-d011-430a-b437-0490a00a4b10,34.69,32.96,2025-11-17 16:41:20.312479+00:00
a2147dee-dd4e-4d69-a45c-f34949f9d4ac,34.69,32.96,2025-11-17 16:41:20.312479+00:00
abc3f020-892d-4d49-85a2-3ed2189d1974,34.69,32.96,2025-11-17 16:41:20.312479+00:00
b4eb0308-bb67-4ff1-9a2a-fdba3b6fdd1b,34.69,32.96,2025-11-17 16:41:20.312479+00:00
da0b1a53-f4d1-438a-bbb9-ace0547e3227,34.69,32.96,2025-11-17 16:41:20.312479+00:00
c7416a60-1128-4e3f-ac9b-2d4b7cf0a267,34.69,32.96,2025-11-17 16:41:20.312479+00:00
77ce02b1-a97c-404e-ba19-417b7d27d2b7,34.69,32.96,2025-11-17 16:41:20.312479+00:00
b18cbe8d-ba96-437b-8b4c-0951488a997e,34.69,32.96,2025-11-17 16:41:20.312479+00:00
2cd4e001-9a7d-4eac-9abd-23ada142fa41,34.69,32.96,2025-11-17 16:41:20.312479+00:00
4c0feca4-9ab4-43c5-bab1-ea090f0e34cd,34.69,32.96,2025-11-17 16:41:20.312479+00:00
15bb0a69-e6c0-4e01-a3b5-479cfc1cb621,34.69,32.96,2025-11-17 16:41:20.312479+00:00
e9f3cb6f-8666-461a-a534-6058394abf8b,34.69,32.96,2025-11-17 16:41:20.312479+00:00
36cad9d9-d89b-494d-9376-24b60fafc456,34.69,32.96,2025-11-17 16:41:20.312479+00:00
018797d2-822a-4a83-8ddd-10e624d94316,34.69,32.96,2025-11-17 16:41:20.312479+00:00
006ace73-a8e9-44f1-bc76-0557cc66527d,34.69,32.96,2025-11-17 16:41:20.312479+00:00
bf52822d-390e-4bab-804e-67e793fdcf59,34.69,32.96,2025-11-17 16:41:20.312479+00:00
9ee99de3-e955-4650-a7fa-91902ac8bffa,34.69,32.96,2025-11-17 16:41:20.312479+00:00
2fca98e2-9aa7-48ff-ab63-aa1d5fbfb0a7,34.69,32.96,2025-11-17 16:41:20.312479+00:00
ae3b2b6a-38a1-4283-a47f-56d335c8a561,34.69,32.96,2025-11-17 16:41:20.312479+00:00
b8a6ed88-220d-42c1-abb5-b4541eb2a9d6,34.69,32.96,2025-11-17 16:41:20.312479+00:00
9d54a7ff-a7c4-469d-b1d7-8d13cd5f351d,34.69,32.96,2025-11-17 16:41:20.312479+00:00
0dbb2fd9-7565-4e5e-9fc4-49ac461a3502,34.69,32.96,2025-11-17 16:41:20.312479+00:00
7d1dca9e-4053-4eef-a5da-4aa7e5048436,34.69,32.96,2025-11-17 16:41:20.312479+00:00
8669b1d4-8e24-4cb3-b8cb-9697e13d3224,34.69,32.96,2025-11-17 16:41:20.312479+00:00
aed819ed-633a-484e-8498-7d2091342e76,34.69,32.96,2025-11-17 16:41:20.312479+00:00
67f2e8b4-29f1-482b-a029-dd7e96eab36f,34.69,32.96,2025-11-17 16:41:20.312479+00:00
329621be-f1c9-4454-b87d-223106f7e1e9,34.69,32.96,2025-11-17 16:41:20.312479+00:00
30014d29-e529-4b3c-8084-1b2b504c0fa5,34.69,32.96,2025-11-17 16:41:20.312479+00:00
20add2f2-44a4-46a7-afaf-81236511f4ca,34.69,32.96,2025-11-17 16:41:20.312479+00:00
9f067fe2-340a-4e8d-ae03-1d64aab1d8ea,34.69,32.96,2025-11-17 16:41:20.312479+00:00
603265bf-429f-44ce-a934-9c649501751b,34.69,32.96,2025-11-17 16:41:20.312479+00:00
19de9331-e7aa-4963-bf27-6c6d44925e13,34.69,32.96,2025-11-17 16:41:20.312479+00:00
9130eac5-1f92-45da-936d-9afac9503c44,34.69,32.96,2025-11-17 16:41:20.312479+00:00
70f3c8be-83b9-4a9c-8c5e-a7366fd16ddf,34.69,32.96,2025-11-17 16:41:20.312479+00:00
b7852865-64a8-4698-b11f-efb2e8bbce2d,34.69,32.96,2025-11-17 16:41:20.312479+00:00
e21c52ce-e08f-409c-822a-a43c022e0672,34.69,32.96,2025-11-17 16:41:20.312479+00:00
d7b26294-d83b-463c-a8ed-b481bc06053e,34.69,32.96,2025-11-17 16:41:20.312479+00:00
1e778ee1-a524-4072-9618-f876bd4addf2,34.69,32.96,2025-11-17 16:41:20.312479+00:00
0b145294-6d28-4f87-83df-a92396246495,34.69,32.96,2025-11-17 16:41:20.312479+00:00
75856ef5-cf3c-4d6f-b156-2aca70738553,34.69,32.96,2025-11-17 16:41:20.312479+00:00
06dbf45b-24f9-45f9-8bb9-e7fbdf4e5e38,34.69,32.96,2025-11-17 16:41:20.312479+00:00
cd249c33-e6ea-4c76-9b7a-9ab7433166b2,34.69,32.96,2025-11-17 16:41:20.312479+00:00
6446a64f-cafd-414b-97be-9960a97de9b6,34.69,32.96,2025-11-17 16:41:20.312479+00:00
291977fe-dbf3-4a47-a88d-a54beba5be86,34.69,32.96,2025-11-17 16:41:20.312479+00:00
30a4f0d1-4dc9-4ccd-a464-4933046484e9,34.69,32.96,2025-11-17 16:41:20.312479+00:00
e09e7a84-617c-4c4f-b3b9-8049914196f6,34.69,32.96,2025-11-17 16:41:20.312479+00:00
129e01cf-3d35-45f3-b2d9-971437b4ff5d,34.69,32.96,2025-11-17 16:41:20.312479+00:00
1c7b8dda-5365-4193-be4d-685168f41906,34.69,32.96,2025-11-17 16:41:20.312479+00:00
7d780fd8-ca8b-4bf3-9fdc-079fd39819fb,34.69,32.96,2025-11-17 16:41:20.312479+00:00
efc5616e-5755-4b17-8aee-109ec889da82,34.69,32.96,2025-11-17 16:41:20.312479+00:00
f4258b35-ef41-42c1-8590-9fedf096c1ba,34.69,32.96,2025-11-17 16:41:20.312479+00:00
e0106d77-fda7-4e9d-9b1a-d75e5b707526,34.69,32.96,2025-11-17 16:41:20.312479+00:00
28a6c93d-553d-4891-912d-989d5a36575b,34.69,32.96,2025-11-17 16:41:20.312479+00:00
730a24bb-9ae6-4527-83da-dbc40672a84b,34.69,32.96,2025-11-17 16:41:20.312479+00:00
04374848-0cc7-4ba0-b517-074c38c47eb0,34.69,32.96,2025-11-17 16:41:20.312479+00:00
7669abe2-3664-4ae1-b96c-b22c13841cf4,34.69,32.96,2025-11-17 16:41:20.312479+00:00
36ded12e-6411-40c7-bdaa-45406f738ec5,34.69,32.96,2025-11-17 16:41:20.312479+00:00
ace473ba-69ea-4405-b061-8ec767e5ab3b,34.69,32.96,2025-11-17 16:41:20.312479+00:00
7f54c454-63e7-42fc-bef2-a2558509ece7,34.69,32.96,2025-11-17 16:41:20.312479+00:00
35ead92d-becc-49cd-ae41-8d0c239f063e,34.69,32.96,2025-11-17 16:41:20.312479+00:00
45cd468d-f96d-4062-9d75-40d3da00c516,34.69,32.96,2025-11-17 16:41:20.312479+00:00
032d6eed-deb8-470f-af1e-40842c4afaf2,34.69,32.96,2025-11-17 16:41:20.312479+00:00
df368e5c-22fc-4226-9fd1-74135e262309,34.69,32.96,2025-11-17 16:41:20.312479+00:00
9c466e1b-5fe2-48b4-b191-bd0dd1e42985,34.69,32.96,2025-11-17 16:41:20.312479+00:00
50d535fc-cd83-4b31-9390-757c090d1bdf,34.69,32.96,2025-11-17 16:41:20.312479+00:00
3b3605ac-3365-403e-9a9d-318300fc04f8,34.69,32.96,2025-11-17 16:41:20.312479+00:00
34263a4d-022a-43bd-acca-99c9fff4e88d,34.69,32.96,2025-11-17 16:41:20.312479+00:00
00a5260d-af39-4d5a-b07d-5ad5193af0d3,34.69,32.96,2025-11-17 16:41:20.312479+00:00
8d396334-5695-4dc1-94cf-2d4584562c6c,34.69,32.96,2025-11-17 16:41:20.312479+00:00
b525e277-407f-4356-b714-f5c808599a39,34.69,32.96,2025-11-17 16:41:20.312479+00:00
9e591576-3ea4-4bd3-b1d6-c361c9c40cdf,34.69,32.96,2025-11-17 16:41:20.312479+00:00
d269a52a-818d-492b-942e-e1f20e822374,34.69,32.96,2025-11-17 16:41:20.312479+00:00
eecece28-1672-4282-9b0d-b75d68f12deb,34.69,32.96,2025-11-17 16:41:20.312479+00:00
58c0e243-e603-4a74-8b35-7c25724eb58a,34.69,32.96,2025-11-17 16:41:20.312479+00:00
0d0865b7-0f39-4592-bcf0-cdf505b57576,34.69,32.96,2025-11-17 16:41:20.312479+00:00
924e61ef-d303-4054-9636-bb52c8e78b0f,34.69,32.96,2025-11-17 16:41:20.312479+00:00
614607f6-e5a9-469c-87e3-2ba3adbd8eff,34.69,32.96,2025-11-17 16:41:20.312479+00:00
deb84f8b-7a77-4fbd-88cb-bcdda451a921,34.69,32.96,2025-11-17 16:41:20.312479+00:00
4066693c-a700-459b-b519-dc4aa6d11f97,34.69,32.96,2025-11-17 16:41:20.312479+00:00
876a2965-033e-432a-99cb-5d13d2b7a93c,34.69,32.96,2025-11-17 16:41:20.312479+00:00
6c72123d-318e-4849-99ef-27ed91673002,34.69,32.96,2025-11-17 16:41:20.312479+00:00
691c4119-d810-4fe4-b44a-0a98cefc056f,34.69,32.96,2025-11-17 16:41:20.312479+00:00
3826bc0b-7a1a-474f-bad1-006db4508498,34.69,32.96,2025-11-17 16:41:20.312479+00:00
71b6dacb-88f1-4a9e-9d7d-1ffabcd9b734,34.69,32.96,2025-11-17 16:41:20.312479+00:00
40cd8552-e98b-4a99-8601-c472f4a92709,34.69,32.96,2025-11-17 16:41:20.312479+00:00
985e7413-2b6b-4511-980d-dfe57c5170dc,34.69,32.96,2025-11-17 16:41:20.312479+00:00
e2732c86-3a25-488b-80bf-9e679975a51b,34.69,32.96,2025-11-17 16:41:20.312479+00:00
5b649334-ad90-44d5-a6a6-604fb938d0fa,34.69,32.96,2025-11-17 16:41:20.312479+00:00
06753a34-7f45-40c4-af70-ee9781736fac,34.69,32.96,2025-11-17 16:41:20.312479+00:00
947edee6-c0c7-45dc-a22c-070bbf20db10,34.69,32.96,2025-11-17 16:41:20.312479+00:00
149a36a3-3706-44ad-a0d2-64a9e1a93ae6,34.69,32.96,2025-11-17 16:41:20.312479+00:00
904e7976-ad85-4f9f-a001-5ebf09529ab7,34.69,32.96,2025-11-17 16:41:20.312479+00:00
7485174f-57a2-48e0-b0f0-74239ee46e2f,34.69,32.96,2025-11-17 16:41:20.312479+00:00
84b7e8f6-9b20-4b38-b0ee-96295b8edcf3,34.69,32.96,2025-11-17 16:41:20.312479+00:00
141a1681-578c-4bf6-a6d2-3b7cf0ce38e3,34.69,32.96,2025-11-17 16:41:20.312479+00:00
839d1f7e-b24a-46bc-ab1e-a0c60821a9d8,34.69,32.96,2025-11-17 16:41:20.312479+00:00
cd1d337e-1df1-4d01-9b7d-a0bdc37bb3ea,34.69,32.96,2025-11-17 16:41:20.312479+00:00
bf643411-f608-4d77-bf14-bbeec5ed01dc,34.69,32.96,2025-11-17 16:41:20.312479+00:00
a2c4bfc0-c4a1-4f03-bc29-c034f2990a58,34.69,32.96,2025-11-17 16:41:20.312479+00:00
a2a8cb5e-e3ea-4eef-b2c2-3f310eb86b9d,34.69,32.96,2025-11-17 16:41:20.312479+00:00
9561c895-247a-4828-9132-db7aaf1e8e9d,34.69,32.96,2025-11-17 16:41:20.312479+00:00
dcf06240-4d75-49f3-bd9e-4f1c76784288,34.69,32.96,2025-11-17 16:41:20.312479+00:00
dead4960-0884-46df-a73a-0af21eb2f521,34.69,32.96,2025-11-17 16:41:20.312479+00:00
5f89dc44-4a3a-402b-804e-f391ff00b0eb,34.69,32.96,2025-11-17 16:41:20.312479+00:00
7bdda3f2-218a-4f24-847e-28d58bf04de0,34.69,32.96,2025-11-17 16:41:20.312479+00:00
8de83d74-600e-49b4-b8de-4ca47d9ee93f,34.69,32.96,2025-11-17 16:41:20.312479+00:00
abedee66-d860-4cc4-b326-0d89fe29ac2a,34.69,32.96,2025-11-17 16:41:20.312479+00:00
4d7d0709-917c-45c6-bc77-a4343015d510,34.69,32.96,2025-11-17 16:41:20.312479+00:00
b65626d4-073c-4c2a-8390-5f699c425b57,34.69,32.96,2025-11-17 16:41:20.312479+00:00
d9455c48-0e58-4f2c-ae7b-c83319e706d2,34.69,32.96,2025-11-17 16:41:20.312479+00:00
b8b264a1-f2db-490f-ad50-3a11341e213a,34.69,32.96,2025-11-17 16:41:20.312479+00:00
6004726c-ccaa-48c8-9ec4-6e4b4e0c685c,34.69,32.96,2025-11-17 16:41:20.312479+00:00
72089de5-eb8f-41c0-9fcf-379bc7800ec7,34.69,32.96,2025-11-17 16:41:20.312479+00:00
85e0fec0-6d49-4109-acac-423bee61a5f9,34.69,32.96,2025-11-17 16:41:20.312479+00:00
12592f97-3764-4150-a4fd-715d2c9e0008,34.69,32.96,2025-11-17 16:41:20.312479+00:00
38f6ca87-00f0-4282-8051-6996a208d971,34.69,32.96,2025-11-17 16:41:20.312479+00:00
9ca212e2-4b96-463e-a67f-57646d75445a,34.69,32.96,2025-11-17 16:41:20.312479+00:00
2fe43149-4da4-4cb4-993f-95c92396c32e,34.69,32.96,2025-11-17 16:41:20.312479+00:00
da8b0edd-7495-4ee0-8149-670b6f4bd109,34.69,32.96,2025-11-17 16:41:20.312479+00:00
3e185dbd-855c-4978-b732-3afde8597785,34.69,32.96,2025-11-17 16:41:20.312479+00:00
da4ef44b-f006-4218-be0b-673e2d59edda,34.69,32.96,2025-11-17 16:41:20.312479+00:00
8d9939e5-37ad-497e-b37b-1db341fcf361,34.69,32.96,2025-11-17 16:41:20.312479+00:00
eb7fce49-6586-411a-9d32-bb8a8a593f6e,34.69,32.96,2025-11-17 16:41:20.312479+00:00
ee9b7f3c-defc-4cf5-9b09-215428cb5f91,34.69,32.96,2025-11-17 16:41:20.312479+00:00
c9c60e61-b44c-49f3-9609-ff0da9598378,34.69,32.96,2025-11-17 16:41:20.312479+00:00
8d71404b-7a50-4c79-ba7c-13bdaa8a5f98,34.69,32.96,2025-11-17 16:41:20.312479+00:00
dc3ae3ce-06a7-4ddd-9d75-96d5dc8c23bb,34.69,32.96,2025-11-17 16:41:20.312479+00:00
6a2bc42a-328f-4b53-9f87-0f1e47ba17bf,34.69,32.96,2025-11-17 16:41:20.312479+00:00
7cdcc648-5373-4d6d-a68f-0d644aba502f,34.69,32.96,2025-11-17 16:41:20.312479+00:00
922f96d5-a9b9-41f0-a065-37a390343ba7,34.69,32.96,2025-11-17 16:41:20.312479+00:00
754776b0-f5c1-4370-8720-9c0577b1b0d1,34.69,32.96,2025-11-17 16:41:20.312479+00:00
83662ef1-c1be-4512-b2be-3769be358193,34.69,32.96,2025-11-17 16:41:20.312479+00:00
939d5cf2-7522-4bec-b890-6ab4447a3c61,34.69,32.96,2025-11-17 16:41:20.312479+00:00
12347988-8385-467b-a419-a18be1524564,34.69,32.96,2025-11-17 16:41:20.312479+00:00
33e78549-42f1-4089-ba87-537cf8ecaeed,34.69,32.96,2025-11-17 16:41:20.312479+00:00
664380a0-a322-461f-aa72-912f1c4c1176,34.69,32.96,2025-11-17 16:41:20.312479+00:00
2a272fba-463b-4635-942e-3c0a9c0ecbb4,34.69,32.96,2025-11-17 16:41:20.312479+00:00
aadb1b66-19e9-4e18-b617-3ffb87c46d4a,34.69,32.96,2025-11-17 16:41:20.312479+00:00
c7a094ff-fa78-4098-9c7b-c10b37d500fd,34.69,32.96,2025-11-17 16:41:20.312479+00:00
d001656c-ec5a-4df4-a0e6-5df9bac00919,34.69,32.96,2025-11-17 16:41:20.312479+00:00
80d29663-6227-42fa-ba77-3c4add31ed0d,34.69,32.96,2025-11-17 16:41:20.312479+00:00
bc9b2bfb-0dac-4ae8-8ac4-cfec40b00d60,34.69,32.96,2025-11-17 16:41:20.312479+00:00
df0a726e-19d9-40ff-9dbb-dd1fe0d11e06,34.69,32.96,2025-11-17 16:41:20.312479+00:00
5da5933c-fb98-4c25-a111-8059922cb451,34.69,32.96,2025-11-17 16:41:20.312479+00:00
f81f5013-e64c-4420-9ecf-10bbdbeee097,34.69,32.96,2025-11-17 16:41:20.312479+00:00
545645a0-ca09-4e26-a306-0a7cd34c9114,34.69,32.96,2025-11-17 16:41:20.312479+00:00
1684f0c1-9603-42be-8baa-b56620d0b935,34.69,32.96,2025-11-17 16:41:20.312479+00:00
de2eabaf-a770-44e2-b7bf-5cdaf9ae9e6b,34.69,32.96,2025-11-17 16:41:20.312479+00:00
9dd693f9-6732-486c-a38e-7ce58de5cbe3,34.69,32.96,2025-11-17 16:41:20.312479+00:00
adf40c77-47b7-4238-9379-1346bbc23210,34.69,32.96,2025-11-17 16:41:20.312479+00:00
53fcdb94-e634-42ec-9355-6d69aaf4562d,34.69,32.96,2025-11-17 16:41:20.312479+00:00
e79e9e23-5ef4-49e0-813a-0d67a8232551,34.69,32.96,2025-11-17 16:41:20.312479+00:00
a65118c7-9445-4716-98ac-4d801f6bfa86,34.69,32.96,2025-11-17 16:41:20.312479+00:00
7c9e02c2-6c3a-431b-b37e-346852bef96f,34.69,32.96,2025-11-17 16:41:20.312479+00:00
89c511a6-b9b3-400e-9497-653a25b8fb8d,34.69,32.96,2025-11-17 16:41:20.312479+00:00
5a8783c9-bc87-49d1-b3e0-3b880d4df294,34.69,32.96,2025-11-17 16:41:20.312479+00:00
d5c2af4a-e858-43f8-bbc0-9ffecb0e7953,34.69,32.96,2025-11-17 16:41:20.312479+00:00
6828fd38-f30d-4668-b7fa-40f79936e08c,34.69,32.96,2025-11-17 16:41:20.312479+00:00
1902068d-0ebb-4dcf-9745-4fe4db984de9,34.69,32.96,2025-11-17 16:41:20.312479+00:00
7e756566-fdba-4323-ad6b-5a205f1eccc5,34.69,32.96,2025-11-17 16:41:20.312479+00:00
006de30e-9564-4286-88c6-ebcb7dd90e26,34.69,32.96,2025-11-17 16:41:20.312479+00:00
f58f743d-6045-4021-9a2b-68542b014b99,34.69,32.96,2025-11-17 16:41:20.312479+00:00
81ee8264-3a8b-43e6-b342-ff5477dc42d8,34.69,32.96,2025-11-17 16:41:20.312479+00:00
9526a314-1634-4873-a02a-7de50a810e28,34.69,32.96,2025-11-17 16:41:20.312479+00:00
7f8548ce-2f61-4143-b790-f40392aab8da,34.69,32.96,2025-11-17 16:41:20.312479+00:00
e6e6d7b5-8467-492c-9817-f90d490843b8,34.69,32.96,2025-11-17 16:41:20.312479+00:00
a11de872-684c-4c93-a6f7-1d621f702054,34.69,32.96,2025-11-17 16:41:20.312479+00:00
d2365024-b9cc-4b40-87e7-e1739b9d7792,34.69,32.96,2025-11-17 16:41:20.312479+00:00
f52e47e8-9c1c-4426-9b19-8c23f4ff9e70,34.69,32.96,2025-11-17 16:41:20.312479+00:00
5a7817fd-3a6a-4ad6-85b5-f3ed743488d5,34.69,32.96,2025-11-17 16:41:20.312479+00:00
a8458be0-fee1-4db7-9c38-6f18dae020a4,34.69,32.96,2025-11-17 16:41:20.312479+00:00
3662c4ea-4c37-4bdd-9d62-04ed483feca3,34.69,32.96,2025-11-17 16:41:20.312479+00:00
ce6d525c-ab33-49da-8193-889391a74c9e,34.69,32.96,2025-11-17 16:41:20.312479+00:00
264df1ef-dca4-4ac6-9b3e-3d3640b11448,34.69,32.96,2025-11-17 16:41:20.312479+00:00
67bf13d8-2ee4-45e8-9279-9f8fbdbabf72,34.69,32.96,2025-11-17 16:41:20.312479+00:00
acfaa3dc-8811-4308-a413-6916bd03519a,34.69,32.96,2025-11-17 16:41:20.312479+00:00
1e5526ee-03ac-481b-9586-5afd5a8dfdf2,34.69,32.96,2025-11-17 16:41:20.312479+00:00
fad56dab-34f5-4c4d-897b-99b3872ebcc8,34.69,32.96,2025-11-17 16:41:20.312479+00:00
fe039672-a1c6-4e43-a3c9-63f7393515f8,34.69,32.96,2025-11-17 16:41:20.312479+00:00
7a674f6f-94fd-4624-9a83-dbc4935d28c3,34.69,32.96,2025-11-17 16:41:20.312479+00:00
6e093d9f-d026-4c2b-b222-75125dbfcd96,34.69,32.96,2025-11-17 16:41:20.312479+00:00
967d666c-1918-4019-bfd3-a7078f5c435f,34.69,32.96,2025-11-17 16:41:20.312479+00:00
fd8c33ab-ed85-438a-af76-4a251bd9b09a,34.69,32.96,2025-11-17 16:41:20.312479+00:00
16880192-2ff2-4548-ad97-2560c3b31e25,34.69,32.96,2025-11-17 16:41:20.312479+00:00
89982ab2-5741-4843-bb94-897b9734a42b,34.69,32.96,2025-11-17 16:41:20.312479+00:00
ec6b48ee-412c-4ef5-a1be-2d6bd9defa94,34.69,32.96,2025-11-17 16:41:20.312479+00:00
5649024e-0461-4d5a-b7ff-8105a0721ee9,34.69,32.96,2025-11-17 16:41:20.312479+00:00
22351bf2-8687-49e1-8e86-8ef8a09d726a,34.69,32.96,2025-11-17 16:41:20.312479+00:00
e1592b22-3efc-41ef-a113-2caac00104d1,34.69,32.96,2025-11-17 16:41:20.312479+00:00
4353c9fb-1574-4255-82b3-1d9972d71203,34.69,32.96,2025-11-17 16:41:20.312479+00:00
6370d719-f0d6-46fa-8014-1b31b48629b6,34.69,32.96,2025-11-17 16:41:20.312479+00:00
b3ffdebb-5cf0-4928-a05b-ea273a047451,34.69,32.96,2025-11-17 16:41:20.312479+00:00
d76d40c8-0514-4aa2-8ee8-2dee7ad3e607,34.69,32.96,2025-11-17 16:41:20.312479+00:00
40cf1a06-c08a-4653-a801-dc210339d1ec,34.69,32.96,2025-11-17 16:41:20.312479+00:00
76a5eecc-5d95-4420-bf47-03d891272774,34.69,32.96,2025-11-17 16:41:20.312479+00:00
c9c905ef-b186-4c08-8b5e-2e00dccaa85f,34.69,32.96,2025-11-17 16:41:20.312479+00:00
0c5dcce5-aa10-4d4d-b501-76808dce7a72,34.69,32.96,2025-11-17 16:41:20.312479+00:00
1637920e-76a1-4624-82c8-d7bbfe2a97a8,34.69,32.96,2025-11-17 16:41:20.312479+00:00
85b29588-6b7e-43a5-9906-34aef25c535f,34.69,32.96,2025-11-17 16:41:20.312479+00:00
2104fbbe-cfe9-430f-a6e5-12a61f84c7db,34.69,32.96,2025-11-17 16:41:20.312479+00:00
33e0f292-8fdc-45a7-8e33-7b6555a369cd,34.69,32.96,2025-11-17 16:41:20.312479+00:00
231c0684-8c63-485e-a51e-ec24d6cc0953,34.69,32.96,2025-11-17 16:41:20.312479+00:00
36706718-783b-4dfa-86b4-85d6711ec0e7,34.69,32.96,2025-11-17 16:41:20.312479+00:00
c646a314-aada-423a-a03a-35d65923d828,34.69,32.96,2025-11-17 16:41:20.312479+00:00
0f61aa0f-b633-42d1-baee-2028b274f6b8,34.69,32.96,2025-11-17 16:41:20.312479+00:00
4af1f3e9-71f4-4247-9ecd-3a019292a5e7,34.69,32.96,2025-11-17 16:41:20.312479+00:00
20b312ca-3d2c-45fa-822a-256a067a8fb7,34.69,32.96,2025-11-17 16:41:20.312479+00:00
c3645f4c-f3dc-49f0-b3f7-b4274b11809b,34.69,32.96,2025-11-17 16:41:20.312479+00:00
0fd70c39-eaf1-4b67-9c25-ccd900726bcb,34.69,32.96,2025-11-17 16:41:20.312479+00:00
3ab19d2c-243b-4697-9b3d-a55c39b4655b,34.69,32.96,2025-11-17 16:41:20.312479+00:00
060f4b19-da0d-4cbd-a622-d4735a2d6281,34.69,32.96,2025-11-17 16:41:20.312479+00:00
8120c36b-4aae-4b9d-9bf0-4deaaf510173,34.69,32.96,2025-11-17 16:41:20.312479+00:00
6aebcba4-e96c-4c46-8d00-c51388582fef,34.69,32.96,2025-11-17 16:41:20.312479+00:00
1fad3c52-abb3-44f0-b180-5b88f3c015dc,34.69,32.96,2025-11-17 16:41:20.312479+00:00
51e0891f-17ba-4d30-afe1-413b49e72f26,34.69,32.96,2025-11-17 16:41:20.312479+00:00
2f196062-f990-4de9-99d9-09bf7b9dad22,34.69,32.96,2025-11-17 16:41:20.312479+00:00
df89c160-2b7e-4ded-b08e-c15097a27b18,34.69,32.96,2025-11-17 16:41:20.312479+00:00
ba63b5e4-2c05-47dd-ab9e-b09c339eb7c8,34.69,32.96,2025-11-17 16:41:20.312479+00:00
e525e7d9-8943-4f57-811b-12ff9c1c9953,34.69,32.96,2025-11-17 16:41:20.312479+00:00
aa7019ec-4add-4ab8-a73a-19fb852c47ab,34.69,32.96,2025-11-17 16:41:20.312479+00:00
3989f17e-ac36-41f9-ac1b-4b9751ccb279,34.69,32.96,2025-11-17 16:41:20.312479+00:00
f0cae5fb-b7ca-4b19-bf9a-f5bc6da98b94,34.69,32.96,2025-11-17 16:41:20.312479+00:00
eab5ca4b-7998-43e2-97df-67cd69bc7584,34.69,32.96,2025-11-17 16:41:20.312479+00:00
ed46ebc1-1bbd-43e0-b948-dfc1d924eb3a,34.69,32.96,2025-11-17 16:41:20.312479+00:00
28b0e227-4df0-4e27-abf7-e97456d11438,34.69,32.96,2025-11-17 16:41:20.312479+00:00
c42314cf-4212-416b-8f80-1caca239ed53,34.69,32.96,2025-11-17 16:41:20.312479+00:00
fa15d043-4206-4945-846f-047fee3d7ff2,34.69,32.96,2025-11-17 16:41:20.312479+00:00
b6727f64-d5ec-4e58-93e3-958353fa36ab,34.69,32.96,2025-11-17 16:41:20.312479+00:00
48e7f26e-20b0-4b60-9669-65648d89ede4,34.69,32.96,2025-11-17 16:41:20.312479+00:00
775ddb7d-9473-4723-b6e5-3c13e042ef0c,34.69,32.96,2025-11-17 16:41:20.312479+00:00
49a7062a-2854-4434-8d43-cf13aca863cb,34.69,32.96,2025-11-17 16:41:20.312479+00:00
1170610d-c377-407b-9b25-6a946e7a36a2,34.69,32.96,2025-11-17 16:41:20.312479+00:00
d365d27a-5122-4992-ad11-7d6cd25fec1b,34.69,32.96,2025-11-17 16:41:20.312479+00:00
3a734149-77a6-47a2-83fe-bf4494f1d380,34.69,32.96,2025-11-17 16:41:20.312479+00:00
1c4b0701-e47c-405e-a030-69f798d040a8,34.69,32.96,2025-11-17 16:41:20.312479+00:00
53c40e8b-e87e-4f01-ba4a-15f20cc741e5,34.69,32.96,2025-11-17 16:41:20.312479+00:00
61ad8165-5746-4f12-8422-d0823dc9035d,34.69,32.96,2025-11-17 16:41:20.312479+00:00
7fa67f19-c8ab-48e2-8a3d-ed831eb04dbe,34.69,32.96,2025-11-17 16:41:20.312479+00:00
9aa8b7f2-1e16-4596-a8d9-cdea27f0417a,34.69,32.96,2025-11-17 16:41:20.312479+00:00
d0f390b9-7a71-49a6-8371-542e8e8daadc,34.69,32.96,2025-11-17 16:41:20.312479+00:00
598574ba-888d-4b6e-bf88-5e6ace3afbce,34.69,32.96,2025-11-17 16:41:20.312479+00:00
9d8ad892-b22b-4bca-900b-0c7073fa409c,34.69,32.96,2025-11-17 16:41:20.312479+00:00
cca89141-e2e3-495d-8cb9-a9699f046987,34.69,32.96,2025-11-17 16:41:20.312479+00:00
9fca4285-042b-42c1-b408-2bf3b95105d2,34.69,32.96,2025-11-17 16:41:20.312479+00:00
9fa97926-e6cb-4fae-8150-ca73e2b39c57,34.69,32.96,2025-11-17 16:41:20.312479+00:00
aaee9cc2-9cd3-47f8-a801-064b9ef171b7,34.69,32.96,2025-11-17 16:41:20.312479+00:00
33efa605-2ea3-471b-a14b-32def33583b3,34.69,32.96,2025-11-17 16:41:20.312479+00:00
079229f8-8591-4566-aec4-ae97018bcd12,34.69,32.96,2025-11-17 16:41:20.312479+00:00
4a891088-f90b-459b-8c14-8bdbccf58127,34.69,32.96,2025-11-17 16:41:20.312479+00:00
a1fb234a-6c6b-4ca2-b231-b1fd50013dff,34.69,32.96,2025-11-17 16:41:20.312479+00:00
afe1080e-b8b6-4570-9098-2b54ff91643f,34.69,32.96,2025-11-17 16:41:20.312479+00:00
928fae68-388c-4a42-9ac6-0128abad4b82,34.69,32.96,2025-11-17 16:41:20.312479+00:00
f48ffd74-5fd7-4f18-a097-910ae2b4d04c,34.69,32.96,2025-11-17 16:41:20.312479+00:00
1c81efba-e2ed-4640-93a6-c7f9c063d288,34.69,32.96,2025-11-17 16:41:20.312479+00:00
1232886b-6ac6-4196-93e6-f409c63b21fc,34.69,32.96,2025-11-17 16:41:20.312479+00:00
05f665e9-234c-4261-b793-76828ff6c93d,34.69,32.96,2025-11-17 16:41:20.312479+00:00
3546468d-83ce-462d-bb91-7ca3a801cc76,34.69,32.96,2025-11-17 16:41:20.312479+00:00
6df799b0-ac80-426e-a5b2-959698f0cc3c,34.69,32.96,2025-11-17 16:41:20.312479+00:00
b41a314c-e7c4-4172-aef6-59fc143f297d,34.69,32.96,2025-11-17 16:41:20.312479+00:00
7a0676c7-ccf6-4c39-85af-8d710275d801,34.69,32.96,2025-11-17 16:41:20.312479+00:00
30af13a8-34f5-4ec1-9fcd-c2a1df805bbe,34.69,32.96,2025-11-17 16:41:20.312479+00:00
8675376a-a82d-44da-b600-e624e33ab4be,34.69,32.96,2025-11-17 16:41:20.312479+00:00
9fb0e96f-e744-414e-a9ca-2582af20b207,34.69,32.96,2025-11-17 16:41:20.312479+00:00
7387e4d0-3c89-4129-ae01-1d8d7ee60a04,34.69,32.96,2025-11-17 16:41:20.312479+00:00
9b88a932-0d4f-4b1a-a110-ba3664341fa4,34.69,32.96,2025-11-17 16:41:20.312479+00:00
e4036e98-d35a-4057-b9e3-1587b19d7b1e,34.69,32.96,2025-11-17 16:41:20.312479+00:00
816a2286-63ef-499f-8cae-4e36a5b58b08,34.69,32.96,2025-11-17 16:41:20.312479+00:00
0424e03a-3339-4965-ad6e-b33e181d1b4d,34.69,32.96,2025-11-17 16:41:20.312479+00:00
7d0be42a-e4a0-49b6-b6db-81165dab31ec,34.69,32.96,2025-11-17 16:41:20.312479+00:00
8e82f8ac-6c84-4596-8119-fc7697ea01f6,34.69,32.96,2025-11-17 16:41:20.312479+00:00
7cccc2d6-fe75-40a8-90c7-187fa331cc4f,34.69,32.96,2025-11-17 16:41:20.312479+00:00
28fb18d1-fd5c-448d-83f5-9148a54d3688,34.69,32.96,2025-11-17 16:41:20.312479+00:00
32b01bb8-32a6-4d41-8d58-da2e12c8781c,34.69,32.96,2025-11-17 16:41:20.312479+00:00
c1e5d034-7854-46a4-9d6d-6d4bf6bd6c11,34.69,32.96,2025-11-17 16:41:20.312479+00:00
2765ac9c-8e34-4d35-992f-f3d3516e4289,34.69,32.96,2025-11-17 16:41:20.312479+00:00
2d6e1074-0d4b-4681-8114-ec43d801d821,34.69,32.96,2025-11-17 16:41:20.312479+00:00
44bc8d67-2b8d-4c19-9c59-b65021d98651,34.69,32.96,2025-11-17 16:41:20.312479+00:00
0cf831ee-50dd-4900-afab-e453ff25d497,34.69,32.96,2025-11-17 16:41:20.312479+00:00
729fd742-4f42-472e-901e-a044d880bf34,34.69,32.96,2025-11-17 16:41:20.312479+00:00
851a88e6-0cc5-4f93-9d4d-0ed9f6b39c66,34.69,32.96,2025-11-17 16:41:20.312479+00:00
0b109cfc-0414-4834-96cb-0d1e5241ea87,34.69,32.96,2025-11-17 16:41:20.312479+00:00
22f1317f-43ba-413f-9e40-b573d899a7d9,34.69,32.96,2025-11-17 16:41:20.312479+00:00
41c5c6ae-a3f6-435b-95f0-8c8ed3e88fb7,34.69,32.96,2025-11-17 16:41:20.312479+00:00
b43698b8-e92e-44cf-8191-01a4a0af4630,34.69,32.96,2025-11-17 16:41:20.312479+00:00
0d053e4c-cec9-48b8-bcc7-68abf5f02c64,34.69,32.96,2025-11-17 16:41:20.312479+00:00
c6c24250-949e-4c7d-8231-8ae01fe6acae,34.69,32.96,2025-11-17 16:41:20.312479+00:00
b0183121-985b-41e5-8d1d-0ae628b92bf1,34.69,32.96,2025-11-17 16:41:20.312479+00:00
d6d9cc7d-4c5b-4943-a021-232d75feffd5,34.69,32.96,2025-11-17 16:41:20.312479+00:00
0da1c52a-5ec9-4af1-a62c-25c946feec8e,34.69,32.96,2025-11-17 16:41:20.312479+00:00
cfc2e793-5d02-42b5-b706-b0ca6c25280f,34.69,32.96,2025-11-17 16:41:20.312479+00:00
78dfef93-51a2-47d2-878e-6836b1302717,34.69,32.96,2025-11-17 16:41:20.312479+00:00
3fcd7414-4dd9-42f6-b4c4-99dfaa739390,34.69,32.96,2025-11-17 16:41:20.312479+00:00
0286dafc-9920-46bf-ad66-2fda5e769ede,34.69,32.96,2025-11-17 16:41:20.312479+00:00
b30badb8-a85e-42d6-a21d-116d1490bc2d,34.69,32.96,2025-11-17 16:41:20.312479+00:00
17c6f9a6-09e8-4b76-a420-17be7164957c,34.69,32.96,2025-11-17 16:41:20.312479+00:00
a615d89f-e3d2-4e8b-b475-1bb086ff4e2b,34.69,32.96,2025-11-17 16:41:20.312479+00:00
6ed2f0cc-294f-4de0-bc8b-a1ff8a0385c0,34.69,32.96,2025-11-17 16:41:20.312479+00:00
c5a172ef-72ca-4b0c-b552-5c843dbe4929,34.69,32.96,2025-11-17 16:41:20.312479+00:00
8abae6fe-c222-4a3e-84cb-9a19041f0467,34.69,32.96,2025-11-17 16:41:20.312479+00:00
23580714-6d2e-43ea-a5bb-2e3d50562240,34.69,32.96,2025-11-17 16:41:20.312479+00:00
7a22905d-ba76-4ee4-990d-7188fe333f21,34.69,32.96,2025-11-17 16:41:20.312479+00:00
c61d91ef-8559-4686-aca8-5c074952a98d,34.69,32.96,2025-11-17 16:41:20.312479+00:00
1e802c1a-409d-44b8-b32b-8a566b3c8475,34.69,32.96,2025-11-17 16:41:20.312479+00:00
2025230f-65fc-4e92-838b-bb99056c148f,34.69,32.96,2025-11-17 16:41:20.312479+00:00
6461be43-d239-42fe-94f9-877addf55ac6,34.69,32.96,2025-11-17 16:41:20.312479+00:00
0c137439-6201-4b10-a7af-19c63ca42072,34.69,32.96,2025-11-17 16:41:20.312479+00:00
29dfc75a-7d56-4d01-8539-82181bfec8a4,34.69,32.96,2025-11-17 16:41:20.312479+00:00
1974fc5d-503c-4400-8f3a-652a40b14203,34.69,32.96,2025-11-17 16:41:20.312479+00:00
539d9260-8241-4290-9b00-93b1c158ab5e,34.69,32.96,2025-11-17 16:41:20.312479+00:00
b80b9c38-c7dd-4511-ad2d-575588d60957,34.69,32.96,2025-11-17 16:41:20.312479+00:00
1b4e1622-f150-4991-900c-af984f5c7f56,34.69,32.96,2025-11-17 16:41:20.312479+00:00
4e222d70-f46d-4caa-b23f-811c25be2315,34.69,32.96,2025-11-17 16:41:20.312479+00:00
04c1e4aa-0e14-43cb-a655-fcc6f0b74f92,34.69,32.96,2025-11-17 16:41:20.312479+00:00
43e0916d-58d2-4b59-978c-d61f2771e830,34.69,32.96,2025-11-17 16:41:20.312479+00:00
12fbc444-956d-4cfc-a893-bef355ec8035,34.69,32.96,2025-11-17 16:41:20.312479+00:00
56fab502-d9f3-455d-9cbe-2996aed3e50f,34.69,32.96,2025-11-17 16:41:20.312479+00:00
0f07c3a9-924b-4a76-a6fe-29bf6bbb33f1,34.69,32.96,2025-11-17 16:41:20.312479+00:00
cbf532f4-7d89-4e5a-bd1e-07e0fe17122e,34.69,32.96,2025-11-17 16:41:20.312479+00:00
f4960405-807b-4964-80c1-b5a87c6b2dfc,34.69,32.96,2025-11-17 16:41:20.312479+00:00
923a3f6e-0b6b-43b3-a099-0acfabe3037c,34.69,32.96,2025-11-17 16:41:20.312479+00:00
7152051d-5ecf-48fc-ba39-0b357c3a64aa,34.69,32.96,2025-11-17 16:41:20.312479+00:00
9b490c9e-0138-4645-bef5-4d12640951c8,34.69,32.96,2025-11-17 16:41:20.312479+00:00
1038170e-c74a-4210-8725-bf753d8ad922,34.69,32.96,2025-11-17 16:41:20.312479+00:00
50c0fb40-86a8-4e4a-9e23-a9763ba14073,34.69,32.96,2025-11-17 16:41:20.312479+00:00
366be53b-0b4c-43cb-82be-5edff79a8164,34.69,32.96,2025-11-17 16:41:20.312479+00:00
cf1c6c19-38de-4f41-9014-1f26640bd0f9,34.69,32.96,2025-11-17 16:41:20.312479+00:00
ff5f902a-ae78-4486-9097-33a0418f50ce,34.69,32.96,2025-11-17 16:41:20.312479+00:00
e61bfd3c-3ac2-4f8c-a668-26779d11acb8,34.69,32.96,2025-11-17 16:41:20.312479+00:00
9176e085-8eed-43c7-9796-1f98886606fa,34.69,32.96,2025-11-17 16:41:20.312479+00:00
10cd432d-57f5-4a04-b6a6-378296707992,34.69,32.96,2025-11-17 16:41:20.312479+00:00
7ce55fd6-6b2b-4e98-8cdd-48f7e4ff7146,34.69,32.96,2025-11-17 16:41:20.312479+00:00
9ae09664-e45a-44be-9f62-f452798c0bf2,34.69,32.96,2025-11-17 16:41:20.312479+00:00
34d1f04a-de79-496d-809e-2f30dde8becb,34.69,32.96,2025-11-17 16:41:20.312479+00:00
1709e5c0-6bd1-4fdb-9958-5c5aa69d0626,34.69,32.96,2025-11-17 16:41:20.312479+00:00
d2310e6f-1792-459d-a647-db0d50f8c4b7,34.69,32.96,2025-11-17 16:41:20.312479+00:00
9c3e6efd-8427-41c9-a796-a4fb4ac17979,34.69,32.96,2025-11-17 16:41:20.312479+00:00
e28ea1ca-4dd0-4757-9b6a-6a89a9de1097,34.69,32.96,2025-11-17 16:41:20.312479+00:00
48a40d5d-e77f-4f06-8a88-69d9d882b0ff,34.69,32.96,2025-11-17 16:41:20.312479+00:00
9926b32a-5385-4cc9-946a-676cf8b401f4,34.69,32.96,2025-11-17 16:41:20.312479+00:00
23759331-7e80-4f5a-a4bf-108f1ee83d88,34.69,32.96,2025-11-17 16:41:20.312479+00:00
37fdb7ca-75e4-4e1a-b18b-f278426a7a54,34.69,32.96,2025-11-17 16:41:20.312479+00:00
2ca3e405-2c68-4492-9595-f669e463a13f,34.69,32.96,2025-11-17 16:41:20.312479+00:00
255402a6-129b-41b7-9eca-7f33f8112629,34.69,32.96,2025-11-17 16:41:20.312479+00:00
3c5b1daa-e558-4482-b0e1-156d73920b9f,34.69,32.96,2025-11-17 16:41:20.312479+00:00
b705a15f-bbb0-4618-8cee-37709b0a4119,34.69,32.96,2025-11-17 16:41:20.312479+00:00
aaeb0959-babf-4a54-9ff8-b85cd726ed9c,34.69,32.96,2025-11-17 16:41:20.312479+00:00
383a3cd9-1ece-425c-8ddf-67b78d768277,34.69,32.96,2025-11-17 16:41:20.312479+00:00
977259ea-63ed-4bf5-ad2a-8d84b0bc172a,34.69,32.96,2025-11-17 16:41:20.312479+00:00
72871767-6e16-4f80-8ba0-a18815a1c53b,34.69,32.96,2025-11-17 16:41:20.312479+00:00
93f3324d-25ea-4bb4-b3d0-233bb646c1f2,34.69,32.96,2025-11-17 16:41:20.312479+00:00
50c3ff7e-093b-4360-bc93-1548c4b8c8e7,34.69,32.96,2025-11-17 16:41:20.312479+00:00
1bb8de65-9295-443d-a46e-22068dbdc110,34.69,32.96,2025-11-17 16:41:20.312479+00:00
8583dfe5-a379-406a-bfc5-28d3b6339b45,34.69,32.96,2025-11-17 16:41:20.312479+00:00
77be057c-3ec4-4bb3-b04d-256737b49099,34.69,32.96,2025-11-17 16:41:20.312479+00:00
87dfc84a-f83d-4e27-a937-7aff50f7ed5b,34.69,32.96,2025-11-17 16:41:20.312479+00:00
0fa4f562-78e7-4c87-a40e-4622860bba0d,34.69,32.96,2025-11-17 16:41:20.312479+00:00
4d4971b9-cba5-4fed-a44e-f2c0396fc562,34.69,32.96,2025-11-17 16:41:20.312479+00:00
7b91a631-53a1-45a1-a86f-4ab8bea39bbd,34.69,32.96,2025-11-17 16:41:20.312479+00:00
e9dfd676-c3b3-42f8-bad2-052c62ccd5e9,34.69,32.96,2025-11-17 16:41:20.312479+00:00
dc2463f1-27f9-45ed-991e-11c05186bd85,34.69,32.96,2025-11-17 16:41:20.312479+00:00
7e0054c9-ab98-42bd-96e3-8e8885c7a952,34.69,32.96,2025-11-17 16:41:20.312479+00:00
12a38b32-4934-4ff0-a7f1-b960b8a5289f,34.69,32.96,2025-11-17 16:41:20.312479+00:00
1ba3452e-2031-44e8-a12d-ca9cf70428cc,34.69,32.96,2025-11-17 16:41:20.312479+00:00
52ce3cd6-2198-4985-bc40-cb4c2e5e74f9,34.69,32.96,2025-11-17 16:41:20.312479+00:00
5e72d727-10cc-400e-a30f-ff280413c93d,34.69,32.96,2025-11-17 16:41:20.312479+00:00
bab02a90-e9cb-4d0b-a4d2-fc604893e83e,34.69,32.96,2025-11-17 16:41:20.312479+00:00
018d9e72-fac2-436d-993b-80ad1f62fed0,34.69,32.96,2025-11-17 16:41:20.312479+00:00
e5632485-2c02-4512-955c-2e114780e830,34.69,32.96,2025-11-17 16:41:20.312479+00:00
915db192-477e-4414-836a-b91d7d31c34c,34.69,32.96,2025-11-17 16:41:20.312479+00:00
a01b857d-7028-40c2-8abb-32b42119ac1c,34.69,32.96,2025-11-17 16:41:20.312479+00:00
eba57d97-7e26-4fec-ac03-62134fc70e8b,34.69,32.96,2025-11-17 16:41:20.312479+00:00
a748c451-a561-47c2-bb6a-ed894184576e,34.69,32.96,2025-11-17 16:41:20.312479+00:00
541c70af-138c-4fc8-9a29-67bf1e9012af,34.69,32.96,2025-11-17 16:41:20.312479+00:00
220c5e53-293f-4514-9053-291442516945,34.69,32.96,2025-11-17 16:41:20.312479+00:00
57ee2f42-b5cf-45f2-8cdc-0896c305db16,34.69,32.96,2025-11-17 16:41:20.312479+00:00
168921ff-3c66-4dc6-a99e-ebe2edd0c47e,34.69,32.96,2025-11-17 16:41:20.312479+00:00
29bbc86c-0f9e-4ccc-b34f-d3c473cce07f,34.69,32.96,2025-11-17 16:41:20.312479+00:00
73930cbb-6f5f-4978-918f-a780a7e7b362,34.69,32.96,2025-11-17 16:41:20.312479+00:00
c2a5c4fa-b0c3-49e3-bccf-dd65e5bb8bc0,34.69,32.96,2025-11-17 16:41:20.312479+00:00
f225586d-866d-4062-918e-721302a26272,34.69,32.96,2025-11-17 16:41:20.312479+00:00
db98714d-1686-45cc-b0f3-836f06544f83,34.69,32.96,2025-11-17 16:41:20.312479+00:00
ba3c9c6d-0b42-46b9-80a5-3679672005cb,34.69,32.96,2025-11-17 16:41:20.312479+00:00
cbc6f566-3162-4903-8103-2d45caf3e66a,34.69,32.96,2025-11-17 16:41:20.312479+00:00
5c691237-3f6d-4d9e-8253-293e51e181be,34.69,32.96,2025-11-17 16:41:20.312479+00:00
ca8d9dfd-35ee-4629-88ed-d19216aaad36,34.69,32.96,2025-11-17 16:41:20.312479+00:00
5a360230-4b27-4cd6-8721-76d9a563a8a5,34.69,32.96,2025-11-17 16:41:20.312479+00:00
493699b5-ef4f-452b-8ef0-fcce0c668650,34.69,32.96,2025-11-17 16:41:20.312479+00:00
b4d9d9de-03bf-4e4c-9d95-24a7308578f5,34.69,32.96,2025-11-17 16:41:20.312479+00:00
762c8c29-e0f8-4289-a261-bdda116a72cb,34.69,32.96,2025-11-17 16:41:20.312479+00:00
28607556-cc87-47b0-9d62-bf4033eb8919,34.69,32.96,2025-11-17 16:41:20.312479+00:00
0c113455-d723-46f4-a5b1-ae40607b7a44,34.69,32.96,2025-11-17 16:41:20.312479+00:00
081819ff-d6a5-4223-8f0a-70043f25320c,34.69,32.96,2025-11-17 16:41:20.312479+00:00
7b5b14b6-7b92-4c57-995b-f033d44c696a,34.69,32.96,2025-11-17 16:41:20.312479+00:00
07bcb817-a78d-41b2-9c79-89ea02c80782,34.69,32.96,2025-11-17 16:41:20.312479+00:00
eb00bd16-60a0-4fba-8f96-fc978713142c,34.69,32.96,2025-11-17 16:41:20.312479+00:00
1fd17ff5-4b61-459a-b2d1-dfd02cd871e5,34.69,32.96,2025-11-17 16:41:20.312479+00:00
0a25a75d-31ed-47a9-89bf-49d5579a9a52,34.69,32.96,2025-11-17 16:41:20.312479+00:00
423a9219-82e8-4850-a7f4-3cb6159c85f8,34.69,32.96,2025-11-17 16:41:20.312479+00:00
e5d3199c-28ae-4da2-bc6b-58f811bc64c9,34.69,32.96,2025-11-17 16:41:20.312479+00:00
1a9a6e50-7bb5-46b0-9549-b30af9259894,34.69,32.96,2025-11-17 16:41:20.312479+00:00
19d2b3da-4cca-4eba-8c5f-ee3f1ad9eaf9,34.69,32.96,2025-11-17 16:41:20.312479+00:00
a25e2a44-bf4f-4efb-bf6b-0e79e552d13d,34.69,32.96,2025-11-17 16:41:20.312479+00:00
4db6deb4-c2e0-4ff1-a399-9f5b9378e98e,34.69,32.96,2025-11-17 16:41:20.312479+00:00
b91c094a-7f43-4423-9ff0-4bd5dad5e4c5,34.69,32.96,2025-11-17 16:41:20.312479+00:00
7e3160b3-fbd7-4219-8d26-26a41de6fc19,34.69,32.96,2025-11-17 16:41:20.312479+00:00
4382b606-b870-41f3-82e5-a286857e5ac7,34.69,32.96,2025-11-17 16:41:20.312479+00:00
1b925f13-a2cc-415b-b61b-4d1092bfead8,34.69,32.96,2025-11-17 16:41:20.312479+00:00
a4e90a45-896b-4ea9-8b90-a630c151bcbb,34.69,32.96,2025-11-17 16:41:20.312479+00:00
82d830f7-a184-497b-b64e-77876b51184d,34.69,32.96,2025-11-17 16:41:20.312479+00:00
7e572379-ee24-44b1-9428-f39f9c74093d,34.69,32.96,2025-11-17 16:41:20.312479+00:00
19e71e9f-e2de-4607-8dd9-95d68fec5739,34.69,32.96,2025-11-17 16:41:20.312479+00:00
eb5ddca3-0468-412e-9227-ccb0f75f86cf,34.69,32.96,2025-11-17 16:41:20.312479+00:00
bd0462c3-f632-4ab5-8f96-ca2cc2bb5802,34.69,32.96,2025-11-17 16:41:20.312479+00:00
984bbed3-bbd6-40a9-be57-d9ab8539fe57,34.69,32.96,2025-11-17 16:41:20.312479+00:00
cba1967a-596f-42b0-9601-3d504e8fa2c6,34.69,32.96,2025-11-17 16:41:20.312479+00:00
e2d0ad2e-6652-43c5-a13c-9ca4051b9d08,34.69,32.96,2025-11-17 16:41:20.312479+00:00
ff401b06-9c47-4100-bf5b-345fcbffc02e,34.69,32.96,2025-11-17 16:41:20.312479+00:00
b4d6d179-339b-4e9b-80eb-ebb849b7d63b,34.69,32.96,2025-11-17 16:41:20.312479+00:00
10779eb0-bce1-44c7-bae6-f561813150b4,34.69,32.96,2025-11-17 16:41:20.312479+00:00
6ecad0d1-4e0c-421f-8a12-de967b10ea8a,34.69,32.96,2025-11-17 16:41:20.312479+00:00
789c4c77-020f-4b5d-b3aa-67497fd187cd,34.69,32.96,2025-11-17 16:41:20.312479+00:00
8f039183-13cf-4f18-8ff4-d0db41f722b6,34.69,32.96,2025-11-17 16:41:20.312479+00:00
ea73bb00-2c97-468b-b39c-f074487b41fe,34.69,32.96,2025-11-17 16:41:20.312479+00:00
42651089-a0eb-4064-9006-9fa3a43fd768,34.69,32.96,2025-11-17 16:41:20.312479+00:00
d36ccbdd-8930-49c8-913b-9e75b6998aa5,34.69,32.96,2025-11-17 16:41:20.312479+00:00
95f51469-7a27-4a93-aef7-b66bacef1839,34.69,32.96,2025-11-17 16:41:20.312479+00:00
853c1653-ff41-48d4-8817-4c279368eb59,34.69,32.96,2025-11-17 16:41:20.312479+00:00
bb3e40fa-d53b-46ee-ae2f-fc92488cdfa4,34.69,32.96,2025-11-17 16:41:20.312479+00:00
cd6eb389-4025-4b32-8221-439e4d86d07b,34.69,32.96,2025-11-17 16:41:20.312479+00:00
b5a34c48-7d66-4d2c-af99-e8ff91a81d32,34.69,32.96,2025-11-17 16:41:20.312479+00:00
540aa353-6df5-4d4f-b1d3-92db104d40df,34.69,32.96,2025-11-17 16:41:20.312479+00:00
15027885-ffc8-46a4-ab36-50a8613a2b60,34.69,32.96,2025-11-17 16:41:20.312479+00:00
272e527a-d0ce-499d-8e90-a3f4a662acff,34.69,32.96,2025-11-17 16:41:20.312479+00:00
157ede5b-6deb-4ed8-a403-d57945cd40a1,34.69,32.96,2025-11-17 16:41:20.312479+00:00
955088ef-3d03-4e19-b386-21b59d706f5d,34.69,32.96,2025-11-17 16:41:20.312479+00:00
fa48a97f-cd9b-4e16-b919-6bff20e52841,34.69,32.96,2025-11-17 16:41:20.312479+00:00
977f10f2-76eb-43e9-9f25-86e75b987465,34.69,32.96,2025-11-17 16:41:20.312479+00:00
7539d9c9-b23a-4f0c-801f-42b4ef90c337,34.69,32.96,2025-11-17 16:41:20.312479+00:00
2808de62-a7d6-4a21-bbed-e330b2569e47,34.69,32.96,2025-11-17 16:41:20.312479+00:00
308e3a65-a197-4f44-ad04-b57224bfe1e3,34.69,32.96,2025-11-17 16:41:20.312479+00:00
8b797dce-90d9-4303-acc5-bd07254e868b,34.69,32.96,2025-11-17 16:41:20.312479+00:00
7bb24322-54be-495e-84f8-35d0eaef3b14,34.69,32.96,2025-11-17 16:41:20.312479+00:00
1807ae64-c08c-4933-bacb-304c74834a1a,34.69,32.96,2025-11-17 16:41:20.312479+00:00
ed804df0-7be2-4fc6-8adb-72973da86979,34.69,32.96,2025-11-17 16:41:20.312479+00:00
3cf5652a-6b37-4e5e-84b6-19d80ce6ed8e,34.69,32.96,2025-11-17 16:41:20.312479+00:00
617844b9-1fd4-4287-907c-c627d99162bd,34.69,32.96,2025-11-17 16:41:20.312479+00:00
be632fc0-065e-4722-a66b-db063b9d20e6,34.69,32.96,2025-11-17 16:41:20.312479+00:00
0ec42b6b-8fe9-4340-a0e7-ff03dc77b210,34.69,32.96,2025-11-17 16:41:20.312479+00:00
cab2320e-5c2f-4c74-b710-a511a31a3fc5,34.69,32.96,2025-11-17 16:41:20.312479+00:00
7c6021e7-03b0-4147-a552-27e2709bccf3,34.69,32.96,2025-11-17 16:41:20.312479+00:00
f9fd74ed-79e7-48e5-9567-005c76826707,34.69,32.96,2025-11-17 16:41:20.312479+00:00
fbc72c95-9d1b-4baf-ab72-45942d12bd9f,34.69,32.96,2025-11-17 16:41:20.312479+00:00
e464ccd4-8f6b-41e3-8bf8-42d80e5c31d5,34.69,32.96,2025-11-17 16:41:20.312479+00:00
44451c98-b1ad-4a59-ba81-814fdd7b4939,34.69,32.96,2025-11-17 16:41:20.312479+00:00
03ec83da-5def-4abe-bf5f-1e7f91b20739,34.69,32.96,2025-11-17 16:41:20.312479+00:00
c0d29a5d-e90d-4c01-bcdb-25e0ecf41d12,34.69,32.96,2025-11-17 16:41:20.312479+00:00
ad736807-c030-4df7-aa0c-e85a379bb621,34.69,32.96,2025-11-17 16:41:20.312479+00:00
2a6f67c2-5a42-4284-9f87-ca8d3fb0fe26,34.69,32.96,2025-11-17 16:41:20.312479+00:00
70e09c29-7a27-4c6c-ab01-0558d112e61e,34.69,32.96,2025-11-17 16:41:20.312479+00:00
4958dfd5-ce8e-49b0-92ea-814f26a3596d,34.69,32.96,2025-11-17 16:41:20.312479+00:00
c12b0ffc-62e7-46a6-a449-d088473a1e8f,34.69,32.96,2025-11-17 16:41:20.312479+00:00
ae0e9704-1742-4ea8-a928-3071be72bfea,34.69,32.96,2025-11-17 16:41:20.312479+00:00
14b9f5b8-93a8-4158-9f80-4d0614fe99e9,34.69,32.96,2025-11-17 16:41:20.312479+00:00
07ff39e1-b246-44ba-b5d9-38d7297fc68c,34.69,32.96,2025-11-17 16:41:20.312479+00:00
cea3adad-a22b-49a8-a5f9-64a293fceec7,34.69,32.96,2025-11-17 16:41:20.312479+00:00
09f7d251-8818-4bed-81b4-7b6369a70fdc,34.69,32.96,2025-11-17 16:41:20.312479+00:00
73597abd-81bf-4b25-bda6-495c970b69ff,34.69,32.96,2025-11-17 16:41:20.312479+00:00
9cc620a2-9772-4a64-8e4e-5927ed74c7d2,34.69,32.96,2025-11-17 16:41:20.312479+00:00
7e871644-10a9-40bb-9635-a2ada75a7bda,34.69,32.96,2025-11-17 16:41:20.312479+00:00
9e382698-c9b9-4918-aba5-a9ac30238b7d,34.69,32.96,2025-11-17 16:41:20.312479+00:00
3f15c7bd-eeca-4b9e-b25b-36e62d1487d9,34.69,32.96,2025-11-17 16:41:20.312479+00:00
ed9b94a0-886e-4c2e-83c2-ad1084e3040f,34.69,32.96,2025-11-17 16:41:20.312479+00:00
08a05797-a0c8-4d91-a048-8ad796497d32,34.69,32.96,2025-11-17 16:41:20.312479+00:00
70da0ee1-ada3-4f46-b345-bd85b5bb8893,34.69,32.96,2025-11-17 16:41:20.312479+00:00
2f82a043-1f63-4053-ad38-3c7d43993540,34.69,32.96,2025-11-17 16:41:20.312479+00:00
00edeec1-34eb-4631-baa3-b8e7f67a737c,34.69,32.96,2025-11-17 16:41:20.312479+00:00
fd5ec728-e577-40c6-8915-8e69fbec02c7,34.69,32.96,2025-11-17 16:41:20.312479+00:00
d96ed0ed-9774-44f4-958c-fea427771492,34.69,32.96,2025-11-17 16:41:20.312479+00:00
ebce61cf-bbe8-4025-9c72-849dcc81f4d9,34.69,32.96,2025-11-17 16:41:20.312479+00:00
5c25a144-92ce-40a8-b2ef-ec34d31e2aaf,34.69,32.96,2025-11-17 16:41:20.312479+00:00
c04a93b9-49df-4d85-a0d3-03e2f359b417,34.69,32.96,2025-11-17 16:41:20.312479+00:00
cdc2e91a-0dd1-4200-a370-fe6e0d095399,34.69,32.96,2025-11-17 16:41:20.312479+00:00
39fd3614-a845-48bd-b90a-c55c2cb91b1e,34.69,32.96,2025-11-17 16:41:20.312479+00:00
fe3c462a-a0ce-4aeb-8da1-1a654dc2c735,34.69,32.96,2025-11-17 16:41:20.312479+00:00
8e9d40a1-b1f0-4b88-bea6-6de61adf10f2,34.69,32.96,2025-11-17 16:41:20.312479+00:00
762db70a-497c-4cb6-93ea-05e25c204b2c,34.69,32.96,2025-11-17 16:41:20.312479+00:00
58f4160a-52d2-4ba3-a874-464c3af3cec5,34.69,32.96,2025-11-17 16:41:20.312479+00:00
2b515bd2-c86b-4a2f-a6f9-df9d4553c1ed,34.69,32.96,2025-11-17 16:41:20.312479+00:00
796f72d3-534e-4347-85d9-27f73d6b08b0,34.69,32.96,2025-11-17 16:41:20.312479+00:00
3f5ac7ca-7ac9-4e05-a866-a0c4d74848a9,34.69,32.96,2025-11-17 16:41:20.312479+00:00
00ad1167-c47f-4865-8a17-6277da017c4f,34.69,32.96,2025-11-17 16:41:20.312479+00:00
986f2925-6517-4743-9f88-6d76e116cdc6,34.69,32.96,2025-11-17 16:41:20.312479+00:00
919ddc8a-a81a-4da0-a85d-1047631f221a,34.69,32.96,2025-11-17 16:41:20.312479+00:00
0b1f6edd-e79c-4fb3-b084-6771d85b717d,34.69,32.96,2025-11-17 16:41:20.312479+00:00
5836bbce-d324-456c-8f0f-46c64fc92b74,34.69,32.96,2025-11-17 16:41:20.312479+00:00
3b72fdbe-fb5e-4f49-8590-99b02eda4034,34.69,32.96,2025-11-17 16:41:20.312479+00:00
3856bed8-179d-4fb7-9573-f0962204b14d,34.69,32.96,2025-11-17 16:41:20.312479+00:00
5fb2c451-988d-4139-aa2d-706830e3eab7,34.69,32.96,2025-11-17 16:41:20.312479+00:00
a6ab8e68-5e9c-44cd-8937-d8875f82ab20,34.69,32.96,2025-11-17 16:41:20.312479+00:00
06df1563-42af-4580-bf18-2470a99ae9a0,34.69,32.96,2025-11-17 16:41:20.312479+00:00
0829db9f-5fa3-437f-b25f-c02058690bc6,34.69,32.96,2025-11-17 16:41:20.312479+00:00
df2f42f0-5f7c-40fc-8d13-c35ad343d286,34.69,32.96,2025-11-17 16:41:20.312479+00:00
efdb0410-730b-4dc9-9c3f-5aa4908f3a08,34.69,32.96,2025-11-17 16:41:20.312479+00:00
f2ec050f-a021-46e4-a23c-117aaf759ffc,34.69,32.96,2025-11-17 16:41:20.312479+00:00
dd951cd3-e7be-4d9e-937d-af69f67dd595,34.69,32.96,2025-11-17 16:41:20.312479+00:00
d2018892-dede-41a1-9176-c37c3014f073,34.69,32.96,2025-11-17 16:41:20.312479+00:00
cf54fbda-ece4-4070-a24d-db8166367dbf,34.69,32.96,2025-11-17 16:41:20.312479+00:00
5c30077f-b7f2-48e1-abf6-36568469d67b,34.69,32.96,2025-11-17 16:41:20.312479+00:00
50030fbf-1087-4c5e-b67b-c7df4f397320,34.69,32.96,2025-11-17 16:41:20.312479+00:00
fb2021c4-26dc-493e-8e1a-825b423e7676,34.69,32.96,2025-11-17 16:41:20.312479+00:00
aa9727f9-0cd5-4e9f-aad4-ed2f1b7947fc,34.69,32.96,2025-11-17 16:41:20.312479+00:00
5c15dfbf-fe2a-4428-8621-ae734b1e5ffa,34.69,32.96,2025-11-17 16:41:20.312479+00:00
f6bf44e0-15f6-4151-82f8-8a4f89722152,34.69,32.96,2025-11-17 16:41:20.312479+00:00
faadd42b-037f-449e-a01d-c66d2108b842,34.69,32.96,2025-11-17 16:41:20.312479+00:00
fce9d72c-0184-44b1-aca7-7b6c1cc92104,34.69,32.96,2025-11-17 16:41:20.312479+00:00
4e8cfe0e-0921-4915-b868-1d2beb7051ff,34.69,32.96,2025-11-17 16:41:20.312479+00:00
f131bd53-6d60-419d-9f6e-5b7cbbda32d3,34.69,32.96,2025-11-17 16:41:20.312479+00:00
52d4aaf2-c313-47a4-b897-cb4b89814ae9,34.69,32.96,2025-11-17 16:41:20.312479+00:00
c1ef269d-6dee-41a2-86d7-fa7153a80e92,34.69,32.96,2025-11-17 16:41:20.312479+00:00
4d01fcd7-8050-4499-b834-c85122a5f429,34.69,32.96,2025-11-17 16:41:20.312479+00:00
4fe7dc37-cd66-42e8-b87a-4ad549c5fb44,34.69,32.96,2025-11-17 16:41:20.312479+00:00
c6beedbd-cc0c-4fc9-b61b-f2afa4ab56de,34.69,32.96,2025-11-17 16:41:20.312479+00:00
78dd1364-cb6b-4ee4-a574-9c06be14c02d,34.69,32.96,2025-11-17 16:41:20.312479+00:00
ef5584ee-0890-4b07-9f2c-0c508d21742c,34.69,32.96,2025-11-17 16:41:20.312479+00:00
4f52255d-9e47-4ffd-8ef9-f66dcf7a1c81,34.69,32.96,2025-11-17 16:41:20.312479+00:00
3b6ded60-fcec-47fc-aea5-3e713f6fbcef,34.69,32.96,2025-11-17 16:41:20.312479+00:00
ddabc18c-a4bf-4930-9ead-f05089867719,34.69,32.96,2025-11-17 16:41:20.312479+00:00
49d6d197-7dd4-46e2-adeb-4f19834c1419,34.69,32.96,2025-11-17 16:41:20.312479+00:00
da3e7186-4a97-49fa-a12e-f6848e073766,34.69,32.96,2025-11-17 16:41:20.312479+00:00
f78601d2-50f6-4a6f-9b9c-bc1e689a3f4f,34.69,32.96,2025-11-17 16:41:20.312479+00:00
8564a15c-a4f5-4131-abbf-630775a0e1f7,34.69,32.96,2025-11-17 16:41:20.312479+00:00
fa917a6b-d2d2-4beb-bcbd-e241a008a20c,34.69,32.96,2025-11-17 16:41:20.312479+00:00
f5e8e50e-fb48-431f-aa11-eb78623a8a0b,34.69,32.96,2025-11-17 16:41:20.312479+00:00
da93cb6d-0a17-422c-99ff-b0223884b9b6,34.69,32.96,2025-11-17 16:41:20.312479+00:00
0be3e2ed-debc-416f-b837-6e390de141fb,34.69,32.96,2025-11-17 16:41:20.312479+00:00
73420f47-1c49-4d9f-b56c-b9ff15b3cb68,34.69,32.96,2025-11-17 16:41:20.312479+00:00
4685a7cf-7bf4-4387-bef3-721e919171a8,34.69,32.96,2025-11-17 16:41:20.312479+00:00
524c6847-f24a-4462-98cc-7d288f605371,34.69,32.96,2025-11-17 16:41:20.312479+00:00
dda772f7-4ff3-4290-a5be-7a52751674ee,34.69,32.96,2025-11-17 16:41:20.312479+00:00
194ee95f-3fdf-43fa-8e22-d8fe0c343181,34.69,32.96,2025-11-17 16:41:20.312479+00:00
9fe0b008-0544-42b1-9750-5ef6e49dc610,34.69,32.96,2025-11-17 16:41:20.312479+00:00
8989a795-09ad-4ad1-a34a-941301b5d2a7,34.69,32.96,2025-11-17 16:41:20.312479+00:00
2ffba7b1-82fd-41bb-a440-e6a233a15a9a,34.69,32.96,2025-11-17 16:41:20.312479+00:00
07761dca-57a1-4edc-80c4-15d0c1fdf3c3,34.69,32.96,2025-11-17 16:41:20.312479+00:00
dbd7b17e-1b1a-4019-8be5-542f77e5b30f,34.69,32.96,2025-11-17 16:41:20.312479+00:00
18ce095e-d979-419d-ad1c-7cd30823c9bd,34.69,32.96,2025-11-17 16:41:20.312479+00:00
6b0dac19-d92d-4730-b6e6-585ec1cc5010,34.69,32.96,2025-11-17 16:41:20.312479+00:00
6afcf63c-3139-47c0-90e6-b40cb8031f85,34.69,32.96,2025-11-17 16:41:20.312479+00:00
80619e78-7c98-4e8c-bad0-baad13ef4dfd,34.69,32.96,2025-11-17 16:41:20.312479+00:00
0922ffd7-c8c5-4894-9f38-8006516a5304,34.69,32.96,2025-11-17 16:41:20.312479+00:00
40e26bd1-5349-4620-8d4d-d5adc9829833,34.69,32.96,2025-11-17 16:41:20.312479+00:00
ae29574e-94ad-4888-9df7-46c0079a2d9a,34.69,32.96,2025-11-17 16:41:20.312479+00:00
52741836-8c97-484a-8351-af24c5c84d0f,34.69,32.96,2025-11-17 16:41:20.312479+00:00
a708bd5e-34af-4812-b69a-af99007317ae,34.69,32.96,2025-11-17 16:41:20.312479+00:00
fe2a0290-7249-4b2c-8a77-642bec5e4723,34.69,32.96,2025-11-17 16:41:20.312479+00:00
cb0f653d-c162-4600-bee1-f6acddf27658,34.69,32.96,2025-11-17 16:41:20.312479+00:00
7b44dbec-f48c-47e7-af52-65f58acbccb3,34.69,32.96,2025-11-17 16:41:20.312479+00:00
047e6baf-0afb-4968-bad3-da51388bdd21,34.69,32.96,2025-11-17 16:41:20.312479+00:00
fd0ba325-9f88-492f-a7b9-71d03e3d05da,34.69,32.96,2025-11-17 16:41:20.312479+00:00
64d53fe4-e419-4f4a-acec-fc42fae205f3,34.69,32.96,2025-11-17 16:41:20.312479+00:00
1255026a-b299-44fd-9386-724e49ae47da,34.69,32.96,2025-11-17 16:41:20.312479+00:00
526c5e58-d3bd-4822-b656-f6013af2dbc7,34.69,32.96,2025-11-17 16:41:20.312479+00:00
6900e877-a5bb-4f72-bc77-7a0e15ae6a5e,34.69,32.96,2025-11-17 16:41:20.312479+00:00
bedecba0-f74b-472c-ac44-4e3f40bcd68a,34.69,32.96,2025-11-17 16:41:20.312479+00:00
d8bcf5cc-60b5-4e53-a540-a3f0f44d0f41,34.69,32.96,2025-11-17 16:41:20.312479+00:00
04e6b147-bc1e-4101-ab02-685cd0f3d90a,34.69,32.96,2025-11-17 16:41:20.312479+00:00
1f98ce9d-8d94-45eb-9d70-fabd35030858,34.69,32.96,2025-11-17 16:41:20.312479+00:00
f9073ac8-fe58-479e-b23d-f7d8b451fb50,34.69,32.96,2025-11-17 16:41:20.312479+00:00
040bc6a0-7ea8-4d80-a3c6-422797f84f9e,34.69,32.96,2025-11-17 16:41:20.312479+00:00
b3e0cd89-a27d-41fc-a9ab-de566f226e7e,34.69,32.96,2025-11-17 16:41:20.312479+00:00
f2a2c0de-2f5d-47da-99fa-8c6ab4f4b363,34.69,32.96,2025-11-17 16:41:20.312479+00:00
3e1e091e-0eaa-4eb1-b31e-88cf9c615f62,34.69,32.96,2025-11-17 16:41:20.312479+00:00
bbe97c73-0d35-4bc2-97a1-6959d3f54672,34.69,32.96,2025-11-17 16:41:20.312479+00:00
cda8ca5d-34bc-42f0-b5e1-10675c8d06d6,34.69,32.96,2025-11-17 16:41:20.312479+00:00
e39cf6eb-46aa-4419-b024-6fafe65389b8,34.69,32.96,2025-11-17 16:41:20.312479+00:00
2a7228e8-58ee-4c1d-8c86-6e2e44b37902,34.69,32.96,2025-11-17 16:41:20.312479+00:00
b7d6def3-88fc-45bc-b01c-0593237f9ed5,34.69,32.96,2025-11-17 16:41:20.312479+00:00
c2628ce6-7cae-4ad9-b0a9-bd6fa72c5f4a,34.69,32.96,2025-11-17 16:41:20.312479+00:00
9f0155ef-e358-4816-a7d0-51784287c238,34.69,32.96,2025-11-17 16:41:20.312479+00:00
60718fc7-a18f-47e7-a270-21a2b3b97c37,34.69,32.96,2025-11-17 16:41:20.312479+00:00
4a2c1af5-e666-42fd-8ab7-d9c96aebdf1c,34.69,32.96,2025-11-17 16:41:20.312479+00:00
282979a4-1bc7-43b2-b54d-32cadc7ec26a,34.69,32.96,2025-11-17 16:41:20.312479+00:00
41ba3597-57ea-466c-97ad-d454ac7b27b7,34.69,32.96,2025-11-17 16:41:20.312479+00:00
601e34a9-d0e3-4957-ab4e-9597b0a68d2d,34.69,32.96,2025-11-17 16:41:20.312479+00:00
23a503df-b6e7-4c40-a3d8-083979f22a55,34.69,32.96,2025-11-17 16:41:20.312479+00:00
2c661ddb-50bb-4537-bcde-2a03ab07ed50,34.69,32.96,2025-11-17 16:41:20.312479+00:00
fd2245d5-dec8-42a9-baee-2b487c805494,34.69,32.96,2025-11-17 16:41:20.312479+00:00
bb6c0755-baa5-4bd8-bc13-3bc04a7a1769,34.69,32.96,2025-11-17 16:41:20.312479+00:00
e1217439-2a25-4a4f-b83a-ba8dfe82e8e5,34.69,32.96,2025-11-17 16:41:20.312479+00:00
960b5814-bcc5-4ae1-ace9-7b93ee617498,34.69,32.96,2025-11-17 16:41:20.312479+00:00
1818fda6-d044-403e-8862-112f9b25d44a,34.69,32.96,2025-11-17 16:41:20.312479+00:00
d88feafb-0482-4485-a2f5-8affa7111e0b,34.69,32.96,2025-11-17 16:41:20.312479+00:00
37150a35-559f-4acf-b099-69d9935cdd48,34.69,32.96,2025-11-17 16:41:20.312479+00:00
fef019e0-82da-42a2-bd5e-dbda75f8ef99,34.69,32.96,2025-11-17 16:41:20.312479+00:00
4b6d751f-f71f-419f-b819-654da7344751,34.69,32.96,2025-11-17 16:41:20.312479+00:00
30d9a169-0d4f-4de5-bd99-060113bc9ca0,34.69,32.96,2025-11-17 16:41:20.312479+00:00
235104c6-d7db-4c74-92ea-a8a6c5af8b4f,34.69,32.96,2025-11-17 16:41:20.312479+00:00
84c9852a-1323-4453-b1c1-aa490549b69f,34.69,32.96,2025-11-17 16:41:20.312479+00:00
a54238b5-a01a-4a3d-b55f-6d9e47e8bb2f,34.69,32.96,2025-11-17 16:41:20.312479+00:00
82b56521-a3e9-4085-81c4-586200fb14a2,34.69,32.96,2025-11-17 16:41:20.312479+00:00
5e96dc58-98ec-42b6-97b8-73f9e067d5d2,34.69,32.96,2025-11-17 16:41:20.312479+00:00
812016b8-a422-4ed7-b865-72d529869b2c,34.69,32.96,2025-11-17 16:41:20.312479+00:00
749905d4-97e0-47b8-b5d5-43b65334f693,34.69,32.96,2025-11-17 16:41:20.312479+00:00
fccc8635-2499-447c-8fc7-450b9eeb8106,34.69,32.96,2025-11-17 16:41:20.312479+00:00
7910bb9d-bb9d-4915-8595-ca8b90c28012,34.69,32.96,2025-11-17 16:41:20.312479+00:00
ec6ee983-fd61-4336-afd3-c02e2641b880,34.69,32.96,2025-11-17 16:41:20.312479+00:00
47dafc12-d972-4cc2-995e-4ed783c2b231,34.69,32.96,2025-11-17 16:41:20.312479+00:00
48f7ddb0-2c63-49d9-99ec-e3e0b1262270,34.69,32.96,2025-11-17 16:41:20.312479+00:00
e622df24-e3e0-4a4f-a31f-6ed0cc3586c6,34.69,32.96,2025-11-17 16:41:20.312479+00:00
4bdbffcd-048e-4ef2-815b-b5a2ba47e835,34.69,32.96,2025-11-17 16:41:20.312479+00:00
efd6c367-de33-4d20-9a27-7b00f0fe203f,34.69,32.96,2025-11-17 16:41:20.312479+00:00
f666112d-49a8-44b4-8254-fb1832142513,34.69,32.96,2025-11-17 16:41:20.312479+00:00
ecefca77-03ac-486d-9b91-fc22beef1ae9,34.69,32.96,2025-11-17 16:41:20.312479+00:00
6d339c5a-42f8-4d02-aab8-a2bf7701355d,34.69,32.96,2025-11-17 16:41:20.312479+00:00
3448a42a-deaf-4678-8b0e-63469c3e5194,34.69,32.96,2025-11-17 16:41:20.312479+00:00
8884935a-830b-4728-9f70-0fa186e85ff9,34.69,32.96,2025-11-17 16:41:20.312479+00:00
f4ddfed6-0e93-4dbe-8a24-bec985bc5b0f,34.69,32.96,2025-11-17 16:41:20.312479+00:00
d0cec520-7ec2-4884-bc89-010502490237,34.69,32.96,2025-11-17 16:41:20.312479+00:00
0d95f1bd-33d3-452d-8df7-b81e7f4ad9ef,34.69,32.96,2025-11-17 16:41:20.312479+00:00
247ccdd6-4649-4e07-9836-e08f1acf23cb,34.69,32.96,2025-11-17 16:41:20.312479+00:00
041ac5fa-90d4-4105-a9b3-ed149eb2b4eb,34.69,32.96,2025-11-17 16:41:20.312479+00:00
edb01b13-e98e-4ad6-a106-d3e0e8a6543b,34.69,32.96,2025-11-17 16:41:20.312479+00:00
9a835cdc-b723-4483-bba0-788046468572,34.69,32.96,2025-11-17 16:41:20.312479+00:00
a20718ca-033c-40c0-9d64-307f02a7e4d5,34.69,32.96,2025-11-17 16:41:20.312479+00:00
f490d662-1fc6-450d-9edf-07f89a355206,34.69,32.96,2025-11-17 16:41:20.312479+00:00
29a81fc3-d040-4477-a1a6-0705220fe126,34.69,32.96,2025-11-17 16:41:20.312479+00:00
21aea5db-fd99-483f-a535-1b4420c4091c,34.69,32.96,2025-11-17 16:41:20.312479+00:00
9cfb0486-e74b-4d76-a6f5-d89e1981043d,34.69,32.96,2025-11-17 16:41:20.312479+00:00
17176ac5-aabc-4439-9db1-9a71f8e4e3f5,34.69,32.96,2025-11-17 16:41:20.312479+00:00
da52b0c3-4e37-4d26-ab05-e60d399d4e3e,34.69,32.96,2025-11-17 16:41:20.312479+00:00
6dca7612-127c-41db-b69b-ec0a24e205a0,34.69,32.96,2025-11-17 16:41:20.312479+00:00
24a08012-599c-4bc7-ab83-a4b1d848f7bc,34.69,32.96,2025-11-17 16:41:20.312479+00:00
7fafef2f-a9fc-4ddf-ae43-9f36c35ff44c,34.69,32.96,2025-11-17 16:41:20.312479+00:00
5b986d77-f693-451b-9c40-aa66695fb43e,34.69,32.96,2025-11-17 16:41:20.312479+00:00
32baba15-772e-475e-a99c-82a0c1f265da,34.69,32.96,2025-11-17 16:41:20.312479+00:00
c1631673-95a7-426b-b505-3ad491b742d6,34.69,32.96,2025-11-17 16:41:20.312479+00:00
fc35bd4b-ae00-4202-8cb9-0947c98f4584,34.69,32.96,2025-11-17 16:41:20.312479+00:00
fc0cf1c0-9793-4f4e-a9dd-4c06b0cb12f4,34.69,32.96,2025-11-17 16:41:20.312479+00:00
5ae24431-7529-4a68-8fac-1f4a72ce5346,34.69,32.96,2025-11-17 16:41:20.312479+00:00
8c014b73-7ea2-4f7e-91d3-dd693f056d4a,34.69,32.96,2025-11-17 16:41:20.312479+00:00
667c600d-2487-43b8-8aac-b18f26ca0813,34.69,32.96,2025-11-17 16:41:20.312479+00:00
4ff85989-cee0-4d54-8aa9-576f5f0d750b,34.69,32.96,2025-11-17 16:41:20.312479+00:00
aae93973-35b3-4fe8-bf84-2a33c19b7b4e,34.69,32.96,2025-11-17 16:41:20.312479+00:00
04356895-0367-486a-8eb1-c88bf2d095d5,34.69,32.96,2025-11-17 16:41:20.312479+00:00
baa96270-57af-43ac-b125-b53dd0199d0a,34.69,32.96,2025-11-17 16:41:20.312479+00:00
8817f822-92f0-4321-95d7-b6cf3fe916b7,34.69,32.96,2025-11-17 16:41:20.312479+00:00
ad582125-7aa2-4806-a134-c231bdb34399,34.69,32.96,2025-11-17 16:41:20.312479+00:00
9fe71b87-cbb8-40be-bf13-708a76ffe64a,34.69,32.96,2025-11-17 16:41:20.312479+00:00
66dc1032-bd38-4a02-aa9f-e19037947bc2,34.69,32.96,2025-11-17 16:41:20.312479+00:00
cced6504-7cff-464a-b070-b5db81ecec60,34.69,32.96,2025-11-17 16:41:20.312479+00:00
47be77c2-fde4-4411-adab-596d3a1a30f4,34.69,32.96,2025-11-17 16:41:20.312479+00:00
073ecc25-1d8e-4e93-bb50-b34a29eda680,34.69,32.96,2025-11-17 16:41:20.312479+00:00
88c1831e-31d2-432d-abab-2d2cc3c8652f,34.69,32.96,2025-11-17 16:41:20.312479+00:00
583a8496-d8c3-43db-8167-26edffb34285,34.69,32.96,2025-11-17 16:41:20.312479+00:00
49af2748-a96f-452e-b38f-292cf94d35d3,34.69,32.96,2025-11-17 16:41:20.312479+00:00
049ed080-124f-4c0c-9fce-37aeef50da1e,34.69,32.96,2025-11-17 16:41:20.312479+00:00
ae95ec66-850d-4051-9c5c-5843cbf3026e,34.69,32.96,2025-11-17 16:41:20.312479+00:00
e20ee2d0-f3b8-4b64-a6e9-006f0c69ef56,34.69,32.96,2025-11-17 16:41:20.312479+00:00
3e6e6356-71c3-461e-a8e7-5113cf4cda4d,34.69,32.96,2025-11-17 16:41:20.312479+00:00
5df7d60a-a4bd-42af-9d41-6e59dd94ecd6,34.69,32.96,2025-11-17 16:41:20.312479+00:00
a7828a5a-91ac-4970-a742-7bc30a8f4302,34.69,32.96,2025-11-17 16:41:20.312479+00:00
3d7cb71a-1bf0-40b7-8ab1-e5af51bad647,34.69,32.96,2025-11-17 16:41:20.312479+00:00
da9b6790-f3b2-4c59-8d04-8c67ce0920d3,34.69,32.96,2025-11-17 16:41:20.312479+00:00
49457cb5-d221-4e7b-8770-b20c86e6294a,34.69,32.96,2025-11-17 16:41:20.312479+00:00
7615698c-5a7a-4c46-9082-373cb95c4a1a,34.69,32.96,2025-11-17 16:41:20.312479+00:00
fe36c4ce-ba3c-47fc-936b-4ab28e772c65,34.69,32.96,2025-11-17 16:41:20.312479+00:00
a881534f-5c69-40a0-9b06-dbef64beaed1,34.69,32.96,2025-11-17 16:41:20.312479+00:00
17335396-3171-4937-90c0-25b33d8f600c,34.69,32.96,2025-11-17 16:41:20.312479+00:00
4b186bfb-0203-4119-b89f-5acd8178f422,34.69,32.96,2025-11-17 16:41:20.312479+00:00
8fb25e39-580c-4ea8-a414-7ea701fc3b18,34.69,32.96,2025-11-17 16:41:20.312479+00:00
6d90f788-fe24-46a8-a7ab-b9db7abe668e,34.69,32.96,2025-11-17 16:41:20.312479+00:00
e5644bbe-55c0-48ce-b1df-aa275251ea3c,34.69,32.96,2025-11-17 16:41:20.312479+00:00
f7cb5404-47ae-4449-beec-91d4dacf0e3e,34.69,32.96,2025-11-17 16:41:20.312479+00:00
5a239247-708e-44ad-bf5c-9b6658a565a9,34.69,32.96,2025-11-17 16:41:20.312479+00:00
c3aa2ed0-10ed-48b6-a0a4-364ca6e68014,34.69,32.96,2025-11-17 16:41:20.312479+00:00
12123e2c-996f-4880-908b-be20357f4170,34.69,32.96,2025-11-17 16:41:20.312479+00:00
f0ff3bd2-91b2-45f3-bec9-6ccfb002a7c3,34.69,32.96,2025-11-17 16:41:20.312479+00:00
7778cfef-0cb9-4a4c-a35a-7c0475a89c30,34.69,32.96,2025-11-17 16:41:20.312479+00:00
6cbd3770-f1c6-439f-b791-3c474237193d,34.69,32.96,2025-11-17 16:41:20.312479+00:00
caa557ed-e65f-421d-8ebd-d48adcb0aed3,34.69,32.96,2025-11-17 16:41:20.312479+00:00
6da161a5-80db-43d6-9296-7f0e5e5d4aa8,34.69,32.96,2025-11-17 16:41:20.312479+00:00
5c225764-e1cd-4f7d-85fd-84e047942bde,34.69,32.96,2025-11-17 16:41:20.312479+00:00
5e9431c1-e0a4-4955-8d81-e04259fedb4d,34.69,32.96,2025-11-17 16:41:20.312479+00:00
81d8da41-3efc-41f3-b709-a04ab8affdba,34.69,32.96,2025-11-17 16:41:20.312479+00:00
abd389a2-696d-4a8e-898d-fb9248adef24,34.69,32.96,2025-11-17 16:41:20.312479+00:00
dd5049f0-0ced-4562-81b5-3688d0085d66,34.69,32.96,2025-11-17 16:41:20.312479+00:00
11761427-8d03-46b5-a18b-0e00117ffef3,34.69,32.96,2025-11-17 16:41:20.312479+00:00
1b78b173-ad83-44e1-8524-88e144416143,34.69,32.96,2025-11-17 16:41:20.312479+00:00
6e8522b4-f3e9-4f50-8d88-bb4744e309d5,34.69,32.96,2025-11-17 16:41:20.312479+00:00
39d6a8ab-4651-40f8-b07d-c0a5a786b4f8,34.69,32.96,2025-11-17 16:41:20.312479+00:00
ab2db86f-3ddf-4968-8921-416a29102a2d,34.69,32.96,2025-11-17 16:41:20.312479+00:00
d0c2feaf-d060-4f67-952c-39f88731b670,34.69,32.96,2025-11-17 16:41:20.312479+00:00
2e2232db-e522-465b-ab2a-a974f2d0e079,34.69,32.96,2025-11-17 16:41:20.312479+00:00
7015a5bf-a441-4a45-bc15-ab616a627d32,34.69,32.96,2025-11-17 16:41:20.312479+00:00
9c7bec95-aec3-4f3d-b7e1-67d23d4fe219,34.69,32.96,2025-11-17 16:41:20.312479+00:00
7e808b91-55c9-4bf6-be68-d775e7d81100,34.69,32.96,2025-11-17 16:41:20.312479+00:00
58ee3860-7d0a-44e3-b624-3060686dc0a3,34.69,32.96,2025-11-17 16:41:20.312479+00:00
18b5d235-e1ff-41d6-b8e3-92b319779d70,34.69,32.96,2025-11-17 16:41:20.312479+00:00
a7d981fe-0cdf-41d1-b1ab-3deed44b3cdd,34.69,32.96,2025-11-17 16:41:20.312479+00:00
c3fff146-6743-4b92-94a4-fd8ad926c804,34.69,32.96,2025-11-17 16:41:20.312479+00:00
d76de447-ab49-4961-a412-b0d225eed99e,34.69,32.96,2025-11-17 16:41:20.312479+00:00
cbb26c2e-51a4-4b03-bbe2-10645c771550,34.69,32.96,2025-11-17 16:41:20.312479+00:00
56914110-3f82-476a-b5e1-38b3e894f987,34.69,32.96,2025-11-17 16:41:20.312479+00:00
3c374296-4b15-4037-bf6f-e873f7bcfe3b,34.69,32.96,2025-11-17 16:41:20.312479+00:00
71ed6190-6d1c-40d2-924d-8e9fdc6bb786,34.69,32.96,2025-11-17 16:41:20.312479+00:00
37a692a5-3dee-4188-b6c1-2a0c69441154,34.69,32.96,2025-11-17 16:41:20.312479+00:00
d68c1d49-38d9-40d8-8b4e-0b3ab112583c,34.69,32.96,2025-11-17 16:41:20.312479+00:00
d921f910-52c3-4085-bfee-9b7a67d794e5,34.69,32.96,2025-11-17 16:41:20.312479+00:00
fd509ee4-2171-4c31-b86c-d90c2cf1d844,34.69,32.96,2025-11-17 16:41:20.312479+00:00
b829ed60-2d61-4745-a6f8-c24deb22d0d8,34.69,32.96,2025-11-17 16:41:20.312479+00:00
16f8dece-e987-42c6-8fb1-932f33264a92,34.69,32.96,2025-11-17 16:41:20.312479+00:00
b81f79b5-9743-4df9-8b8c-ed963b6646cc,34.69,32.96,2025-11-17 16:41:20.312479+00:00
bfa0f60c-7e21-4196-a881-f22b84de5ad5,34.69,32.96,2025-11-17 16:41:20.312479+00:00
163eef75-473f-44bd-9dae-b4d261564486,34.69,32.96,2025-11-17 16:41:20.312479+00:00
48c268d5-4855-4160-b0a5-6e195c3753f4,34.69,32.96,2025-11-17 16:41:20.312479+00:00
ef13d17d-60e6-4535-90c2-6aad22b74c25,34.69,32.96,2025-11-17 16:41:20.312479+00:00
ba1eebb2-18a3-44be-a6b7-ae9052ed8e23,34.69,32.96,2025-11-17 16:41:20.312479+00:00
23ce3e88-96a5-4f20-96f8-d4d6ac8865ad,34.69,32.96,2025-11-17 16:41:20.312479+00:00
159ab7cf-47e4-42b6-82f9-5f64ca277282,34.69,32.96,2025-11-17 16:41:20.312479+00:00
f3ff7f15-1874-4bba-9ff9-caa0151e31d8,34.69,32.96,2025-11-17 16:41:20.312479+00:00
0f8e8054-3bc1-4b89-91d4-3f2fc8903350,34.69,32.96,2025-11-17 16:41:20.312479+00:00
97974daa-db45-47ec-9916-69745e9e9d03,34.69,32.96,2025-11-17 16:41:20.312479+00:00
2b296007-6487-4dc9-ab08-f32ee27ff09f,34.69,32.96,2025-11-17 16:41:20.312479+00:00
fafc565f-0121-4db8-aabb-2d62fe948ac9,34.69,32.96,2025-11-17 16:41:20.312479+00:00
26131561-454d-4e8b-96a5-edbdff10bc8a,34.69,32.96,2025-11-17 16:41:20.312479+00:00
f834b3ea-9fd2-424c-b185-d26c468a3481,34.69,32.96,2025-11-17 16:41:20.312479+00:00
0f1d4736-4156-4961-89d3-471e0585a6e5,34.69,32.96,2025-11-17 16:41:20.312479+00:00
a4e07b0f-df38-426f-8fa1-45b64dda9bd4,34.69,32.96,2025-11-17 16:41:20.312479+00:00
fb7f0609-4e63-4091-ac9a-a49d1e9d84c1,34.69,32.96,2025-11-17 16:41:20.312479+00:00
d668fcba-c698-40bb-b5fd-100c69533055,34.69,32.96,2025-11-17 16:41:20.312479+00:00
07f7ef15-876a-4b6a-b34e-6820f11f0199,34.69,32.96,2025-11-17 16:41:20.312479+00:00
a76cbf7c-6d0e-4809-9ded-fb189a7e5e47,34.69,32.96,2025-11-17 16:41:20.312479+00:00
427fa080-b9b0-4a7e-9eae-fcb2ac9e9018,34.69,32.96,2025-11-17 16:41:20.312479+00:00
f9cfc918-2cc9-4fc5-bad8-a719756b1412,34.69,32.96,2025-11-17 16:41:20.312479+00:00
38c67366-778a-492f-adf8-9f99cc6101d0,34.69,32.96,2025-11-17 16:41:20.312479+00:00
c303b2ec-d26b-447d-90d0-cdc9af3937d2,34.69,32.96,2025-11-17 16:41:20.312479+00:00
161d7624-f32e-493e-a415-5b4a162431ec,34.69,32.96,2025-11-17 16:41:20.312479+00:00
ead57882-32c5-42b2-bdfb-e04e8be560f7,34.69,32.96,2025-11-17 16:41:20.312479+00:00
60806625-121b-4936-a353-c7c6a03a54d5,34.69,32.96,2025-11-17 16:41:20.312479+00:00
db9e1c4e-e512-422e-a777-01e90bd0db1f,34.69,32.96,2025-11-17 16:41:20.312479+00:00
1c208232-6380-44ba-a465-bdd683a2355b,34.69,32.96,2025-11-17 16:41:20.312479+00:00
d2a22df0-c833-4b21-8dd2-b2b9771b9f42,34.69,32.96,2025-11-17 16:41:20.312479+00:00
ae27cf93-9889-49e7-a9a9-89e4c066619a,34.69,32.96,2025-11-17 16:41:20.312479+00:00
132d2389-3451-420b-b2d5-8d0918449ddf,34.69,32.96,2025-11-17 16:41:20.312479+00:00
2857c6a9-9dbd-4ee6-9206-be22e437792f,34.69,32.96,2025-11-17 16:41:20.312479+00:00
b00bf9f8-06a7-4491-a2e2-df7b71feeac3,34.69,32.96,2025-11-17 16:41:20.312479+00:00
84cbe31f-aaff-4fe5-9a4b-ac830ece1ff5,34.69,32.96,2025-11-17 16:41:20.312479+00:00
3cb5fc5d-0c85-4a9b-b757-64be67040452,34.69,32.96,2025-11-17 16:41:20.312479+00:00
3d5450ad-c646-429c-8480-c7fcdaaab68e,34.69,32.96,2025-11-17 16:41:20.312479+00:00
aefe825c-2c95-48ae-8617-206b46478faf,34.69,32.96,2025-11-17 16:41:20.312479+00:00
60190d0e-d126-4885-a359-a588fafda6a3,34.69,32.96,2025-11-17 16:41:20.312479+00:00
0a69fd1e-c155-4115-944b-022d6e1e63b3,34.69,32.96,2025-11-17 16:41:20.312479+00:00
b9647e7b-c68a-4af7-995f-5ba6c496d5d1,34.69,32.96,2025-11-17 16:41:20.312479+00:00
6eaf1e6b-edfa-4203-b894-524bb7a81dfd,34.69,32.96,2025-11-17 16:41:20.312479+00:00
33a7eb8d-0db2-4a80-b999-272e9de444e6,34.69,32.96,2025-11-17 16:41:20.312479+00:00
0b3d83ec-1604-4c93-8174-37650c1854e8,34.69,32.96,2025-11-17 16:41:20.312479+00:00
12eb2ee2-1415-4892-a6dc-65b77f2614bd,34.69,32.96,2025-11-17 16:41:20.312479+00:00
27253755-9a08-4b2f-a19a-d7ba2a55323f,34.69,32.96,2025-11-17 16:41:20.312479+00:00
dee03ea7-b02a-4010-a47d-32ccfa74e69d,34.69,32.96,2025-11-17 16:41:20.312479+00:00
b64c021f-fa51-4b01-b56d-d4933768f175,34.69,32.96,2025-11-17 16:41:20.312479+00:00
74355bb5-f380-48d1-b6e7-259dc42583c8,34.69,32.96,2025-11-17 16:41:20.312479+00:00
5f8b4bc0-1efc-4f6f-ba32-c27993c8265f,34.69,32.96,2025-11-17 16:41:20.312479+00:00
b819928e-9e31-4ac8-ac30-dfcb8a9bf0f6,34.69,32.96,2025-11-17 16:41:20.312479+00:00
f3bcc35a-94b6-46b5-b893-6653ab097c7c,34.69,32.96,2025-11-17 16:41:20.312479+00:00
359b9774-5a01-4dd0-86d4-3a86dc23c330,34.69,32.96,2025-11-17 16:41:20.312479+00:00
d0a3692e-3433-42dd-9c80-edd07fbd62cd,34.69,32.96,2025-11-17 16:41:20.312479+00:00
8fb7ad1d-5b4c-4ff3-9c73-fd02dda2e09a,34.69,32.96,2025-11-17 16:41:20.312479+00:00
0bfad5e1-a3dd-4faa-bc03-3b759a004f78,34.69,32.96,2025-11-17 16:41:20.312479+00:00
7bd5e492-0730-45f8-b6c7-62c4915e338b,34.69,32.96,2025-11-17 16:41:20.312479+00:00
a5d658ea-51f9-4e5b-8b45-1d9ba289d7c2,34.69,32.96,2025-11-17 16:41:20.312479+00:00
05c40531-3766-4ff2-942a-b4889a2744e1,34.69,32.96,2025-11-17 16:41:20.312479+00:00
10074aef-5faf-471c-9609-777ebbbfb093,34.69,32.96,2025-11-17 16:41:20.312479+00:00
bd45b0de-2070-4e13-9195-07f15a23ff51,34.69,32.96,2025-11-17 16:41:20.312479+00:00
9bbdbca9-cb45-4922-aa4e-d7815c884197,34.69,32.96,2025-11-17 16:41:20.312479+00:00
37d8f545-5826-4c66-9682-e24bdede7df3,34.69,32.96,2025-11-17 16:41:20.312479+00:00
7d7296dc-2d9b-4e17-a29e-a7621cf9b62f,34.69,32.96,2025-11-17 16:41:20.312479+00:00
5852be15-bb65-411a-a82a-5d3a354ba84d,34.69,32.96,2025-11-17 16:41:20.312479+00:00
575c7bfa-b321-4c6a-b228-01f4e036066c,34.69,32.96,2025-11-17 16:41:20.312479+00:00
c5897ef8-eeb6-44de-a701-b5fbb8585314,34.69,32.96,2025-11-17 16:41:20.312479+00:00
2226105d-5f2e-4e65-bd16-0a0be1d8b920,34.69,32.96,2025-11-17 16:41:20.312479+00:00
a52f9bec-0978-41d3-a630-f36b17263177,34.69,32.96,2025-11-17 16:41:20.312479+00:00
ae3261bc-76d2-4a5b-8991-45227ddec141,34.69,32.96,2025-11-17 16:41:20.312479+00:00
8e5ac516-1c87-4c5b-aa2c-837107b9af7a,34.69,32.96,2025-11-17 16:41:20.312479+00:00
d77a6788-5f22-407c-85f2-d80760813f30,34.69,32.96,2025-11-17 16:41:20.312479+00:00
1171c5db-aa08-4a90-bea9-5448a7311666,34.69,32.96,2025-11-17 16:41:20.312479+00:00
0649858a-df49-460a-816a-3ac76fdfb954,34.69,32.96,2025-11-17 16:41:20.312479+00:00
7673c80d-6275-40c4-bbd5-f152ccd098ed,34.69,32.96,2025-11-17 16:41:20.312479+00:00
41afb6c2-1334-4b08-8c4e-6423b4c7f72d,34.69,32.96,2025-11-17 16:41:20.312479+00:00
5942b8cf-5312-4261-9bc7-a8d0283d6e25,34.69,32.96,2025-11-17 16:41:20.312479+00:00
14412c12-9b39-49cf-9287-fbe4666c2c61,34.69,32.96,2025-11-17 16:41:20.312479+00:00
9c6f2175-9170-493c-a997-83fbbb5f3ecf,34.69,32.96,2025-11-17 16:41:20.312479+00:00
90e5bf9d-d6e9-4fac-b2d4-2ed9e59d3215,34.69,32.96,2025-11-17 16:41:20.312479+00:00
746db7aa-b4f3-4e3c-bcc5-9aeb2baca32c,34.69,32.96,2025-11-17 16:41:20.312479+00:00
99a5f1bb-e8f5-4db1-a303-f4e6aae07b4d,34.69,32.96,2025-11-17 16:41:20.312479+00:00
3b714e9b-2ff7-4c3e-9a87-03a70c58e8c4,34.69,32.96,2025-11-17 16:41:20.312479+00:00
31ad4465-ffba-43c2-a896-808ef32494db,34.69,32.96,2025-11-17 16:41:20.312479+00:00
32da9d04-97e5-44aa-9026-7e51cd4ac89c,34.69,32.96,2025-11-17 16:41:20.312479+00:00
b70ec5c0-3e3c-409d-be9b-977cf23527a7,34.69,32.96,2025-11-17 16:41:20.312479+00:00
ab7a028c-cd3c-4fcb-87b2-efd0d911e527,34.69,32.96,2025-11-17 16:41:20.312479+00:00
f73e1fa5-295e-433e-8a3a-e471480c27aa,34.69,32.96,2025-11-17 16:41:20.312479+00:00
1f8deac9-25fd-4f7e-97a2-1688ee5c3799,34.69,32.96,2025-11-17 16:41:20.312479+00:00
1f655775-77c7-426e-a8e9-d227b207438f,34.69,32.96,2025-11-17 16:41:20.312479+00:00
5472608f-c5ff-4a9f-bcdf-258a0b679510,34.69,32.96,2025-11-17 16:41:20.312479+00:00
5c0197cb-57ff-4a04-9e0b-02690e341580,34.69,32.96,2025-11-17 16:41:20.312479+00:00
1aad6633-dc8b-4c00-85d4-d3cabf907137,34.69,32.96,2025-11-17 16:41:20.312479+00:00
7c9ec7d2-5f40-4f19-9057-86f8311ac74c,34.69,32.96,2025-11-17 16:41:20.312479+00:00
abb6d9af-7578-47c7-8d99-a578b52ca565,34.69,32.96,2025-11-17 16:41:20.312479+00:00
17c6b20a-12c1-4546-be98-dfc7ba20fb36,34.69,32.96,2025-11-17 16:41:20.312479+00:00
5a10df43-8906-43f9-86b2-b342ab801984,34.69,32.96,2025-11-17 16:41:20.312479+00:00
980d61bb-e660-4095-82e6-b02ca9909f91,34.69,32.96,2025-11-17 16:41:20.312479+00:00
ecebc2db-4a79-477f-ad25-d9640121a9aa,34.69,32.96,2025-11-17 16:41:20.312479+00:00
d35e4b4b-b6b0-4c5a-a290-a1833712167d,34.69,32.96,2025-11-17 16:41:20.312479+00:00
ad0b694b-4410-4e50-938b-367905bf5726,34.69,32.96,2025-11-17 16:41:20.312479+00:00
6cf6072f-87fb-4b5b-8b95-daa325acf0d7,34.69,32.96,2025-11-17 16:41:20.312479+00:00
23ad3b2d-9a9f-4fd7-8d41-4d29d64a2d00,34.69,32.96,2025-11-17 16:41:20.312479+00:00
d7586472-a4b3-492e-9a2a-c2f562056282,34.69,32.96,2025-11-17 16:41:20.312479+00:00
0c1704ae-a985-4b2b-afc8-000d597dc593,34.69,32.96,2025-11-17 16:41:20.312479+00:00
9735d6be-1220-492a-91b4-bd3cf9b8b003,34.69,32.96,2025-11-17 16:41:20.312479+00:00
d277eaf1-49e1-4eb1-beab-a28dbf72b631,34.69,32.96,2025-11-17 16:41:20.312479+00:00
53fda016-034e-4e49-8fc4-1793181151d0,34.69,32.96,2025-11-17 16:41:20.312479+00:00
742f3d68-42b7-4d35-bd86-54105e74613f,34.69,32.96,2025-11-17 16:41:20.312479+00:00
c562ed92-db34-407d-86d3-1923b996c87d,34.69,32.96,2025-11-17 16:41:20.312479+00:00
e68a4c4a-28eb-4bf5-b802-05c66fdd8ba9,34.69,32.96,2025-11-17 16:41:20.312479+00:00
1427b158-2e52-4d0c-b4d8-de2813802ee2,34.69,32.96,2025-11-17 16:41:20.312479+00:00
2fe5b1eb-f91e-49bf-bfb9-ca286d27f009,34.69,32.96,2025-11-17 16:41:20.312479+00:00
663b012a-1cc2-4677-9333-6c2b98bf7c5b,34.69,32.96,2025-11-17 16:41:20.312479+00:00
e16c7706-78dc-4867-81b1-d1fd6e530712,34.69,32.96,2025-11-17 16:41:20.312479+00:00
b5746a7b-fce4-444b-b211-5c6f6cdbb54b,34.69,32.96,2025-11-17 16:41:20.312479+00:00
8c435f75-5249-4aff-be9e-f6173c31ab38,34.69,32.96,2025-11-17 16:41:20.312479+00:00
cdf92dd3-be3d-4791-b96b-3221e5be3c0a,34.69,32.96,2025-11-17 16:41:20.312479+00:00
bc99fd44-bf26-4483-a1a0-a72813c11465,34.69,32.96,2025-11-17 16:41:20.312479+00:00
22ad9293-08b3-44fb-acf4-76aa6ae3478b,34.69,32.96,2025-11-17 16:41:20.312479+00:00
0b49b8d9-087a-4378-bb47-7cfa25c43a00,34.69,32.96,2025-11-17 16:41:20.312479+00:00
79cf83df-45c0-4dc1-9105-fa9644679991,34.69,32.96,2025-11-17 16:41:20.312479+00:00
ba1b4e90-760e-4e9d-9d77-5f6c28a7f754,34.69,32.96,2025-11-17 16:41:20.312479+00:00
689ccfd0-fac4-4218-8418-afda4f512410,34.69,32.96,2025-11-17 16:41:20.312479+00:00
7a63067b-2d5a-4c9b-826f-30ce1dcbb16c,34.69,32.96,2025-11-17 16:41:20.312479+00:00
535070f2-4502-4338-be9e-80e0e9566a0e,34.69,32.96,2025-11-17 16:41:20.312479+00:00
4a9a5123-b7aa-4906-9dde-ca9eb5e5ed06,34.69,32.96,2025-11-17 16:41:20.312479+00:00
d0304cc4-6910-4b0e-a396-4456c52bd20a,34.69,32.96,2025-11-17 16:41:20.312479+00:00
f28bcd29-231a-4bc7-8469-3f129dcd9a88,34.69,32.96,2025-11-17 16:41:20.312479+00:00
7611d8fc-d8fc-45d3-a13e-c0c11207d0c7,34.69,32.96,2025-11-17 16:41:20.312479+00:00
b0f0de74-f6bf-4b4f-aa8a-f8a12d0b67d4,34.69,32.96,2025-11-17 16:41:20.312479+00:00
91de73ea-f8bf-4e7c-8e90-fe3888aa841b,34.69,32.96,2025-11-17 16:41:20.312479+00:00
d2f96ece-84cc-4ed0-b159-16e3e1f6abb4,34.69,32.96,2025-11-17 16:41:20.312479+00:00
1cc0423b-a697-4d86-baf7-55d124e8ba6d,34.69,32.96,2025-11-17 16:41:20.312479+00:00
d2d00931-5527-492e-8d22-b9f1eb380671,34.69,32.96,2025-11-17 16:41:20.312479+00:00
7786e23d-fa96-4d1a-8761-151b179fa474,34.69,32.96,2025-11-17 16:41:20.312479+00:00
beb64c75-7aba-45dc-b110-443093cbbc38,34.69,32.96,2025-11-17 16:41:20.312479+00:00
55a27521-db59-488e-ab77-0b393f9efc47,34.69,32.96,2025-11-17 16:41:20.312479+00:00
c76f730d-876f-4e2e-910a-44076327f735,34.69,32.96,2025-11-17 16:41:20.312479+00:00
98153149-5309-4a37-9fc0-51a4ca469dcd,34.69,32.96,2025-11-17 16:41:20.312479+00:00
495dc90a-4696-48a0-9a43-61dfde6a8653,34.69,32.96,2025-11-17 16:41:20.312479+00:00
6059d5d6-1c1b-49f0-8ced-27d098b7aa71,34.69,32.96,2025-11-17 16:41:20.312479+00:00
d0a3ab36-556c-4383-9cdc-0a536ae9f5dc,34.69,32.96,2025-11-17 16:41:20.312479+00:00
2e066954-1b21-41a8-b782-3eeb6adb46ac,34.69,32.96,2025-11-17 16:41:20.312479+00:00
34dfb9dd-0f38-4633-adc8-96714f25da14,34.69,32.96,2025-11-17 16:41:20.312479+00:00
3257c2a2-2b5e-4c8b-8c3a-7fc3c5dbf40a,34.69,32.96,2025-11-17 16:41:20.312479+00:00
6a925af9-7afc-4709-b1f4-ac29c0c00f99,34.69,32.96,2025-11-17 16:41:20.312479+00:00
3fa37787-e639-433e-94d6-6f3a20f7ae36,34.69,32.96,2025-11-17 16:41:20.312479+00:00
4907c519-a56c-4891-9f0b-a043f6bef2e9,34.69,32.96,2025-11-17 16:41:20.312479+00:00
85a1e0cc-4f71-4878-8b94-70c07923b10f,34.69,32.96,2025-11-17 16:41:20.312479+00:00
b2c8608c-cc7d-42a0-99a6-e79797037f51,34.69,32.96,2025-11-17 16:41:20.312479+00:00
52877789-c0f2-4594-984f-d5ce48e97aee,34.69,32.96,2025-11-17 16:41:20.312479+00:00
f215125a-efd9-4484-9f0d-d26d6e4e8d95,34.69,32.96,2025-11-17 16:41:20.312479+00:00
39799e11-3d62-49a2-9c56-ff3b26f8204a,34.69,32.96,2025-11-17 16:41:20.312479+00:00
ad205be5-35be-4b18-935d-aa66a845e85b,34.69,32.96,2025-11-17 16:41:20.312479+00:00
b174bf0e-d81c-4f0d-95dc-77acd16c57b4,34.69,32.96,2025-11-17 16:41:20.312479+00:00
0136a640-6167-48a8-bab8-daf4e71f2d56,34.69,32.96,2025-11-17 16:41:20.312479+00:00
1df09892-755b-417a-bd0b-02f4bc463ef6,34.69,32.96,2025-11-17 16:41:20.312479+00:00
21910339-31fd-4118-92cf-8c7a9a594ed4,34.69,32.96,2025-11-17 16:41:20.312479+00:00
db3eb4bb-43b3-4cd2-be89-62ce27f3ed46,34.69,32.96,2025-11-17 16:41:20.312479+00:00
cf383f0f-5ab7-47ab-94ad-a000b26cf7e0,34.69,32.96,2025-11-17 16:41:20.312479+00:00
f0f0c0ac-cd4a-4151-a2de-8c8b086f358c,34.69,32.96,2025-11-17 16:41:20.312479+00:00
64e64a42-2ea9-4c49-b38c-2c00e5b3f9a3,34.69,32.96,2025-11-17 16:41:20.312479+00:00
daa45ce0-2057-4096-ab14-8baae4b75850,34.69,32.96,2025-11-17 16:41:20.312479+00:00
9e0fc644-261c-411c-91e9-a60d73da7f28,34.69,32.96,2025-11-17 16:41:20.312479+00:00
13f36f08-17a1-4a6a-a50d-6e010b136cb3,34.69,32.96,2025-11-17 16:41:20.312479+00:00
9d5ee796-6e5f-42cf-a523-360676238c5f,34.69,32.96,2025-11-17 16:41:20.312479+00:00
814b2abc-5b8f-4db6-8afd-03cb82a8fa42,34.69,32.96,2025-11-17 16:41:20.312479+00:00
4c629798-e965-4dc8-81e8-3f23494db33d,34.69,32.96,2025-11-17 16:41:20.312479+00:00
e44b72a5-faa5-48a0-b77f-83eb2fe14527,34.69,32.96,2025-11-17 16:41:20.312479+00:00
e37ede84-f0ff-4844-a552-1eabc5226d42,34.69,32.96,2025-11-17 16:41:20.312479+00:00
0d1b5a08-9369-49c2-aa7f-368fe432c0c0,34.69,32.96,2025-11-17 16:41:20.312479+00:00
45312ad5-f206-4d2f-b001-6af90438ea34,34.69,32.96,2025-11-17 16:41:20.312479+00:00
4575a9ad-a942-4ce1-a74b-7819841d6ba7,34.69,32.96,2025-11-17 16:41:20.312479+00:00
3fa9633e-a50c-4c76-8a48-6d9f9e481ab7,34.69,32.96,2025-11-17 16:41:20.312479+00:00
d793682d-a6d5-4ef4-bb62-6fe1dabd6da2,34.69,32.96,2025-11-17 16:41:20.312479+00:00
5a87fbf4-b154-4428-b993-a4f1e4a3a336,34.69,32.96,2025-11-17 16:41:20.312479+00:00
44e87536-59a1-46cd-bb77-d107382e5332,34.69,32.96,2025-11-17 16:41:20.312479+00:00
e081ea48-7921-470e-92be-47e551f9312c,34.69,32.96,2025-11-17 16:41:20.312479+00:00
12dbe6af-2385-4c69-83a2-76d06b2874b4,34.69,32.96,2025-11-17 16:41:20.312479+00:00
994e0a5b-e026-4cea-9ac3-ec8bc74febe0,34.69,32.96,2025-11-17 16:41:20.312479+00:00
00351a54-5a22-4493-a5fa-84b63f3f1001,34.69,32.96,2025-11-17 16:41:20.312479+00:00
d0f08700-849f-4ba7-913a-6bf834659967,34.69,32.96,2025-11-17 16:41:20.312479+00:00
65a4dcbf-0e1c-47a0-bf9d-703775337d0a,34.69,32.96,2025-11-17 16:41:20.312479+00:00
0b40fe28-3e10-433b-82fe-260f9720745b,34.69,32.96,2025-11-17 16:41:20.312479+00:00
016cdebf-c3df-4055-ac9f-78ddb2766b85,34.69,32.96,2025-11-17 16:41:20.312479+00:00
a504541c-98ca-4a84-b96c-117552a0967d,34.69,32.96,2025-11-17 16:41:20.312479+00:00
307d7da3-92f9-4409-93db-91e4a073cebc,34.69,32.96,2025-11-17 16:41:20.312479+00:00
1032b295-3486-44e0-b35b-81e13a1d6b2f,34.69,32.96,2025-11-17 16:41:20.312479+00:00
bc0a98d7-2652-44b0-b272-ac7ad9b2629b,34.69,32.96,2025-11-17 16:41:20.312479+00:00
8e4fce6a-f8b0-40d8-87ee-00f4cd80d75e,34.69,32.96,2025-11-17 16:41:20.312479+00:00
77da3ef9-b189-40c4-b475-b1d4b6e2950b,34.69,32.96,2025-11-17 16:41:20.312479+00:00
b2849243-088a-46c5-a12b-b3f46d6f41f3,34.69,32.96,2025-11-17 16:41:20.312479+00:00
3baab852-27a5-4279-ab3a-30d4e7f63877,34.69,32.96,2025-11-17 16:41:20.312479+00:00
f4bd40f0-933d-4709-8942-1654edd4de2e,34.69,32.96,2025-11-17 16:41:20.312479+00:00
cedda06a-edf6-4f0a-b9c3-e7cce2499cbb,34.69,32.96,2025-11-17 16:41:20.312479+00:00
9ebf9c3f-a635-4ba3-ab35-4970c762777b,34.69,32.96,2025-11-17 16:41:20.312479+00:00
ea56cfaa-66da-4d69-ae68-e0f6271f364c,34.69,32.96,2025-11-17 16:41:20.312479+00:00
24ee60ee-eb7d-40c9-8523-0c9676aa1acc,34.69,32.96,2025-11-17 16:41:20.312479+00:00
45d2cbc8-e139-4944-b722-67e198b750b3,34.69,32.96,2025-11-17 16:41:20.312479+00:00
a7f5da74-f2d9-4539-9b91-ac0e15bef9ab,34.69,32.96,2025-11-17 16:41:20.312479+00:00
45847834-e766-46d3-8b9d-8bf884f2e765,34.69,32.96,2025-11-17 16:41:20.312479+00:00
94beac23-fdaf-4dc6-b3f4-1e904fa5e3cc,34.69,32.96,2025-11-17 16:41:20.312479+00:00
e10481d6-98ce-4c83-83fa-047a693a1499,34.69,32.96,2025-11-17 16:41:20.312479+00:00
b532c16d-be19-42dd-9618-02a7d0d0aac5,34.69,32.96,2025-11-17 16:41:20.312479+00:00
814e9ac9-19e1-4eea-b88b-357a518c96c6,34.69,32.96,2025-11-17 16:41:20.312479+00:00
2b408b7b-be6b-4ac5-abd4-6b1fb13d43cc,34.69,32.96,2025-11-17 16:41:20.312479+00:00
a234feb4-3d38-46dd-b03d-e943a8b9e46b,34.69,32.96,2025-11-17 16:41:20.312479+00:00
f91b4382-e7be-4197-bac5-64ed82559028,34.69,32.96,2025-11-17 16:41:20.312479+00:00
ee6774fd-2dd0-4681-836e-ce3b2a236466,34.69,32.96,2025-11-17 16:41:20.312479+00:00
7db859fc-de77-4b30-a133-d1da560c5a6a,34.69,32.96,2025-11-17 16:41:20.312479+00:00
20234c13-b41e-4457-aa3b-742563e1046d,34.69,32.96,2025-11-17 16:41:20.312479+00:00
48ca0c25-0197-4ed6-9435-7af3d31ae52a,34.69,32.96,2025-11-17 16:41:20.312479+00:00
fc2e1758-6320-4532-be58-e547c41bda8e,34.69,32.96,2025-11-17 16:41:20.312479+00:00
313d6b18-d08f-4847-b46d-e006d1e44d8c,34.69,32.96,2025-11-17 16:41:20.312479+00:00
aae50ade-4cec-45d7-be9c-8bff49b9fb2e,34.69,32.96,2025-11-17 16:41:20.312479+00:00
824a11fd-cc54-49a5-850c-9f56623667e6,34.69,32.96,2025-11-17 16:41:20.312479+00:00
46e2726f-f188-4d18-b3a8-2c61acc0b2c6,34.69,32.96,2025-11-17 16:41:20.312479+00:00
a784667d-db78-4b5d-9353-9f59b31c2aa3,34.69,32.96,2025-11-17 16:41:20.312479+00:00
1197a483-f188-4b6b-bb02-c4145bedaebd,34.69,32.96,2025-11-17 16:41:20.312479+00:00
c4a7e4e1-b386-4730-81d5-e468fe8164b4,34.69,32.96,2025-11-17 16:41:20.312479+00:00
473339e8-54d9-432c-b96a-288a9af1ed93,34.69,32.96,2025-11-17 16:41:20.312479+00:00
c54a4409-df7e-41b0-a3e8-7b773cc1ee9b,34.69,32.96,2025-11-17 16:41:20.312479+00:00
cf7c5c53-05c3-4237-aeef-11e93cf15806,34.69,32.96,2025-11-17 16:41:20.312479+00:00
b0f76155-e379-4f42-b37b-80bc5b7abf12,34.69,32.96,2025-11-17 16:41:20.312479+00:00
76c81847-c5d5-4bf2-83f5-b660a24682ce,34.69,32.96,2025-11-17 16:41:20.312479+00:00
7ab1f9af-1f20-4663-b963-6f90313586fe,34.69,32.96,2025-11-17 16:41:20.312479+00:00
799b616c-850f-4531-9b11-e2a712b37586,34.69,32.96,2025-11-17 16:41:20.312479+00:00
f8b274ca-25e8-437f-aca2-5728be496183,34.69,32.96,2025-11-17 16:41:20.312479+00:00
60bbf4cd-65a8-4fd3-9763-b497eea75746,34.69,32.96,2025-11-17 16:41:20.312479+00:00
1928ad6b-0e4b-4117-9950-bde543beabda,34.69,32.96,2025-11-17 16:41:20.312479+00:00
6a490a07-b25c-41bf-9afa-76ff479e2bb0,34.69,32.96,2025-11-17 16:41:20.312479+00:00
8ff9eb70-c788-4da7-8380-e160065bf4ad,34.69,32.96,2025-11-17 16:41:20.312479+00:00
cfdeae4e-d4b7-4c9f-bdd7-16c88a08ce99,34.69,32.96,2025-11-17 16:41:20.312479+00:00
d0ae44fb-645e-4dae-a152-853c5306cbac,34.69,32.96,2025-11-17 16:41:20.312479+00:00
e8209cb1-e1aa-4fff-8da0-9f65a0357c68,34.69,32.96,2025-11-17 16:41:20.312479+00:00
3ca15393-ea23-4402-b2af-cceaa5067c05,34.69,32.96,2025-11-17 16:41:20.312479+00:00
c6c2995c-d314-430a-ba58-e80c5de55142,34.69,32.96,2025-11-17 16:41:20.312479+00:00
9e4edf46-d361-4bf3-b0f1-3e5c191b5b85,34.69,32.96,2025-11-17 16:41:20.312479+00:00
63664002-9c1b-40bd-88a6-d4fbb2201735,34.69,32.96,2025-11-17 16:41:20.312479+00:00
b7dbdd2e-7ca0-4c05-841a-b08f324f7731,34.69,32.96,2025-11-17 16:41:20.312479+00:00
90058bdd-4493-468b-bd99-a2ce9ded7f39,34.69,32.96,2025-11-17 16:41:20.312479+00:00
0d700f1e-e6e4-40f0-afa0-3e591c7c7754,34.69,32.96,2025-11-17 16:41:20.312479+00:00
85e24315-bf6b-4e90-b0f0-e81367d8f59e,34.69,32.96,2025-11-17 16:41:20.312479+00:00
5f2ac793-3c46-4a8a-913a-fc50db166b53,34.69,32.96,2025-11-17 16:41:20.312479+00:00
d48f78a9-2459-4dd7-9167-2f408807aaa5,34.69,32.96,2025-11-17 16:41:20.312479+00:00
03dba1c8-c5a2-4ade-99bb-d660429c1e43,34.69,32.96,2025-11-17 16:41:20.312479+00:00
e7227c70-3a5f-414c-9455-fa65134ec011,34.69,32.96,2025-11-17 16:41:20.312479+00:00
2d3a97a6-1962-47f6-8934-c4bcc494736f,34.69,32.96,2025-11-17 16:41:20.312479+00:00
ac1c7650-2cdc-48bf-aa12-2c2d1f9b34bb,34.69,32.96,2025-11-17 16:41:20.312479+00:00
95979c19-a35f-4b30-92bf-304625841a4c,34.69,32.96,2025-11-17 16:41:20.312479+00:00
8b2101db-e35f-4d7c-a861-b3e9ed24c955,34.69,32.96,2025-11-17 16:41:20.312479+00:00
7bfa2c16-3e81-4d95-96ed-f13bd79824b5,34.69,32.96,2025-11-17 16:41:20.312479+00:00
54f2af4d-ca8f-4e73-be2b-2d386c0ae5cf,34.69,32.96,2025-11-17 16:41:20.312479+00:00
93541adf-3d30-4fb8-a70c-32b18954c360,34.69,32.96,2025-11-17 16:41:20.312479+00:00
f8be7bd9-5b92-4b96-8d89-4e22229d4777,34.69,32.96,2025-11-17 16:41:20.312479+00:00
1fe90732-b70c-4764-9162-99cd6b356737,34.69,32.96,2025-11-17 16:41:20.312479+00:00
6ff778d9-437e-4bbd-899f-d6ed473d1ae4,34.69,32.96,2025-11-17 16:41:20.312479+00:00
af1e3c39-61f4-484a-83db-1bf11c76d9d7,34.69,32.96,2025-11-17 16:41:20.312479+00:00
a609e865-70e8-4246-95dc-d2f378107cbf,34.69,32.96,2025-11-17 16:41:20.312479+00:00
94c3677d-ee36-413f-8229-a312a19e7433,34.69,32.96,2025-11-17 16:41:20.312479+00:00
502ad0ab-225d-4267-a89c-9b84436fae22,34.69,32.96,2025-11-17 16:41:20.312479+00:00
4a667192-e81c-4c53-ab57-1eea83ba8428,34.69,32.96,2025-11-17 16:41:20.312479+00:00
8fd33741-878f-4867-966d-dead203dbe30,34.69,32.96,2025-11-17 16:41:20.312479+00:00
17ea8793-4295-4bb0-801f-bfa649229985,34.69,32.96,2025-11-17 16:41:20.312479+00:00
07009643-9b09-4a6d-8979-5130c7bbb2d2,34.69,32.96,2025-11-17 16:41:20.312479+00:00
65bdaacb-ded1-40f8-8770-e0c1d0f72252,34.69,32.96,2025-11-17 16:41:20.312479+00:00
7d6f8784-ea9f-4dc1-b487-1279071d916e,34.69,32.96,2025-11-17 16:41:20.312479+00:00
b39c924a-fa14-4fcc-a01d-04a1269ae7e7,34.69,32.96,2025-11-17 16:41:20.312479+00:00
c46230bf-b8ce-48e4-9458-150f4a3c2d70,34.69,32.96,2025-11-17 16:41:20.312479+00:00
839a101f-1d82-45a6-8405-213aba610bb6,34.69,32.96,2025-11-17 16:41:20.312479+00:00
356d56b3-a4d6-40f9-9a90-d369f2e46515,34.69,32.96,2025-11-17 16:41:20.312479+00:00
cd010297-03bb-4869-af19-5a8dbd5e2f1c,34.69,32.96,2025-11-17 16:41:20.312479+00:00
9cdae48f-5681-460b-8afb-29fa67125ddb,34.69,32.96,2025-11-17 16:41:20.312479+00:00
c9fa1560-952c-4c13-ade7-023e957eeb1e,34.69,32.96,2025-11-17 16:41:20.312479+00:00
313236b0-3309-4e1c-ae89-2c15f3171d38,34.69,32.96,2025-11-17 16:41:20.312479+00:00
1b95dfe4-cf67-4073-9d6f-e8c831b8e47f,34.69,32.96,2025-11-17 16:41:20.312479+00:00
1dfd8cec-eae9-4538-ab62-47e64d36ff3e,34.69,32.96,2025-11-17 16:41:20.312479+00:00
eed8aa2f-b5ad-40ff-b7c8-cc50216f36c2,34.69,32.96,2025-11-17 16:41:20.312479+00:00
95f4cc5d-40e0-4132-92fb-945655fac262,34.69,32.96,2025-11-17 16:41:20.312479+00:00
4c0d0fa2-cf1c-4091-8e44-4021a64648e9,34.69,32.96,2025-11-17 16:41:20.312479+00:00
3e3a9a73-381e-48ef-8413-fbf6009c284d,34.69,32.96,2025-11-17 16:41:20.312479+00:00
343e4f66-0fb4-41b4-88ba-b2022f063314,34.69,32.96,2025-11-17 16:41:20.312479+00:00
bab3e323-653a-4841-af07-d23ec62d53f3,34.69,32.96,2025-11-17 16:41:20.312479+00:00
f4ede08b-d9a7-4ad9-9d72-4df02b598d51,34.69,32.96,2025-11-17 16:41:20.312479+00:00
7b1148a9-2d62-46ea-be06-8a7595d36987,34.69,32.96,2025-11-17 16:41:20.312479+00:00
79967834-30d2-4590-b7ea-b172fd767173,34.69,32.96,2025-11-17 16:41:20.312479+00:00
04845593-0dfc-429c-bcdd-caea1def74a4,34.69,32.96,2025-11-17 16:41:20.312479+00:00
e05f8c9d-deb7-47e1-8d76-16066e589da6,34.69,32.96,2025-11-17 16:41:20.312479+00:00
eb832fc9-be53-4c8b-8db0-997f28c143cb,34.69,32.96,2025-11-17 16:41:20.312479+00:00
a8a2dcd0-af11-44a8-83f3-92b9cd031df6,34.69,32.96,2025-11-17 16:41:20.312479+00:00
9427b469-2db6-4229-94e1-f2c19f4d08c3,34.69,32.96,2025-11-17 16:41:20.312479+00:00
cb50d421-8bd8-4ab1-a59f-4662083cda0a,34.69,32.96,2025-11-17 16:41:20.312479+00:00
ec07f441-703e-4f45-b70d-1a8226b9664e,34.69,32.96,2025-11-17 16:41:20.312479+00:00
df7c9deb-555b-4a63-b717-5cfcaaee2546,34.69,32.96,2025-11-17 16:41:20.312479+00:00
9d86bacf-cf3c-4c7d-9fa6-4d97c00177b6,34.69,32.96,2025-11-17 16:41:20.312479+00:00
610f6797-abb4-4cd4-9196-28e9d80d8b18,34.69,32.96,2025-11-17 16:41:20.312479+00:00
6d4678cc-050b-4abf-b8c5-2d47a2a709b5,34.69,32.96,2025-11-17 16:41:20.312479+00:00
5382234e-f0e4-4679-a6ff-8b8b8e238bb7,34.69,32.96,2025-11-17 16:41:20.312479+00:00
fa044a79-6bd5-44b6-8f2a-4ee8905d4c95,34.69,32.96,2025-11-17 16:41:20.312479+00:00
a37c167f-b01a-44d4-8308-249463c508c5,34.69,32.96,2025-11-17 16:41:20.312479+00:00
ffb6b156-4842-4957-a0c6-e709704399c1,34.69,32.96,2025-11-17 16:41:20.312479+00:00
181d3948-071f-495e-b2ef-9f965313db3c,34.69,32.96,2025-11-17 16:41:20.312479+00:00
d9ecb54f-b316-4f00-8904-ec2bece465d2,34.69,32.96,2025-11-17 16:41:20.312479+00:00
6bf5732d-2982-48f5-9b26-85804aaefe20,34.69,32.96,2025-11-17 16:41:20.312479+00:00
ada7c383-1a35-4d8e-aa6b-875972d02e02,34.69,32.96,2025-11-17 16:41:20.312479+00:00
fe98c4c7-6607-4d85-870e-254d847e1705,34.69,32.96,2025-11-17 16:41:20.312479+00:00
97718bb0-613e-49d2-a2bc-b0c7f3e82dd9,34.69,32.96,2025-11-17 16:41:20.312479+00:00
fbde81ee-6a8a-455f-8df1-962783eac50e,34.69,32.96,2025-11-17 16:41:20.312479+00:00
86dfe3c9-87e1-4263-848e-841b8c3729bb,34.69,32.96,2025-11-17 16:41:20.312479+00:00
41c0e343-34bb-4cc4-8e62-5f8b035c7cac,34.69,32.96,2025-11-17 16:41:20.312479+00:00
2c92a056-82c9-4bd3-b699-81ab66be935b,34.69,32.96,2025-11-17 16:41:20.312479+00:00
35dea962-b0c5-40e6-8d73-d8ed3866e3f5,34.69,32.96,2025-11-17 16:41:20.312479+00:00
cb8c0aa0-9fb6-4cef-9326-f1a5288c4189,34.69,32.96,2025-11-17 16:41:20.312479+00:00
c65ec3ab-8a05-418e-979a-9f90377f5683,34.69,32.96,2025-11-17 16:41:20.312479+00:00
32176eee-c133-40f9-9fc2-2c2b0a030402,34.69,32.96,2025-11-17 16:41:20.312479+00:00
198614ee-d639-4ca9-92bb-c156efb7986d,34.69,32.96,2025-11-17 16:41:20.312479+00:00
beeeaa1c-b92f-414b-9ccc-b8a6e6bbc890,34.69,32.96,2025-11-17 16:41:20.312479+00:00
4ecc8b13-899a-40d3-9774-8301f3a86b02,34.69,32.96,2025-11-17 16:41:20.312479+00:00
e8be9006-734a-4f5a-9f9a-075e73406b50,34.69,32.96,2025-11-17 16:41:20.312479+00:00
73961c99-2a8b-4df9-822e-f4a3bae15434,34.69,32.96,2025-11-17 16:41:20.312479+00:00
0ae50c24-1e36-4e06-a34f-dbd0e1e1c5bd,34.69,32.96,2025-11-17 16:41:20.312479+00:00
fb3678ae-66ee-488d-a4ee-6d870b115438,34.69,32.96,2025-11-17 16:41:20.312479+00:00
d05ea4ff-0943-40c0-9659-0e58894bfe80,34.69,32.96,2025-11-17 16:41:20.312479+00:00
cdd5fc43-d03c-4f5a-b530-e599b69ad169,34.69,32.96,2025-11-17 16:41:20.312479+00:00
bd63be0d-c4ad-446d-9dde-723dc94c579d,34.69,32.96,2025-11-17 16:41:20.312479+00:00
374a9e05-0f2f-4237-b601-4c601faafcfa,34.69,32.96,2025-11-17 16:41:20.312479+00:00
af419b18-0e58-49b8-a8fb-501ade86cb44,34.69,32.96,2025-11-17 16:41:20.312479+00:00
0a862a90-a74d-47d4-b90f-7ea2fb6afb06,34.69,32.96,2025-11-17 16:41:20.312479+00:00
f6ec9ab6-262c-4c77-a2bd-998e8da8e506,34.69,32.96,2025-11-17 16:41:20.312479+00:00
6150047e-97ae-475c-8bd0-05027b9c7987,34.69,32.96,2025-11-17 16:41:20.312479+00:00
757b95f0-35b5-48a7-ab70-3bc086fb6cf5,34.69,32.96,2025-11-17 16:41:20.312479+00:00
8fa14d6f-3800-4213-a474-10f4e9cc63af,34.69,32.96,2025-11-17 16:41:20.312479+00:00
58bdf87c-fb8d-4953-964b-c39df6655645,34.69,32.96,2025-11-17 16:41:20.312479+00:00
0d8256c1-7c00-4649-a2a4-486c1a46224c,34.69,32.96,2025-11-17 16:41:20.312479+00:00
4ba9a435-ed38-4866-b881-4d79b246bb5c,34.69,32.96,2025-11-17 16:41:20.312479+00:00
e1c51d2b-9ff7-46a5-9b35-ee34f273ae25,34.69,32.96,2025-11-17 16:41:20.312479+00:00
d5f3c37d-e805-426d-a90b-377ef9fde386,34.69,32.96,2025-11-17 16:41:20.312479+00:00
846ada1e-8cc1-423b-ba9b-d22f1e8b29f8,34.69,32.96,2025-11-17 16:41:20.312479+00:00
f898c2a5-2094-4bf5-9a40-7087e5c2ca84,34.69,32.96,2025-11-17 16:41:20.312479+00:00
3bd7e67c-f361-4961-866a-ba0d2221fca2,34.69,32.96,2025-11-17 16:41:20.312479+00:00
470f1790-ca47-43ce-8fd1-b44d2102ced3,34.69,32.96,2025-11-17 16:41:20.312479+00:00
e51612eb-65c0-45f9-ab33-5110ad4f3b84,34.69,32.96,2025-11-17 16:41:20.312479+00:00
421f6be5-3bdf-4297-b3d7-7ea785f29648,34.69,32.96,2025-11-17 16:41:20.312479+00:00
e2740171-15a8-48c0-af05-78cf16ad988a,34.69,32.96,2025-11-17 16:41:20.312479+00:00
a6f4f197-9ba8-4044-83fb-3de8c1350802,34.69,32.96,2025-11-17 16:41:20.312479+00:00
8fbf7191-189c-48e8-b1ee-15730db5259f,34.69,32.96,2025-11-17 16:41:20.312479+00:00
c1a77191-c16f-4faa-9d5b-afca7d923f55,34.69,32.96,2025-11-17 16:41:20.312479+00:00
65d24c1a-4d1d-485b-a6ed-94e75595b7e3,34.69,32.96,2025-11-17 16:41:20.312479+00:00
034f747f-b2a7-4818-9cc0-0493680ce093,34.69,32.96,2025-11-17 16:41:20.312479+00:00
95da94a2-2f1a-4c92-8b4b-b31aef88ac92,34.69,32.96,2025-11-17 16:41:20.312479+00:00
da5cf8a2-eb97-4737-aa96-09d4259461ac,34.69,32.96,2025-11-17 16:41:20.312479+00:00
d2009149-f217-42ef-8eeb-2d2f25af0297,34.69,32.96,2025-11-17 16:41:20.312479+00:00
b82a3d72-9692-4b7e-921a-7def26e81adb,34.69,32.96,2025-11-17 16:41:20.312479+00:00
138a7e2e-52e9-422a-b7c2-1be560b45349,34.69,32.96,2025-11-17 16:41:20.312479+00:00
2777d8e0-d811-4799-a7f6-b68ab63913d2,34.69,32.96,2025-11-17 16:41:20.312479+00:00
2084536d-af7a-4d6d-8d67-48dba8167ed5,34.69,32.96,2025-11-17 16:41:20.312479+00:00
825963e4-f3d5-42d3-b56e-6f7d73aaa52f,34.69,32.96,2025-11-17 16:41:20.312479+00:00
654f6b2c-213f-4318-8c39-a04447ce19d9,34.69,32.96,2025-11-17 16:41:20.312479+00:00
025af1f1-6e88-43d6-93ca-f0993844af4d,34.69,32.96,2025-11-17 16:41:20.312479+00:00
d359878a-0f0f-438c-8b40-61c00799d310,34.69,32.96,2025-11-17 16:41:20.312479+00:00
0aecb16b-1748-4bed-bfe0-7a78f81ec242,34.69,32.96,2025-11-17 16:41:20.312479+00:00
9996fb5a-589d-48c8-8a5a-4476c9e742f6,34.69,32.96,2025-11-17 16:41:20.312479+00:00
95ba783d-6b07-486c-be0d-fbe3b275f8df,34.69,32.96,2025-11-17 16:41:20.312479+00:00
2f327708-65b6-4b7e-a8e7-810c4a115b28,34.69,32.96,2025-11-17 16:41:20.312479+00:00
1f203a1e-3d64-4abd-881a-3d9b04ccb946,34.69,32.96,2025-11-17 16:41:20.312479+00:00
8dd1f0fc-9d94-4590-a96f-af75f6490ddb,34.69,32.96,2025-11-17 16:41:20.312479+00:00
d0f4e0f4-b3ec-4075-bf8c-fbdc3e855ebd,34.69,32.96,2025-11-17 16:41:20.312479+00:00
a6d2b14b-6f63-47a0-8679-f2f16ef6acfe,34.69,32.96,2025-11-17 16:41:20.312479+00:00
6f5f16dc-5836-4199-8284-75b39518a7cf,34.69,32.96,2025-11-17 16:41:20.312479+00:00
90f6fac1-b2bb-4719-a380-11fb5d15b814,34.69,32.96,2025-11-17 16:41:20.312479+00:00
389896a9-3f9b-4173-880f-a6f818d4d663,34.69,32.96,2025-11-17 16:41:20.312479+00:00
70566d3f-a010-4bc2-944f-cb1e6d4a05c8,34.69,32.96,2025-11-17 16:41:20.312479+00:00
9229aafc-c39b-40c1-9cc4-82331bb2e5c2,34.69,32.96,2025-11-17 16:41:20.312479+00:00
eea35a8b-b478-4d2c-a2d3-dd1f30d3577c,34.69,32.96,2025-11-17 16:41:20.312479+00:00
088a6cba-fa7c-4940-81c0-8ca470522537,34.69,32.96,2025-11-17 16:41:20.312479+00:00
62ab404a-c625-49e9-bd8a-0e647eb88bd1,34.69,32.96,2025-11-17 16:41:20.312479+00:00
d8c2ff0e-cbee-41b3-ac84-684a9e32bcbf,34.69,32.96,2025-11-17 16:41:20.312479+00:00
d59a1b8f-b133-4bd2-a6b8-53172af17fa1,34.69,32.96,2025-11-17 16:41:20.312479+00:00
614f4484-2fd2-431c-b231-44e99bdb5f95,34.69,32.96,2025-11-17 16:41:20.312479+00:00
a4aa8c65-70df-46f0-acb8-c7828e68c995,34.69,32.96,2025-11-17 16:41:20.312479+00:00
1f687e1a-baf1-4126-937f-e012d3782566,34.69,32.96,2025-11-17 16:41:20.312479+00:00
80e0a47c-c87a-43f5-8324-30384edcd504,34.69,32.96,2025-11-17 16:41:20.312479+00:00
4741467b-916c-42e4-b51f-8d7a84cb3d3c,34.69,32.96,2025-11-17 16:41:20.312479+00:00
d3f8395b-733b-4949-b19c-403cf3bf75f3,34.69,32.96,2025-11-17 16:41:20.312479+00:00
a51cdba9-a5d0-4467-8265-1e3655ca1340,34.69,32.96,2025-11-17 16:41:20.312479+00:00
7797c4a8-a545-44b4-8321-357cfd27a77c,34.69,32.96,2025-11-17 16:41:20.312479+00:00
ff180093-7410-4e9e-a9d0-d16704d53d71,34.69,32.96,2025-11-17 16:41:20.312479+00:00
4360ae36-4d5c-48fc-8e67-b8497c782720,34.69,32.96,2025-11-17 16:41:20.312479+00:00
83ef3ceb-3739-4a43-a030-4f033dd8a480,34.69,32.96,2025-11-17 16:41:20.312479+00:00
4465b63c-850a-46a7-9b77-6fe339a97baf,34.69,32.96,2025-11-17 16:41:20.312479+00:00
1683be26-7141-4cf7-b7db-e2f8aff2d803,34.69,32.96,2025-11-17 16:41:20.312479+00:00
b10c75d5-1873-4f39-86d5-bc17bf9feb1f,34.69,32.96,2025-11-17 16:41:20.312479+00:00
b6399573-3656-4d29-a8d9-03e4177527f5,34.69,32.96,2025-11-17 16:41:20.312479+00:00
5945380a-7a23-45b9-afde-1369744c61e1,34.69,32.96,2025-11-17 16:41:20.312479+00:00
3db4353a-e6e7-4e81-8c77-8c0ca377fc02,34.69,32.96,2025-11-17 16:41:20.312479+00:00
895759cd-836e-4fb8-a830-bc9b366d5a16,34.69,32.96,2025-11-17 16:41:20.312479+00:00
8b6c5b33-68db-41c4-a736-f3295289c426,34.69,32.96,2025-11-17 16:41:20.312479+00:00
86264816-2e9b-468e-a0ed-01cfb30976ba,34.69,32.96,2025-11-17 16:41:20.312479+00:00
34194784-cde9-4325-9da2-c908e7933d56,34.69,32.96,2025-11-17 16:41:20.312479+00:00
4f20e8ec-db5f-41f4-819a-84aba15260aa,34.69,32.96,2025-11-17 16:41:20.312479+00:00
486f4dc1-7c57-421f-82da-d149075f16dc,34.69,32.96,2025-11-17 16:41:20.312479+00:00
46d69c58-b706-4fd9-a12e-78d60a2ba3ca,34.69,32.96,2025-11-17 16:41:20.312479+00:00
dfaf2e32-d260-4aaa-b6d3-0bfdca53fc67,34.69,32.96,2025-11-17 16:41:20.312479+00:00
f86fd673-86ba-4104-a811-9a257338d5b4,34.69,32.96,2025-11-17 16:41:20.312479+00:00
09aa989a-7df0-48c6-b286-cf59148acaa9,34.69,32.96,2025-11-17 16:41:20.312479+00:00
acec94f1-df5f-4565-b7c3-670ed227df0b,34.69,32.96,2025-11-17 16:41:20.312479+00:00
f32470d1-12be-4e0c-afa7-d559b6e5ebf6,34.69,32.96,2025-11-17 16:41:20.312479+00:00
aeebbfff-eee1-41db-a28b-e8a7d3b31f4b,34.69,32.96,2025-11-17 16:41:20.312479+00:00
5489a002-146c-46d0-9d87-b3a2860a9e04,34.69,32.96,2025-11-17 16:41:20.312479+00:00
63cd6c0f-72df-4a2e-903e-9a116a51956d,34.69,32.96,2025-11-17 16:41:20.312479+00:00
3b64480e-d9aa-42d1-8fe3-dd88bb02f4c6,34.69,32.96,2025-11-17 16:41:20.312479+00:00
88b8b3e6-5af4-4c52-ad7c-613104e5f9ad,34.69,32.96,2025-11-17 16:41:20.312479+00:00
8460dc73-a268-46c3-bfbd-bfa9f216fafa,34.69,32.96,2025-11-17 16:41:20.312479+00:00
3b664128-f22d-48bd-8194-7455b2666958,34.69,32.96,2025-11-17 16:41:20.312479+00:00
6957497b-1207-47b1-bf31-0d5ffb678703,34.69,32.96,2025-11-17 16:41:20.312479+00:00
541816af-fa78-46e4-a2ca-3a58e690c0b1,34.69,32.96,2025-11-17 16:41:20.312479+00:00
b73fec73-9e78-4a2f-89d4-a048980a3e00,34.69,32.96,2025-11-17 16:41:20.312479+00:00
abcb91cc-592d-45c5-b28d-d9c547f896b3,34.69,32.96,2025-11-17 16:41:20.312479+00:00
b8fc5477-9475-4883-b767-f2000f676fd7,34.69,32.96,2025-11-17 16:41:20.312479+00:00
640d4649-9982-4bf2-9a81-0deaf5a7e413,34.69,32.96,2025-11-17 16:41:20.312479+00:00
0380914c-1052-4382-9ebc-59b318c9a65e,34.69,32.96,2025-11-17 16:41:20.312479+00:00
4e054e75-05b9-41c0-8258-6a105a2559e5,34.69,32.96,2025-11-17 16:41:20.312479+00:00
fd8e39b4-eee5-4218-b3b9-a89c12875c79,34.69,32.96,2025-11-17 16:41:20.312479+00:00
1b4e248a-51bd-47d9-8205-4bb0ab756378,34.69,32.96,2025-11-17 16:41:20.312479+00:00
071493d2-08bf-4b14-a55f-1ae4460800ef,34.69,32.96,2025-11-17 16:41:20.312479+00:00
737e193f-972a-4b22-a821-0f8f84bb32e0,34.69,32.96,2025-11-17 16:41:20.312479+00:00
fea16f3a-c95e-4214-934a-1d8037ca07da,34.69,32.96,2025-11-17 16:41:20.312479+00:00
22bcb021-39d5-44d8-86dc-fc83aba645a8,34.69,32.96,2025-11-17 16:41:20.312479+00:00
682561a0-b984-4415-8283-720509df4511,34.69,32.96,2025-11-17 16:41:20.312479+00:00
019a5f29-34e4-45ed-9131-b05394e43519,34.69,32.96,2025-11-17 16:41:20.312479+00:00
732c0a6b-bd74-4c5e-b300-f3a3549325da,34.69,32.96,2025-11-17 16:41:20.312479+00:00
10ef58c6-8738-4d72-a0e4-910a00aebf3c,34.69,32.96,2025-11-17 16:41:20.312479+00:00
9e04cb38-80b6-44f0-94f7-8795cce24149,34.69,32.96,2025-11-17 16:41:20.312479+00:00
a486f221-0ef9-4a01-92aa-486465cb775c,34.69,32.96,2025-11-17 16:41:20.312479+00:00
e10c0943-f89b-48b8-9b12-588c5649a5d6,34.69,32.96,2025-11-17 16:41:20.312479+00:00
6d75685b-d788-4e7d-af76-5485973313e6,34.69,32.96,2025-11-17 16:41:20.312479+00:00
b302f6fc-670a-4329-bf2a-25f7fc89c4f1,34.69,32.96,2025-11-17 16:41:20.312479+00:00
32c4f199-8376-49b4-9189-1514e0961840,34.69,32.96,2025-11-17 16:41:20.312479+00:00
6869c0ae-ccdd-4525-9567-dc7ba80fce19,34.69,32.96,2025-11-17 16:41:20.312479+00:00
7d168361-cf08-40c9-a6f9-6b85b853e45e,34.69,32.96,2025-11-17 16:41:20.312479+00:00
c8f8da35-91b4-4713-b70b-04471c9ac58e,34.69,32.96,2025-11-17 16:41:20.312479+00:00
5e286e88-19ea-4ee3-84c1-28e04d07f659,34.69,32.96,2025-11-17 16:41:20.312479+00:00
561189db-dce3-4dba-9911-fb274ef85cf6,34.69,32.96,2025-11-17 16:41:20.312479+00:00
297e31de-7bd8-443e-91ec-8f3793197a48,34.69,32.96,2025-11-17 16:41:20.312479+00:00
2c7a4f41-74bf-4959-b711-ced748f3e073,34.69,32.96,2025-11-17 16:41:20.312479+00:00
bf87db12-e6f0-4601-b1b6-9099792b96b1,34.69,32.96,2025-11-17 16:41:20.312479+00:00
75efb9a9-457b-404c-a3a7-3c86addcd9cd,34.69,32.96,2025-11-17 16:41:20.312479+00:00
ea4d209d-d389-4c5c-904f-2b2b3fa5950f,34.69,32.96,2025-11-17 16:41:20.312479+00:00
485a0d71-f82b-4715-85fb-da98a613140b,34.69,32.96,2025-11-17 16:41:20.312479+00:00
96710f2a-7277-47d2-9351-19c6b02d0818,34.69,32.96,2025-11-17 16:41:20.312479+00:00
56ce58bf-d34a-417d-939b-df7e29331df1,34.69,32.96,2025-11-17 16:41:20.312479+00:00
77d50195-bb6b-4d60-a428-7c787e11d1bc,34.69,32.96,2025-11-17 16:41:20.312479+00:00
c204754f-c1ac-4a8a-8b75-b2d57f3a9952,34.69,32.96,2025-11-17 16:41:20.312479+00:00
a5bbb469-69bb-4ca6-b758-26987352a46f,34.69,32.96,2025-11-17 16:41:20.312479+00:00
0c48e14f-dd42-4fb6-8444-82666811cfc9,34.69,32.96,2025-11-17 16:41:20.312479+00:00
54e45b17-226d-4657-a886-5ab28e4d14fc,34.69,32.96,2025-11-17 16:41:20.312479+00:00
58e6d0f0-1547-4813-a4da-e0fad721e2d9,34.69,32.96,2025-11-17 16:41:20.312479+00:00
a9af69e9-c263-4876-98ff-0dfac014fe63,34.69,32.96,2025-11-17 16:41:20.312479+00:00
aa8c9423-2bb9-472e-9192-7c27fa8efb2b,34.69,32.96,2025-11-17 16:41:20.312479+00:00
2d9d8f18-4b5d-4c21-9838-d680a4b5ff12,34.69,32.96,2025-11-17 16:41:20.312479+00:00
83642088-0a8d-4e7d-8b61-c3c3c6de8205,34.69,32.96,2025-11-17 16:41:20.312479+00:00
7fdad622-1029-409c-af11-f1468fa03d78,34.69,32.96,2025-11-17 16:41:20.312479+00:00
d0300c9e-74be-479c-ab87-2a544780693f,34.69,32.96,2025-11-17 16:41:20.312479+00:00
e791c979-fc98-46c3-964a-d6f779ccfb9f,34.69,32.96,2025-11-17 16:41:20.312479+00:00
34b024e3-d4fd-41cf-b504-bc8682a9ed08,34.69,32.96,2025-11-17 16:41:20.312479+00:00
f7ebae14-2eed-49ee-998e-bbdf3fb2f8c5,34.69,32.96,2025-11-17 16:41:20.312479+00:00
673c9033-b267-4ef2-8405-2f999090e982,34.69,32.96,2025-11-17 16:41:20.312479+00:00
98c652e3-5040-4c89-b134-b821b469754b,34.69,32.96,2025-11-17 16:41:20.312479+00:00
75a626cf-27f8-463f-80c2-2d3f6bdd4e7f,34.69,32.96,2025-11-17 16:41:20.312479+00:00
3ea6f866-b1bc-4395-9542-edfda32849d5,34.69,32.96,2025-11-17 16:41:20.312479+00:00
5357494e-6d05-49dc-ba14-78c0e06f5e31,34.69,32.96,2025-11-17 16:41:20.312479+00:00
8f5b8a90-2b07-4d38-8925-6288697cfb48,34.69,32.96,2025-11-17 16:41:20.312479+00:00
3c146e6b-e7bb-496f-a091-b5c4d2e175cf,34.69,32.96,2025-11-17 16:41:20.312479+00:00
f44b7906-1b0a-487b-9f54-7df85ac6622b,34.69,32.96,2025-11-17 16:41:20.312479+00:00
d7a7ceeb-9f56-4601-a804-84f3c66bac8f,34.69,32.96,2025-11-17 16:41:20.312479+00:00
0938bafa-fc7b-420e-9198-ec02afacb75b,34.69,32.96,2025-11-17 16:41:20.312479+00:00
896fb78f-7120-4cbb-ae31-dbc61149d812,34.69,32.96,2025-11-17 16:41:20.312479+00:00
ccafb6ac-03e0-4285-919b-5e7ce355040a,34.69,32.96,2025-11-17 16:41:20.312479+00:00
4be53583-d788-4776-a279-76b3566f2d62,34.69,32.96,2025-11-17 16:41:20.312479+00:00
011566f7-4821-44f0-9225-b2443bc336ad,34.69,32.96,2025-11-17 16:41:20.312479+00:00
dbc26d98-7279-466b-a8bc-9a06b4e17dda,34.69,32.96,2025-11-17 16:41:20.312479+00:00
40103958-dd94-4d73-842f-9f2c236124f6,34.69,32.96,2025-11-17 16:41:20.312479+00:00
30037f79-29e9-41c3-b228-655c88266186,34.69,32.96,2025-11-17 16:41:20.312479+00:00
509e1ec4-5897-44c5-9537-da83f0a7edd8,34.69,32.96,2025-11-17 16:41:20.312479+00:00
64f868e8-65a6-4c94-a970-95d23138a2c5,34.69,32.96,2025-11-17 16:41:20.312479+00:00
eb066caa-0f44-4aec-a246-2899257827c6,34.69,32.96,2025-11-17 16:41:20.312479+00:00
fcec0d83-291c-42dc-bdc6-0ef4ec0f01aa,34.69,32.96,2025-11-17 16:41:20.312479+00:00
20c2308d-0aee-4788-907c-73e2643b61e7,34.69,32.96,2025-11-17 16:41:20.312479+00:00
5de95854-1545-4617-b3e0-23c934f6085a,34.69,32.96,2025-11-17 16:41:20.312479+00:00
b2652e49-a5f3-45ab-b227-b4431780d854,34.69,32.96,2025-11-17 16:41:20.312479+00:00
87507549-42b1-4f6a-8d5a-ac1d049abef6,34.69,32.96,2025-11-17 16:41:20.312479+00:00
9c84616d-77db-43e7-a6e6-928057b013c5,34.69,32.96,2025-11-17 16:41:20.312479+00:00
4bc28c56-3276-400a-9a2f-ef282f214f89,34.69,32.96,2025-11-17 16:41:20.312479+00:00
2286bf68-c5a0-4d84-8611-07f04ef3748f,34.69,32.96,2025-11-17 16:41:20.312479+00:00
c1bfd2bd-8232-4f43-8926-529b6d628fa5,34.69,32.96,2025-11-17 16:41:20.312479+00:00
d7c6bc8d-f517-4736-9faa-1e4b2da7692d,34.69,32.96,2025-11-17 16:41:20.312479+00:00
e8eef04c-022f-49a1-9f13-29bccb27b4bc,34.69,32.96,2025-11-17 16:41:20.312479+00:00
e981fc64-7364-47e9-95e1-b18170682e49,34.69,32.96,2025-11-17 16:41:20.312479+00:00
35ff6fd6-06ba-4eb3-be7c-6133f68fa2b4,34.69,32.96,2025-11-17 16:41:20.312479+00:00
d657159e-b260-4b9a-9218-ecb9a2a81359,34.69,32.96,2025-11-17 16:41:20.312479+00:00
622910bf-4a9f-4a8c-957b-6974c514a9b4,34.69,32.96,2025-11-17 16:41:20.312479+00:00
50430357-e889-4bd9-b858-4b9a036711b4,34.69,32.96,2025-11-17 16:41:20.312479+00:00
8e4c5fb8-0f39-4d4c-9739-89788b12c858,34.69,32.96,2025-11-17 16:41:20.312479+00:00
16997542-1276-49b8-9ab1-f2202a7c2329,34.69,32.96,2025-11-17 16:41:20.312479+00:00
71dbedfb-863d-4fd8-8355-1d41ce8e5220,34.69,32.96,2025-11-17 16:41:20.312479+00:00
5a5bfc77-f91f-4052-a55f-adbd83b66586,34.69,32.96,2025-11-17 16:41:20.312479+00:00
564e30a0-7ad1-4baa-bb5f-cb8f68aea19b,34.69,32.96,2025-11-17 16:41:20.312479+00:00
ca68c417-0690-48a3-8532-504275cda6d8,34.69,32.96,2025-11-17 16:41:20.312479+00:00
03ce2727-68bb-47f0-a6ac-8fa55aa05819,34.69,32.96,2025-11-17 16:41:20.312479+00:00
94ff92e9-a434-43ff-a63b-949bcf612249,34.69,32.96,2025-11-17 16:41:20.312479+00:00
7171c129-502a-4b5a-bed4-1da5c940ba59,34.69,32.96,2025-11-17 16:41:20.312479+00:00
b1df00cf-1aee-4442-92f9-01c914387f7f,34.69,32.96,2025-11-17 16:41:20.312479+00:00
d0d5a1b6-b502-4ea4-8d55-60340e08e7bd,34.69,32.96,2025-11-17 16:41:20.312479+00:00
6cd72a34-5a03-4689-af99-4a578ee4941e,34.69,32.96,2025-11-17 16:41:20.312479+00:00
37a780a5-74f3-4419-95de-c530e05d8839,34.69,32.96,2025-11-17 16:41:20.312479+00:00
8cc69e5e-86d9-4d98-8620-c6a0d6dd4dff,34.69,32.96,2025-11-17 16:41:20.312479+00:00
00d14ee6-f482-41a2-8e0e-29381a59d1bc,34.69,32.96,2025-11-17 16:41:20.312479+00:00
768fdc43-1feb-465b-a9a6-ee04d0bad473,34.69,32.96,2025-11-17 16:41:20.312479+00:00
b8ec477a-5a71-45b2-b177-7f90828215bf,34.69,32.96,2025-11-17 16:41:20.312479+00:00
33f42df6-e6df-4163-90fa-ca45f8c7f66d,34.69,32.96,2025-11-17 16:41:20.312479+00:00
deb5250f-9bd4-4140-8326-2977b7a591fd,34.69,32.96,2025-11-17 16:41:20.312479+00:00
27926614-8403-4371-8683-538007564c57,34.69,32.96,2025-11-17 16:41:20.312479+00:00
26a0a102-9843-4bf7-8cd1-d17e4ff3bffe,34.69,32.96,2025-11-17 16:41:20.312479+00:00
f2f6fe9c-75f3-48cd-9524-5b5e3b836d83,34.69,32.96,2025-11-17 16:41:20.312479+00:00
147fdb46-4c74-4a0f-aaaa-83b4bee56283,34.69,32.96,2025-11-17 16:41:20.312479+00:00
a4c0b049-0ba3-4094-9bc9-60b09f2b8eab,34.69,32.96,2025-11-17 16:41:20.312479+00:00
9cbe2700-f2a9-47ea-b44c-c1513e0647af,34.69,32.96,2025-11-17 16:41:20.312479+00:00
89db29a9-84cf-4090-9ce1-3037710f42c3,34.69,32.96,2025-11-17 16:41:20.312479+00:00
f7b67ee4-0f34-4de1-adc7-a19b85953876,34.69,32.96,2025-11-17 16:41:20.312479+00:00
df041f65-7ddd-4244-9b99-57c961c90446,34.69,32.96,2025-11-17 16:41:20.312479+00:00
9f543b14-424d-4077-b934-c08f05a2ef0a,34.69,32.96,2025-11-17 16:41:20.312479+00:00
c585ebec-4a0f-4e38-8037-5d7ce7e0eb09,34.69,32.96,2025-11-17 16:41:20.312479+00:00
3093e9c0-fa0e-4b5a-9b0f-31413af489f4,34.69,32.96,2025-11-17 16:41:20.312479+00:00
dd9fdc02-8e83-46fc-8869-c3206a5615b6,34.69,32.96,2025-11-17 16:41:20.312479+00:00
d104baa5-40c8-4f85-b968-376fc8d61e5b,34.69,32.96,2025-11-17 16:41:20.312479+00:00
6f7d4834-839d-4341-bb33-b6d1272b96bd,34.69,32.96,2025-11-17 16:41:20.312479+00:00
fcfd1d8d-5846-4923-a50c-6a997c3b3ce7,34.69,32.96,2025-11-17 16:41:20.312479+00:00
1f305709-8eda-4936-8374-b7834b711563,34.69,32.96,2025-11-17 16:41:20.312479+00:00
bf053279-c33d-4a83-87e0-79c198350d2f,34.69,32.96,2025-11-17 16:41:20.312479+00:00
8154b6e2-3cb8-41c8-9229-6482219e2179,34.69,32.96,2025-11-17 16:41:20.312479+00:00
2b294f44-1e63-476b-8ab7-6f7759d3cd63,34.69,32.96,2025-11-17 16:41:20.312479+00:00
8a988597-3180-456c-b7e3-f0ce6193d3c4,34.69,32.96,2025-11-17 16:41:20.312479+00:00
cd1aa9ad-b932-415d-b7fe-20be9f705de0,34.69,32.96,2025-11-17 16:41:20.312479+00:00
3e2a9a69-4664-4e56-bece-4029d7c2392e,34.69,32.96,2025-11-17 16:41:20.312479+00:00
ece8b1e2-7a38-430c-a537-749f1a6aedf0,34.69,32.96,2025-11-17 16:41:20.312479+00:00
aa65128f-d4fc-40e8-9c32-0c8d2ea7ecfa,34.69,32.96,2025-11-17 16:41:20.312479+00:00
c65754bc-9f22-414f-b89f-be471a19cc30,34.69,32.96,2025-11-17 16:41:20.312479+00:00
d496f605-578d-4b81-8f37-075b67e546f9,34.69,32.96,2025-11-17 16:41:20.312479+00:00
686d57db-2473-48cf-a147-6b690d437009,34.69,32.96,2025-11-17 16:41:20.312479+00:00
ccfe6bc7-79a2-4116-94fb-1dd854665d9d,34.69,32.96,2025-11-17 16:41:20.312479+00:00
afdb484c-c6ec-4eb1-ac5a-7e8366cd697c,34.69,32.96,2025-11-17 16:41:20.312479+00:00
9bbc8bef-3e50-48b2-a881-f1ca2c94c0c5,34.69,32.96,2025-11-17 16:41:20.312479+00:00
c0ca0168-37e4-4e7b-89c0-32fae9f9c4d8,34.69,32.96,2025-11-17 16:41:20.312479+00:00
9f015194-4583-45cd-8cc9-e39b80498478,34.69,32.96,2025-11-17 16:41:20.312479+00:00
05fa566d-7631-4456-9a26-868d3414aa0e,34.69,32.96,2025-11-17 16:41:20.312479+00:00
788ca6d9-d199-4c17-9eae-824505dae70c,34.69,32.96,2025-11-17 16:41:20.312479+00:00
f87e19b1-48b4-4c49-9d41-dd3a3bf01401,34.69,32.96,2025-11-17 16:41:20.312479+00:00
218f3bce-fe02-458e-9c88-669cce5dda6b,34.69,32.96,2025-11-17 16:41:20.312479+00:00
2bf950f9-d4af-478d-ab00-9358f3cb829e,34.69,32.96,2025-11-17 16:41:20.312479+00:00
2c766ad5-f496-4a45-8a84-4b1984a88919,34.69,32.96,2025-11-17 16:41:20.312479+00:00
e430cba1-d273-4db2-9e2f-dde5ba9519d6,34.69,32.96,2025-11-17 16:41:20.312479+00:00
495c2ade-726a-464c-a79a-67dd9c17ba5a,34.69,32.96,2025-11-17 16:41:20.312479+00:00
6f80f659-bff6-4026-8632-4720460dfc08,34.69,32.96,2025-11-17 16:41:20.312479+00:00
6de6648d-b07b-44c3-9f0d-cf2037214077,34.69,32.96,2025-11-17 16:41:20.312479+00:00
294b7c71-3536-404e-a639-7e332ea55b25,34.69,32.96,2025-11-17 16:41:20.312479+00:00
f6ebc3d3-1017-4be7-b4a4-186ae4214be3,34.69,32.96,2025-11-17 16:41:20.312479+00:00
521cff27-2651-430b-91af-f8495d637b3f,34.69,32.96,2025-11-17 16:41:20.312479+00:00
90f0d6e9-bc76-41be-8905-7abbd836b2e5,34.69,32.96,2025-11-17 16:41:20.312479+00:00
ff404f00-5bc0-4088-99fa-b7139a596690,34.69,32.96,2025-11-17 16:41:20.312479+00:00
c058e863-ba22-4438-bbd7-a3768be0d14c,34.69,32.96,2025-11-17 16:41:20.312479+00:00
60277692-f0e5-4ae2-9a6b-ac99d7981d94,34.69,32.96,2025-11-17 16:41:20.312479+00:00
888a971f-0b6e-45f2-bb34-e1329e6cdf87,34.69,32.96,2025-11-17 16:41:20.312479+00:00
26eb182d-c197-4d7e-b033-8761ad66fce4,34.69,32.96,2025-11-17 16:41:20.312479+00:00
8fea1eac-0d34-46ed-b02f-aa3c344026ca,34.69,32.96,2025-11-17 16:41:20.312479+00:00
bff1c1a1-f929-40fd-8412-8cc7c02904f1,34.69,32.96,2025-11-17 16:41:20.312479+00:00
b566d604-f2d9-46cf-a9f2-84bcfdb0d0f2,34.69,32.96,2025-11-17 16:41:20.312479+00:00
da4a616c-c00b-42ef-98bf-e45603abb7dc,34.69,32.96,2025-11-17 16:41:20.312479+00:00
85a08af3-982e-4171-a8e4-27a90201f63b,34.69,32.96,2025-11-17 16:41:20.312479+00:00
5fb2c13b-75b4-4b8d-9963-0e9f9140d0bf,34.69,32.96,2025-11-17 16:41:20.312479+00:00
f8f3cb3c-5dae-4d80-ba5b-39ac0b33aa41,34.69,32.96,2025-11-17 16:41:20.312479+00:00
7d92b269-1adb-44bc-a929-086d94bfa208,34.69,32.96,2025-11-17 16:41:20.312479+00:00
56c68eff-0554-4a97-9b26-edb275dc964e,34.69,32.96,2025-11-17 16:41:20.312479+00:00
dbfd5bf8-db5f-485d-bdea-f49f933d8fe0,34.69,32.96,2025-11-17 16:41:20.312479+00:00
445176fc-799a-4814-80de-a8aeb2340679,34.69,32.96,2025-11-17 16:41:20.312479+00:00
d8f5d1eb-e509-440a-8702-a1da91aacc3e,34.69,32.96,2025-11-17 16:41:20.312479+00:00
ef0a659b-9ffc-46d4-9942-9513f85b3b7e,34.69,32.96,2025-11-17 16:41:20.312479+00:00
cead21d3-2608-4b2c-8f9d-9b249aa7cf8c,34.69,32.96,2025-11-17 16:41:20.312479+00:00
41a64a63-22c4-4a27-aeb7-fd4bef8ce36f,34.69,32.96,2025-11-17 16:41:20.312479+00:00
dcafbc3a-06c3-4a74-87ad-e7b02b4466fa,34.69,32.96,2025-11-17 16:41:20.312479+00:00
347f4232-21bc-4320-b40b-a3bf4cb69421,34.69,32.96,2025-11-17 16:41:20.312479+00:00
029e31f0-4ab4-4d67-bf21-77b171224dac,34.69,32.96,2025-11-17 16:41:20.312479+00:00
58914dd6-5834-484d-be30-c2484f1d973f,34.69,32.96,2025-11-17 16:41:20.312479+00:00
2937f063-7579-40a2-8983-6561dec805f8,34.69,32.96,2025-11-17 16:41:20.312479+00:00
575c8969-948d-4dae-aebd-d989ed6aa09a,34.69,32.96,2025-11-17 16:41:20.312479+00:00
6aa0e75e-4c64-4df5-926e-b0483d3b0cf7,34.69,32.96,2025-11-17 16:41:20.312479+00:00
5914c23d-4161-4090-8db2-a2757a0e7550,34.69,32.96,2025-11-17 16:41:20.312479+00:00
58b19964-19ee-4289-bc1c-1fa544fc0fc3,34.69,32.96,2025-11-17 16:41:20.312479+00:00
d22398e2-39c3-4e2d-a40a-602287eed378,34.69,32.96,2025-11-17 16:41:20.312479+00:00
7b22aa0f-6c74-470b-bbcb-a6372428285e,34.69,32.96,2025-11-17 16:41:20.312479+00:00
4977671b-fb46-4c1f-a523-2a1c020a4d05,34.69,32.96,2025-11-17 16:41:20.312479+00:00
c975edef-000f-4d72-9f11-55cb3f8d4dc4,34.69,32.96,2025-11-17 16:41:20.312479+00:00
01752b9b-b687-4b15-b1d1-e4839759f90a,34.69,32.96,2025-11-17 16:41:20.312479+00:00
64d288ef-afd4-46db-82a8-2eae28ba0bbf,34.69,32.96,2025-11-17 16:41:20.312479+00:00
6c31b8e4-dae7-43a9-a424-205606eed3fb,34.69,32.96,2025-11-17 16:41:20.312479+00:00
4256c40a-fd9b-45de-ae6d-29a59fb1d55a,34.69,32.96,2025-11-17 16:41:20.312479+00:00
56baf3fd-05b2-407f-8643-22114dd85238,34.69,32.96,2025-11-17 16:41:20.312479+00:00
c8c27ad2-3619-4f75-8c01-0a7d537f0233,34.69,32.96,2025-11-17 16:41:20.312479+00:00
f716b3ca-6e8d-43ad-89b0-6f8145ab16da,34.69,32.96,2025-11-17 16:41:20.312479+00:00
1957badd-d2a7-4cfa-b70e-63e462cd4d07,34.69,32.96,2025-11-17 16:41:20.312479+00:00
acda5077-caf6-49f2-8227-1e67142ac5c9,34.69,32.96,2025-11-17 16:41:20.312479+00:00
3ffbd14a-c74a-4552-97d7-26c70c385b01,34.69,32.96,2025-11-17 16:41:20.312479+00:00
807b5cde-1045-4b89-91b6-84680833042e,34.69,32.96,2025-11-17 16:41:20.312479+00:00
af52225d-891c-4b30-a23a-7a1916c456fa,34.69,32.96,2025-11-17 16:41:20.312479+00:00
3b8ba549-55b4-4b66-92c7-cc4b0b7a2e6e,34.69,32.96,2025-11-17 16:41:20.312479+00:00
5f5d47bd-0094-4433-9af3-bda497f41f04,34.69,32.96,2025-11-17 16:41:20.312479+00:00
a797db92-7c3a-4559-beaf-c45794efbe75,34.69,32.96,2025-11-17 16:41:20.312479+00:00
9dd96982-6e2c-4b21-bad3-6c589054eb6c,34.69,32.96,2025-11-17 16:41:20.312479+00:00
2d802e1f-7e55-49eb-8743-20c9fa64238a,34.69,32.96,2025-11-17 16:41:20.312479+00:00
484f8169-0f74-445a-8d2b-31b7087aa044,34.69,32.96,2025-11-17 16:41:20.312479+00:00
fba1195c-26bc-4d6a-93d1-5c84c1372c50,34.69,32.96,2025-11-17 16:41:20.312479+00:00
51452c5d-6440-4442-aaa5-3b2736713eef,34.69,32.96,2025-11-17 16:41:20.312479+00:00
6a20caff-a653-4732-801b-2b49c3cad36b,34.69,32.96,2025-11-17 16:41:20.312479+00:00
be7dbd5c-2622-42ea-808f-a8ce224efc07,34.69,32.96,2025-11-17 16:41:20.312479+00:00
5080ab73-d69a-49bf-bda5-680f0b28b75d,34.69,32.96,2025-11-17 16:41:20.312479+00:00
35b0542b-e098-4780-bca1-22012ce7198b,34.69,32.96,2025-11-17 16:41:20.312479+00:00
9f2bb588-4779-4fdf-8a55-58f5d7d64692,34.69,32.96,2025-11-17 16:41:20.312479+00:00
df2c1aed-b489-40b8-879b-231239b34a0f,34.69,32.96,2025-11-17 16:41:20.312479+00:00
4cfa423d-9fcc-4d44-912b-fbc7f3bc4e41,34.69,32.96,2025-11-17 16:41:20.312479+00:00
362b2a31-6b4a-44a2-a1f8-6b3608e790c7,34.69,32.96,2025-11-17 16:41:20.312479+00:00
0159df83-d7e8-449c-85c4-ffbb65c0e569,34.69,32.96,2025-11-17 16:41:20.312479+00:00
ed36724d-e7ae-495b-a88d-a40f8c9bc3b7,34.69,32.96,2025-11-17 16:41:20.312479+00:00
a25d8c2b-7569-4a17-ad1f-0135d1fbed31,34.69,32.96,2025-11-17 16:41:20.312479+00:00
509b74b1-4fb3-4701-9804-3b76cb4c8441,34.69,32.96,2025-11-17 16:41:20.312479+00:00
752bf490-35cf-410b-b3bb-c3fce7ed9f9b,34.69,32.96,2025-11-17 16:41:20.312479+00:00
dcaf919f-0b1a-4832-a455-20da03d98382,34.69,32.96,2025-11-17 16:41:20.312479+00:00
05a5b01e-7bd5-4a9f-9638-04954442eec8,34.69,32.96,2025-11-17 16:41:20.312479+00:00
f8fc13b7-cceb-4b4f-8aba-f5e76ce2f3d9,34.69,32.96,2025-11-17 16:41:20.312479+00:00
68f25048-2923-4d1c-93ef-a664ca5804ff,34.69,32.96,2025-11-17 16:41:20.312479+00:00
3bd7b409-40a2-44ee-879f-8f029dc574bd,34.69,32.96,2025-11-17 16:41:20.312479+00:00
bb7f44a0-5cb9-4774-99fa-259dbafc5c8d,34.69,32.96,2025-11-17 16:41:20.312479+00:00
035a2767-4798-4329-a76a-ddeab5ca2388,34.69,32.96,2025-11-17 16:41:20.312479+00:00
fce957a0-8573-491b-aa3e-71e3db558048,34.69,32.96,2025-11-17 16:41:20.312479+00:00
4f1ca96c-4481-4b52-820c-8c4bfe90f94e,34.69,32.96,2025-11-17 16:41:20.312479+00:00
ce7de7d4-e3e4-479b-b05f-4aaafa66c883,34.69,32.96,2025-11-17 16:41:20.312479+00:00
58c2b851-a36d-4fd7-9534-b4d0ea382394,34.69,32.96,2025-11-17 16:41:20.312479+00:00
1227b92b-f974-47db-81ad-60ef88e1b599,34.69,32.96,2025-11-17 16:41:20.312479+00:00
37ac5f1c-f018-4ffd-80c3-ade1caef4f03,34.69,32.96,2025-11-17 16:41:20.312479+00:00
00ab9217-af26-4255-a466-d4a60008ce39,34.69,32.96,2025-11-17 16:41:20.312479+00:00
ee2e2aac-ef6f-4613-8df1-4fa5823591fc,34.69,32.96,2025-11-17 16:41:20.312479+00:00
42ab4159-1a7b-4c53-b43f-8758f48d6aae,34.69,32.96,2025-11-17 16:41:20.312479+00:00
3aa0814b-7917-4867-b049-cbad4cabc650,34.69,32.96,2025-11-17 16:41:20.312479+00:00
c5e18309-8de6-45d1-8b77-fa8651f66a3a,34.69,32.96,2025-11-17 16:41:20.312479+00:00
286fc644-ada0-4214-a393-98bba0708b75,34.69,32.96,2025-11-17 16:41:20.312479+00:00
96f99f75-342d-4875-95e9-c365dac8a89b,34.69,32.96,2025-11-17 16:41:20.312479+00:00
8b242be7-8a91-4071-96a9-6c5924ff64d1,34.69,32.96,2025-11-17 16:41:20.312479+00:00
6b14e574-ff60-4921-b2fa-fe25e5704c23,34.69,32.96,2025-11-17 16:41:20.312479+00:00
074be375-7a0a-4ef1-b649-a932c00f3097,34.69,32.96,2025-11-17 16:41:20.312479+00:00
7cf2921d-a4ee-494d-8ab2-021619553ae6,34.69,32.96,2025-11-17 16:41:20.312479+00:00
6c453ab5-4f20-4ff6-a127-c55fb190f643,34.69,32.96,2025-11-17 16:41:20.312479+00:00
90ecc1a5-a075-4535-9dd2-2102232860bd,34.69,32.96,2025-11-17 16:41:20.312479+00:00
92bdbe0e-b0a8-414c-9a35-d67c722517c6,34.69,32.96,2025-11-17 16:41:20.312479+00:00
9c9f8332-fd9a-4565-a56b-790c3244387c,34.69,32.96,2025-11-17 16:41:20.312479+00:00
dbf72f88-f8a0-4243-aa62-6c0c9ffe49c6,34.69,32.96,2025-11-17 16:41:20.312479+00:00
00897605-59ce-44d8-8bea-cd7e66c03452,34.69,32.96,2025-11-17 16:41:20.312479+00:00
6314ae10-8fc6-491d-ad29-223d2a489bcf,34.69,32.96,2025-11-17 16:41:20.312479+00:00
46959908-ed80-4cf6-9577-0b0ef7dc9824,34.69,32.96,2025-11-17 16:41:20.312479+00:00
0bb1af1b-adec-4cb5-a61c-79b68918c7ed,34.69,32.96,2025-11-17 16:41:20.312479+00:00
54160c68-2c36-40a2-b10c-5252ed970a5d,34.69,32.96,2025-11-17 16:41:20.312479+00:00
8f8f3d7b-e999-4820-b5e7-dc0ab2b74f56,34.69,32.96,2025-11-17 16:41:20.312479+00:00
5b8ac0c7-7663-47ea-bbc4-2a39406272bf,34.69,32.96,2025-11-17 16:41:20.312479+00:00
3a802872-dd9e-45b2-b66c-eede89a25dfc,34.69,32.96,2025-11-17 16:41:20.312479+00:00
7cc5e758-fa11-4489-b421-7b637d47645b,34.69,32.96,2025-11-17 16:41:20.312479+00:00
aaa86d67-a365-41d6-9447-3ddebdf542e5,34.69,32.96,2025-11-17 16:41:20.312479+00:00
ec7f999d-5ee1-4120-9921-cb506aad8472,34.69,32.96,2025-11-17 16:41:20.312479+00:00
aefdf5e2-9e40-48c5-ad98-d13938410ed4,34.69,32.96,2025-11-17 16:41:20.312479+00:00
8d4eb87c-f120-41c9-a836-6b4c7f829190,34.69,32.96,2025-11-17 16:41:20.312479+00:00
3921c868-e2df-4e76-8c34-d1165adada3e,34.69,32.96,2025-11-17 16:41:20.312479+00:00
1af7ae8e-bc39-4d3a-9b0e-9dd5119a20b7,34.69,32.96,2025-11-17 16:41:20.312479+00:00
ccf959d7-d426-49bd-ac21-435cec6f07e7,34.69,32.96,2025-11-17 16:41:20.312479+00:00
0e956f9e-1ea8-489e-af57-ba13074a6cc6,34.69,32.96,2025-11-17 16:41:20.312479+00:00
89174af8-7ed5-47c6-9462-db2a48ff6c58,34.69,32.96,2025-11-17 16:41:20.312479+00:00
f76b0b59-bb8e-4c96-8413-f1ae2790cf5e,34.69,32.96,2025-11-17 16:41:20.312479+00:00
f2a6e317-34cc-4af4-af4c-147e4e8b9996,34.69,32.96,2025-11-17 16:41:20.312479+00:00
41f0f879-041a-45d5-bc62-dbed276f2845,34.69,32.96,2025-11-17 16:41:20.312479+00:00
b7b4af12-0be8-4816-94a3-f56b09031034,34.69,32.96,2025-11-17 16:41:20.312479+00:00
7fa429ed-6946-4ac5-868f-03781ac9d004,34.69,32.96,2025-11-17 16:41:20.312479+00:00
8f1d67c8-aff9-4c75-a2c5-a59a23c9ef87,34.69,32.96,2025-11-17 16:41:20.312479+00:00
3e649606-a50d-49cd-894c-1c76fe98f41e,34.69,32.96,2025-11-17 16:41:20.312479+00:00
6a6f6f22-a69d-4f15-9ed8-79b439a0d651,34.69,32.96,2025-11-17 16:41:20.312479+00:00
c328726c-a5f1-4198-b581-344d67abe569,34.69,32.96,2025-11-17 16:41:20.312479+00:00
0ac4c790-ddb7-4e51-9e65-0e71798b57bd,34.69,32.96,2025-11-17 16:41:20.312479+00:00
1f4cd7a8-8245-4f06-a48d-abfe1bbce0f1,34.69,32.96,2025-11-17 16:41:20.312479+00:00
2d5bbbd2-e6a4-4de3-ab4f-c05e3c5caa25,34.69,32.96,2025-11-17 16:41:20.312479+00:00
183ff2f2-16f8-48b6-a722-e384711bb5fe,34.69,32.96,2025-11-17 16:41:20.312479+00:00
f647e426-c76f-4a07-8efa-231a82c61b2a,34.69,32.96,2025-11-17 16:41:20.312479+00:00
6378bf2b-6d88-411f-8b8d-c8870e2f5be0,34.69,32.96,2025-11-17 16:41:20.312479+00:00
365054dc-5a75-46d6-adb8-306f69aaf99b,34.69,32.96,2025-11-17 16:41:20.312479+00:00
75e46571-3435-48d4-be4f-aa9a55bd5566,34.69,32.96,2025-11-17 16:41:20.312479+00:00
fb37ff51-b69b-42db-8622-facc6ac3b9a2,34.69,32.96,2025-11-17 16:41:20.312479+00:00
6b453235-f693-4ece-88cf-32706dba2196,34.69,32.96,2025-11-17 16:41:20.312479+00:00
8b2df7a9-9841-49d3-9453-f64b43a18ee2,34.69,32.96,2025-11-17 16:41:20.312479+00:00
8a6f47e8-9267-4344-bcf7-d0a0adfb7e92,34.69,32.96,2025-11-17 16:41:20.312479+00:00
ad33a1ad-a38e-4a46-a1fa-a3f87d38a360,34.69,32.96,2025-11-17 16:41:20.312479+00:00
0b971834-cc3f-4cc6-9508-8179cb3d80b0,34.69,32.96,2025-11-17 16:41:20.312479+00:00
bb22125a-1d8a-4a9a-89f6-9789cf2a939d,34.69,32.96,2025-11-17 16:41:20.312479+00:00
ab7ccf5e-94c0-4fa5-bd8d-233d8bedc35c,34.69,32.96,2025-11-17 16:41:20.312479+00:00
aa5e925b-f540-4af3-8baf-1a819925e259,34.69,32.96,2025-11-17 16:41:20.312479+00:00
79486b2b-5d21-4693-9564-184d63b634a5,34.69,32.96,2025-11-17 16:41:20.312479+00:00
aa9e405b-1472-41ec-98b7-07730a649faf,34.69,32.96,2025-11-17 16:41:20.312479+00:00
f82cd223-03f9-41b4-947b-f33cad532408,34.69,32.96,2025-11-17 16:41:20.312479+00:00
4d195e71-7f8c-4a1c-a829-a5a170823d4e,34.69,32.96,2025-11-17 16:41:20.312479+00:00
16c9d1a1-fa69-432a-94b4-84f707c7deb6,34.69,32.96,2025-11-17 16:41:20.312479+00:00
e43ff0f6-bc32-40e3-84f2-dd0c137ed712,34.69,32.96,2025-11-17 16:41:20.312479+00:00
5de30bef-c95f-4300-bc51-0e389d4ba936,34.69,32.96,2025-11-17 16:41:20.312479+00:00
f15e37dd-0443-45e0-914b-9ca22c45a3fb,34.69,32.96,2025-11-17 16:41:20.312479+00:00
1ed2bfc9-b421-4c10-b4e7-272397209f36,34.69,32.96,2025-11-17 16:41:20.312479+00:00
2d7d4c15-4cc8-430d-a647-b3785bcc9033,34.69,32.96,2025-11-17 16:41:20.312479+00:00
6bce8337-eaa3-471c-a0e9-f5bd118be1da,34.69,32.96,2025-11-17 16:41:20.312479+00:00
e487e6d3-d3ce-4f36-baf9-05a05ff2b233,34.69,32.96,2025-11-17 16:41:20.312479+00:00
4d4a2c9f-7a32-46b6-b506-f9106f387ba3,34.69,32.96,2025-11-17 16:41:20.312479+00:00
668fff2e-bcd6-4bf4-9f5b-2235f28b9eab,34.69,32.96,2025-11-17 16:41:20.312479+00:00
ae650fcc-0506-439e-b732-048ab3cb1709,34.69,32.96,2025-11-17 16:41:20.312479+00:00
c3cb7fb2-6b75-4f01-a1e5-01e7d4bd5ae7,34.69,32.96,2025-11-17 16:41:20.312479+00:00
c88c6368-7fda-4cc6-9c15-2eb249e440d3,34.69,32.96,2025-11-17 16:41:20.312479+00:00
68cd5ec9-a95a-4d03-8762-a5941e43c542,34.69,32.96,2025-11-17 16:41:20.312479+00:00
6d28d414-14ae-4979-8ea4-b21295b14802,34.69,32.96,2025-11-17 16:41:20.312479+00:00
a59dcbf2-19d1-4b5b-9bb7-78addb433835,34.69,32.96,2025-11-17 16:41:20.312479+00:00
0a6377f9-a7fd-4971-891f-d830040ff992,34.69,32.96,2025-11-17 16:41:20.312479+00:00
03f543e4-c56d-453c-9285-ac83608e9f20,34.69,32.96,2025-11-17 16:41:20.312479+00:00
e920a296-efb0-4bd9-9ab3-638f77f76eb4,34.69,32.96,2025-11-17 16:41:20.312479+00:00
43831730-42b8-41f2-8ef8-5c90dabedc4f,34.69,32.96,2025-11-17 16:41:20.312479+00:00
db21f799-a911-4991-9e98-6dd58ca89169,34.69,32.96,2025-11-17 16:41:20.312479+00:00
ce6e809e-8690-47c8-bf26-99cb76bbedb4,34.69,32.96,2025-11-17 16:41:20.312479+00:00
7a03cac9-66dd-4b57-9958-2d1d8d3c881d,34.69,32.96,2025-11-17 16:41:20.312479+00:00
58c41d71-e699-4c1f-b066-24182b656ca4,34.69,32.96,2025-11-17 16:41:20.312479+00:00
e7040392-7f32-4e06-827b-954db0555a3a,34.69,32.96,2025-11-17 16:41:20.312479+00:00
57989e7c-80dc-4482-943a-b7833bf1e66f,34.69,32.96,2025-11-17 16:41:20.312479+00:00
743a1b46-7e0b-4c9a-bcaf-52db0ad26fe3,34.69,32.96,2025-11-17 16:41:20.312479+00:00
5c548b60-75e8-4979-a56a-f89c88909c6d,34.69,32.96,2025-11-17 16:41:20.312479+00:00
2f25803f-14c3-4c82-a814-d762369a2ff8,34.69,32.96,2025-11-17 16:41:20.312479+00:00
bfa21b1d-80b4-4c96-ac2e-a810001d807e,34.69,32.96,2025-11-17 16:41:20.312479+00:00
4289a93d-0017-445c-b64b-dbfdf4238c5e,34.69,32.96,2025-11-17 16:41:20.312479+00:00
9edc428e-9690-4415-95e3-f1123395a015,34.69,32.96,2025-11-17 16:41:20.312479+00:00
43e8506a-ae54-4130-b4c8-db2c9bea012a,34.69,32.96,2025-11-17 16:41:20.312479+00:00
bab7ee95-ca01-4a54-99b1-640a1ff9b242,34.69,32.96,2025-11-17 16:41:20.312479+00:00
6852224c-4536-480a-b0b4-a28e405a2f37,34.69,32.96,2025-11-17 16:41:20.312479+00:00
141e7e77-7ee2-4af6-8a07-37ad2b5877f5,34.69,32.96,2025-11-17 16:41:20.312479+00:00
556afd8b-72d3-4513-947d-9a4f2e84024e,34.69,32.96,2025-11-17 16:41:20.312479+00:00
c29df1ae-442f-4541-b24c-25c3a10bd018,34.69,32.96,2025-11-17 16:41:20.312479+00:00
288edd0c-885a-42b6-948b-ae247603d5ba,34.69,32.96,2025-11-17 16:41:20.312479+00:00
031cf017-4a87-431d-a9e3-d9cc63349929,34.69,32.96,2025-11-17 16:41:20.312479+00:00
1c4e536e-9027-4ed0-8b49-105b479abaaf,34.69,32.96,2025-11-17 16:41:20.312479+00:00
25351ed6-77f3-4289-9193-b944160808f8,34.69,32.96,2025-11-17 16:41:20.312479+00:00
920f1222-0e86-4edb-a980-1f05aa2cadc8,34.69,32.96,2025-11-17 16:41:20.312479+00:00
64fcfc56-627b-4661-8077-9e66ca1d0ad3,34.69,32.96,2025-11-17 16:41:20.312479+00:00
8bc3122f-b167-4dee-b6e8-a9a822e21eb4,34.69,32.96,2025-11-17 16:41:20.312479+00:00
7852f78e-8649-43aa-84e2-5b5792b91117,34.69,32.96,2025-11-17 16:41:20.312479+00:00
cd4e0925-5d6e-431a-945d-d7b3f2b67c00,34.69,32.96,2025-11-17 16:41:20.312479+00:00
973d655b-a3fe-4f14-950c-807c42652458,34.69,32.96,2025-11-17 16:41:20.312479+00:00
b5393f0d-4845-406c-988d-e2d2b25127f6,34.69,32.96,2025-11-17 16:41:20.312479+00:00
fb8dae03-bea2-46e8-9f19-0d6db198dd77,34.69,32.96,2025-11-17 16:41:20.312479+00:00
a193e6b9-c650-4b0b-a232-bfbb83d04ca1,34.69,32.96,2025-11-17 16:41:20.312479+00:00
03497d8a-0cc1-46c7-8fb3-88a3cdb3cfe3,34.69,32.96,2025-11-17 16:41:20.312479+00:00
980d41f8-d802-4f93-b82c-d715e396b157,34.69,32.96,2025-11-17 16:41:20.312479+00:00
9deb5e71-a670-4d4e-9db0-39831376babf,34.69,32.96,2025-11-17 16:41:20.312479+00:00
dba0fd4e-0bc4-45ba-b01e-218c47139926,34.69,32.96,2025-11-17 16:41:20.312479+00:00
074ad4a4-e0e0-450f-b5b8-57482e055761,34.69,32.96,2025-11-17 16:41:20.312479+00:00
689652cf-5945-4e02-963f-b669bd81c025,34.69,32.96,2025-11-17 16:41:20.312479+00:00
3042c699-9975-418d-9ab4-04a71d1cf256,34.69,32.96,2025-11-17 16:41:20.312479+00:00
9e80f15c-02fb-47ca-87a8-23e556a5d963,34.69,32.96,2025-11-17 16:41:20.312479+00:00
72e4971f-a574-492a-96bb-61d3315b42e7,34.69,32.96,2025-11-17 16:41:20.312479+00:00
d3c011c4-2b21-4550-b69a-64a6bbd9a4ea,34.69,32.96,2025-11-17 16:41:20.312479+00:00
2a004e3d-2f82-4c40-838c-b9b6a12ce86c,34.69,32.96,2025-11-17 16:41:20.312479+00:00
39ff458b-428f-42bf-8214-de9667460cd6,34.69,32.96,2025-11-17 16:41:20.312479+00:00
3bdd834a-6bf5-4b9d-84b2-761398f7a7a5,34.69,32.96,2025-11-17 16:41:20.312479+00:00
9d70c15d-5140-4225-ada6-124d71594f65,34.69,32.96,2025-11-17 16:41:20.312479+00:00
924e0f09-d3a0-44d6-962e-0a8b494f9c8e,34.69,32.96,2025-11-17 16:41:20.312479+00:00
e8e9061d-ad56-49ed-8b74-884c5fb47ac1,34.69,32.96,2025-11-17 16:41:20.312479+00:00
0d6b0f68-9293-481d-83a8-a9cac68af354,34.69,32.96,2025-11-17 16:41:20.312479+00:00
66129520-3af9-4b33-b54a-1e7619fac932,34.69,32.96,2025-11-17 16:41:20.312479+00:00
2c8d5bef-f56b-4a73-811e-0d25d440405f,34.69,32.96,2025-11-17 16:41:20.312479+00:00
8cbd7f5a-2daf-4de3-a2a0-c0b37fa4ef92,34.69,32.96,2025-11-17 16:41:20.312479+00:00
510f4821-c910-4792-a238-64ff80c3d984,34.69,32.96,2025-11-17 16:41:20.312479+00:00
22dd7e3b-d855-40ca-9ca0-7e3a6b4b20e6,34.69,32.96,2025-11-17 16:41:20.312479+00:00
e4769b2c-8214-467c-9e69-e8835ce34b43,34.69,32.96,2025-11-17 16:41:20.312479+00:00
f7ac345e-e6a4-4bc8-9bb1-71706b93c588,34.69,32.96,2025-11-17 16:41:20.312479+00:00
1b5ca828-780b-4bf2-b142-0bb5a6ed4db5,34.69,32.96,2025-11-17 16:41:20.312479+00:00
ea794698-423a-4668-bed3-4e1a8ffd0599,34.69,32.96,2025-11-17 16:41:20.312479+00:00
9bbed42d-9eac-4554-9ded-6612f60e728a,34.69,32.96,2025-11-17 16:41:20.312479+00:00
21284d6d-96e8-48eb-8493-7f99d9e2d353,34.69,32.96,2025-11-17 16:41:20.312479+00:00
c7eedeb9-8e6c-4f85-b9b4-a0cd7c32de14,34.69,32.96,2025-11-17 16:41:20.312479+00:00
77a51cf0-6a28-4cab-8b6e-1959b2832a29,34.69,32.96,2025-11-17 16:41:20.312479+00:00
6150a4af-0387-435f-8562-5307c5627cc8,34.69,32.96,2025-11-17 16:41:20.312479+00:00
69d6b98c-8658-4a59-95dc-86c14b649c7b,34.69,32.96,2025-11-17 16:41:20.312479+00:00
cbca6c5d-ef32-4c5b-8c71-6b344f12d6c9,34.69,32.96,2025-11-17 16:41:20.312479+00:00
3ed4f90e-0845-4f1f-9f6f-ca030f93e6ff,34.69,32.96,2025-11-17 16:41:20.312479+00:00
b01a0c97-b0af-4fdd-bc54-c5dbe4e1685d,34.69,32.96,2025-11-17 16:41:20.312479+00:00
8b4784c4-67c7-4420-ab50-fc591fe6defc,34.69,32.96,2025-11-17 16:41:20.312479+00:00
ea8e6181-de8d-4164-88f7-9b5862711266,34.69,32.96,2025-11-17 16:41:20.312479+00:00
6cb9a64c-b4cf-41ff-83e0-56ee64c97be4,34.69,32.96,2025-11-17 16:41:20.312479+00:00
b8bb6cb1-9a27-481c-9a5a-61081c69f3c4,34.69,32.96,2025-11-17 16:41:20.312479+00:00
eb1a81ad-4341-4e9f-a1aa-1764d945ff11,34.69,32.96,2025-11-17 16:41:20.312479+00:00
c6f154a5-9158-4244-9b6a-1afef408d395,34.69,32.96,2025-11-17 16:41:20.312479+00:00
d4fdea71-4f0a-4ac0-bb77-0c040adb93ea,34.69,32.96,2025-11-17 16:41:20.312479+00:00
51e55e3e-f93f-4422-aec5-65e03044ef48,34.69,32.96,2025-11-17 16:41:20.312479+00:00
63239a95-a07f-4d1a-b100-182cd1162228,34.69,32.96,2025-11-17 16:41:20.312479+00:00
c5a5ee4c-34b8-45f6-8b19-6b85ebe6a39a,34.69,32.96,2025-11-17 16:41:20.312479+00:00
8651bde7-75ef-4314-acb8-076a133b0b24,34.69,32.96,2025-11-17 16:41:20.312479+00:00
a36d13a9-c418-425b-9e06-156b52706600,34.69,32.96,2025-11-17 16:41:20.312479+00:00
b7914038-786b-49c0-828d-96834f72a4b3,34.69,32.96,2025-11-17 16:41:20.312479+00:00
731476b3-9b5c-4386-9625-29caafc67b05,34.69,32.96,2025-11-17 16:41:20.312479+00:00
d41fcf0f-3e76-4d7b-a631-86c1415ddfb3,34.69,32.96,2025-11-17 16:41:20.312479+00:00
f2485547-85f3-4993-b99a-bcf0c23346ab,34.69,32.96,2025-11-17 16:41:20.312479+00:00
d1947a70-e920-4e80-9c01-c05712a8aeb6,34.69,32.96,2025-11-17 16:41:20.312479+00:00
de3cde9c-4f43-4feb-afbc-fbd914d47c95,34.69,32.96,2025-11-17 16:41:20.312479+00:00
faabd91f-3dee-4022-a760-73563f2cd63b,34.69,32.96,2025-11-17 16:41:20.312479+00:00
1638180d-0a44-4914-bf40-46e326560e17,34.69,32.96,2025-11-17 16:41:20.312479+00:00
9040fbcb-90e6-4c78-8fa2-8e57b90a5f57,34.69,32.96,2025-11-17 16:41:20.312479+00:00
c917cccd-14c4-46ac-a01d-ed325cabdbce,34.69,32.96,2025-11-17 16:41:20.312479+00:00
e857ea36-64cd-4fa8-a0fe-01634d6431f0,34.69,32.96,2025-11-17 16:41:20.312479+00:00
88cf77bd-ce15-4b3b-92a1-3dd661896f4f,34.69,32.96,2025-11-17 16:41:20.312479+00:00
98c73741-f215-4d4c-b805-05d65e610c56,34.69,32.96,2025-11-17 16:41:20.312479+00:00
4d6cda71-783e-4679-8bc4-1cefe5c84de4,34.69,32.96,2025-11-17 16:41:20.312479+00:00
fe2c6726-98e5-4bf1-801d-e76134dcd68b,34.69,32.96,2025-11-17 16:41:20.312479+00:00
d42bd83d-32b8-484f-906e-531ae50029bb,34.69,32.96,2025-11-17 16:41:20.312479+00:00
33cd8bfc-0ab5-4788-8eca-5074f45d8211,34.69,32.96,2025-11-17 16:41:20.312479+00:00
51a1a104-65ed-4db0-9f2e-bd526e7210cd,34.69,32.96,2025-11-17 16:41:20.312479+00:00
847df420-9a8c-4b0b-ab86-95c5b39bcaae,34.69,32.96,2025-11-17 16:41:20.312479+00:00
730832c2-135b-4f18-8c32-cb7d5a681bb8,34.69,32.96,2025-11-17 16:41:20.312479+00:00
d051fcbf-8dd9-4e52-876a-a4d7cc1d4461,34.69,32.96,2025-11-17 16:41:20.312479+00:00
fa0bb4f2-bf23-4356-85b5-679e6bf1883f,34.69,32.96,2025-11-17 16:41:20.312479+00:00
93b39f67-a379-481b-8eeb-363399061728,34.69,32.96,2025-11-17 16:41:20.312479+00:00
10f949d2-973c-4957-8ae3-73296deadba4,34.69,32.96,2025-11-17 16:41:20.312479+00:00
82d7381e-26c5-4f91-b2da-bed011a9a204,34.69,32.96,2025-11-17 16:41:20.312479+00:00
50629984-98e1-42ce-81a9-8b52e9d74eb5,34.69,32.96,2025-11-17 16:41:20.312479+00:00
5ae2f8aa-849f-4371-a5ab-8ddb85c8b530,34.69,32.96,2025-11-17 16:41:20.312479+00:00
7e72d7eb-669a-404d-be0a-f7ef858c45c8,34.69,32.96,2025-11-17 16:41:20.312479+00:00
aaa125cb-a3a0-4240-bf33-1389da1baa48,34.69,32.96,2025-11-17 16:41:20.312479+00:00
9e360542-50b4-495c-bb0f-097e55392b5b,34.69,32.96,2025-11-17 16:41:20.312479+00:00
8c4b8158-691e-41c3-8883-b5915399d41e,34.69,32.96,2025-11-17 16:41:20.312479+00:00
6a4afc60-afd6-4ccd-b792-661af1d02bce,34.69,32.96,2025-11-17 16:41:20.312479+00:00
74b3468b-e5c2-4ede-9727-4e7c2970bc93,34.69,32.96,2025-11-17 16:41:20.312479+00:00
99503d74-8587-4a03-bcc8-57ab9d8293fd,34.69,32.96,2025-11-17 16:41:20.312479+00:00
72924da7-2795-4d49-8463-a5ce1a7e3112,34.69,32.96,2025-11-17 16:41:20.312479+00:00
d766ae6c-c162-45a9-930a-370023645539,34.69,32.96,2025-11-17 16:41:20.312479+00:00
e246406b-cae1-4f80-9a09-168d8f06e612,34.69,32.96,2025-11-17 16:41:20.312479+00:00
8a618689-78c4-4efa-84e0-f69a84f9d8a7,34.69,32.96,2025-11-17 16:41:20.312479+00:00
3a5b889c-9199-477e-80cc-0bacda386493,34.69,32.96,2025-11-17 16:41:20.312479+00:00
5062a470-3dd5-4d7d-a523-506aed3ae62d,34.69,32.96,2025-11-17 16:41:20.312479+00:00
363edf6f-7245-47c9-8d44-b6a4c94f96c7,34.69,32.96,2025-11-17 16:41:20.312479+00:00
3226a883-5691-4648-a536-d71d5fee92df,34.69,32.96,2025-11-17 16:41:20.312479+00:00
03a11b86-a228-4c67-9416-793e58f59e5f,34.69,32.96,2025-11-17 16:41:20.312479+00:00
f49ff4d6-4810-4351-bc5b-50ee3c9fb2c6,34.69,32.96,2025-11-17 16:41:20.312479+00:00
7a7728b9-3291-4290-be2a-2d8b74625fe2,34.69,32.96,2025-11-17 16:41:20.312479+00:00
cccee1ab-12b2-473e-ac2d-a37b5b8f2932,34.69,32.96,2025-11-17 16:41:20.312479+00:00
7a44a760-34a7-4517-8018-0321a18960de,34.69,32.96,2025-11-17 16:41:20.312479+00:00
59ea0e03-c4c8-4deb-8adb-a36080d270be,34.69,32.96,2025-11-17 16:41:20.312479+00:00
f05369c3-0517-4891-8285-fa9c13de597e,34.69,32.96,2025-11-17 16:41:20.312479+00:00
26e23618-8836-460f-9c0c-d6eb0af94c26,34.69,32.96,2025-11-17 16:41:20.312479+00:00
3cdd5cb3-de22-4cd3-b947-4e32d4e9450e,34.69,32.96,2025-11-17 16:41:20.312479+00:00
135ba812-c1a2-4966-acb8-abeae0feb69b,34.69,32.96,2025-11-17 16:41:20.312479+00:00
55f43e75-892a-4d28-948f-322e245f3315,34.69,32.96,2025-11-17 16:41:20.312479+00:00
783e6798-3222-479c-8057-eabb9ad33287,34.69,32.96,2025-11-17 16:41:20.312479+00:00
3c1099e4-eb09-4ffb-b777-fef1d094b938,34.69,32.96,2025-11-17 16:41:20.312479+00:00
8d93c855-6485-4314-b42f-1e40f5e6c94e,34.69,32.96,2025-11-17 16:41:20.312479+00:00
2910a7cb-34c5-4e69-9c2c-61c62745b17f,34.69,32.96,2025-11-17 16:41:20.312479+00:00
b28b0339-981f-4f0f-9bd5-3fa111d1abb4,34.69,32.96,2025-11-17 16:41:20.312479+00:00
7362133c-b65e-4220-af4b-417c2340d43d,34.69,32.96,2025-11-17 16:41:20.312479+00:00
65c267b8-0598-4f46-afaf-cc4aada05fe9,34.69,32.96,2025-11-17 16:41:20.312479+00:00
4e67362f-469d-4300-a142-2d75c27d0a6a,34.69,32.96,2025-11-17 16:41:20.312479+00:00
0dc729d3-c572-4d00-855a-49125e0617b4,34.69,32.96,2025-11-17 16:41:20.312479+00:00
e6e77c54-17ec-42dd-88a1-6bb2e23abd2b,34.69,32.96,2025-11-17 16:41:20.312479+00:00
275743a0-fe5a-4b25-afb7-12f6140d4f32,34.69,32.96,2025-11-17 16:41:20.312479+00:00
81ffa68f-7bbc-4bc2-bcc6-d88f2d71d117,34.69,32.96,2025-11-17 16:41:20.312479+00:00
68ce7c04-8b59-47c4-9ac8-4d28d4760ca0,34.69,32.96,2025-11-17 16:41:20.312479+00:00
9ef07f53-0cf0-4781-96a4-e076ac18dbae,34.69,32.96,2025-11-17 16:41:20.312479+00:00
4765b8af-6630-498b-b14a-3f79f7a99dd9,34.69,32.96,2025-11-17 16:41:20.312479+00:00
7d78f41a-41cd-4940-866f-6164a07e440c,34.69,32.96,2025-11-17 16:41:20.312479+00:00
4e8f7888-d802-491a-a478-829d5f8b6a64,34.69,32.96,2025-11-17 16:41:20.312479+00:00
cd3a43cd-1d64-4a3a-988b-ac00e0e40752,34.69,32.96,2025-11-17 16:41:20.312479+00:00
c8132dda-e483-4314-847d-7185b9aa02b2,34.69,32.96,2025-11-17 16:41:20.312479+00:00
7764f4dc-f2df-4398-aaba-1245c11a2127,34.69,32.96,2025-11-17 16:41:20.312479+00:00
0b012dd2-b2c7-4bde-8663-5029693bba65,34.69,32.96,2025-11-17 16:41:20.312479+00:00
9083a49b-4a20-4b47-9762-c0518f00877f,34.69,32.96,2025-11-17 16:41:20.312479+00:00
a4451a39-b192-42da-af36-aabeb7a4ec36,34.69,32.96,2025-11-17 16:41:20.312479+00:00
f24c25f7-da8e-4917-90b3-9c6d54ab5dbe,34.69,32.96,2025-11-17 16:41:20.312479+00:00
4fbf74fd-5a7f-498f-8a0a-3232dcbd731d,34.69,32.96,2025-11-17 16:41:20.312479+00:00
07fc2622-28a4-4a25-a883-4eac4a836986,34.69,32.96,2025-11-17 16:41:20.312479+00:00
cbda642a-5e53-4abc-81ab-226315e0f6f5,34.69,32.96,2025-11-17 16:41:20.312479+00:00
9c7e0237-f6a6-4dbe-a072-a0ec511819fc,34.69,32.96,2025-11-17 16:41:20.312479+00:00
483f429a-6e9a-4f15-b779-fd93363284b3,34.69,32.96,2025-11-17 16:41:20.312479+00:00
ef25bf36-5420-4e16-92c9-b3a06c171d0a,34.69,32.96,2025-11-17 16:41:20.312479+00:00
09e2a5a8-27c5-4b12-a51b-98df001b7804,34.69,32.96,2025-11-17 16:41:20.312479+00:00
56057df0-5676-4832-b03f-4272ea880fe6,34.69,32.96,2025-11-17 16:41:20.312479+00:00
5bcf8920-b428-4972-953e-05f5f59bf4bc,34.69,32.96,2025-11-17 16:41:20.312479+00:00
1a6732a3-5eca-4865-9a1e-2caeb086b007,34.69,32.96,2025-11-17 16:41:20.312479+00:00
db0fc0e3-fac4-4792-97df-e899077d3c92,34.69,32.96,2025-11-17 16:41:20.312479+00:00
069a9b50-dfc4-4db9-92d5-45489cc52224,34.69,32.96,2025-11-17 16:41:20.312479+00:00
17907d41-b180-4647-b724-750eac4b2dd6,34.69,32.96,2025-11-17 16:41:20.312479+00:00
4d17b83a-f949-4986-a85c-b7810b9c9970,34.69,32.96,2025-11-17 16:41:20.312479+00:00
24610304-5856-404d-885c-40f973b84306,34.69,32.96,2025-11-17 16:41:20.312479+00:00
a4ed281e-735e-4ce8-8d2a-c5bc61318b8f,34.69,32.96,2025-11-17 16:41:20.312479+00:00
b5f92ad2-8fac-4310-89d6-2d22dc306470,34.69,32.96,2025-11-17 16:41:20.312479+00:00
9f3aeadd-d6e6-40e9-8b13-ee81a655dc35,34.69,32.96,2025-11-17 16:41:20.312479+00:00
9b033e01-c5d3-4ee5-8088-51d3c0be86cd,34.69,32.96,2025-11-17 16:41:20.312479+00:00
c761ee47-d06e-42bb-9985-26f5b9fa14f5,34.69,32.96,2025-11-17 16:41:20.312479+00:00
28661cde-c539-49e3-a94c-d923c5e783f6,34.69,32.96,2025-11-17 16:41:20.312479+00:00
a390e45e-5b5f-49ec-9c62-8aac3b2097c7,34.69,32.96,2025-11-17 16:41:20.312479+00:00
ed003024-6fe0-4b8f-8c48-959cafbd1530,34.69,32.96,2025-11-17 16:41:20.312479+00:00
cdb3d759-482e-4c4e-9f5b-d569125fa2f6,34.69,32.96,2025-11-17 16:41:20.312479+00:00
5e9dd6ce-51c3-433c-88f7-29460c15f6d1,34.69,32.96,2025-11-17 16:41:20.312479+00:00
528b6ecc-61c1-4815-b504-c073ad91f23a,34.69,32.96,2025-11-17 16:41:20.312479+00:00
a1956944-f919-42c5-bc21-301e3130e348,34.69,32.96,2025-11-17 16:41:20.312479+00:00
de622963-751c-4544-9066-aa9b754d257c,34.69,32.96,2025-11-17 16:41:20.312479+00:00
a14665d8-49a5-4c8d-b3a5-38fa93b7a383,34.69,32.96,2025-11-17 16:41:20.312479+00:00
871d71a5-90ec-4534-844b-bf82613832b2,34.69,32.96,2025-11-17 16:41:20.312479+00:00
e062e25b-e98a-491a-b484-2c3550154b2f,34.69,32.96,2025-11-17 16:41:20.312479+00:00
5d7efd93-1e10-4eaa-b7b6-908e75b8fa7c,34.69,32.96,2025-11-17 16:41:20.312479+00:00
dc2367e7-0c7e-4e84-8f8f-398ce767a0b0,34.69,32.96,2025-11-17 16:41:20.312479+00:00
f09a11f2-4bb9-4a88-b770-ec69282d0799,34.69,32.96,2025-11-17 16:41:20.312479+00:00
d6610c1c-60e5-46e3-b932-f28e8435411e,34.69,32.96,2025-11-17 16:41:20.312479+00:00
d3e5e32e-d91e-4758-9bcd-09c585982571,34.69,32.96,2025-11-17 16:41:20.312479+00:00
4f54e8d8-ea0a-465d-9ab7-1ee64f13c89f,34.69,32.96,2025-11-17 16:41:20.312479+00:00
11eabbb0-90dd-4462-a9da-8277aabf5873,34.69,32.96,2025-11-17 16:41:20.312479+00:00
eeef822e-9353-4dfc-b731-890f77830c10,34.69,32.96,2025-11-17 16:41:20.312479+00:00
ba6a6484-3299-46d3-bdaf-1389ae1ad9ea,34.69,32.96,2025-11-17 16:41:20.312479+00:00
e7e68a00-f2ba-42af-8c8c-568c5704f39c,34.69,32.96,2025-11-17 16:41:20.312479+00:00
2d115788-14a5-4ecb-8796-7e61fe0cd9ec,34.69,32.96,2025-11-17 16:41:20.312479+00:00
71398fe9-8749-4303-aaaf-4532f06821e8,34.69,32.96,2025-11-17 16:41:20.312479+00:00
2585ed03-1a60-4018-ac26-4f9ecab5862c,34.69,32.96,2025-11-17 16:41:20.312479+00:00
6b86d448-fae1-4a4b-b02b-2ab454413f48,34.69,32.96,2025-11-17 16:41:20.312479+00:00
b223d691-a0a7-40f0-9be7-5b307b1f9616,34.69,32.96,2025-11-17 16:41:20.312479+00:00
0ecdc571-cc6c-4d4b-9a54-f1747e6cb267,34.69,32.96,2025-11-17 16:41:20.312479+00:00
8ea37bf2-bca5-4f68-9fd8-8f878f7671f6,34.69,32.96,2025-11-17 16:41:20.312479+00:00
471e1eb1-b123-46bd-8f46-864604b74801,34.69,32.96,2025-11-17 16:41:20.312479+00:00
122ca579-ad8f-4b28-8d45-b37614e7bf7b,34.69,32.96,2025-11-17 16:41:20.312479+00:00
b64cbb00-8143-4386-890a-ab0d3ec59d48,34.69,32.96,2025-11-17 16:41:20.312479+00:00
59bbbd12-f5c9-4b49-b8c9-9043061730d7,34.69,32.96,2025-11-17 16:41:20.312479+00:00
0628fc45-39d0-4a0a-b6d8-c7ddf610c11a,34.69,32.96,2025-11-17 16:41:20.312479+00:00
4d321838-31c0-4ece-8451-64de89d454e8,34.69,32.96,2025-11-17 16:41:20.312479+00:00
a69cb88c-22f6-4c55-9775-482189e8587a,34.69,32.96,2025-11-17 16:41:20.312479+00:00
b074cbd9-9dfe-4e05-94d7-2fe96e09f120,34.69,32.96,2025-11-17 16:41:20.312479+00:00
48f9146d-59bc-4650-b803-cc3b0142a47f,34.69,32.96,2025-11-17 16:41:20.312479+00:00
cba620ba-35b1-469d-9f24-3561184915fe,34.69,32.96,2025-11-17 16:41:20.312479+00:00
b5832c8f-f191-4d62-947c-5a5d565c162c,34.69,32.96,2025-11-17 16:41:20.312479+00:00
7c774905-ea81-43dc-b08b-f9d1be783785,34.69,32.96,2025-11-17 16:41:20.312479+00:00
d2c5b5fe-aa5f-4a1e-892e-346f4ceac189,34.69,32.96,2025-11-17 16:41:20.312479+00:00
249ee62c-0e42-415a-8b08-641cee0ad13e,34.69,32.96,2025-11-17 16:41:20.312479+00:00
55e2acfe-5449-4d94-8564-ac010ae4539e,34.69,32.96,2025-11-17 16:41:20.312479+00:00
3819ac76-a0bf-4dc6-878d-316b318f9453,34.69,32.96,2025-11-17 16:41:20.312479+00:00
deaff0b2-29b3-4789-b75c-554e987e2e88,34.69,32.96,2025-11-17 16:41:20.312479+00:00
10c94652-a934-41dc-8108-02f832342464,34.69,32.96,2025-11-17 16:41:20.312479+00:00
3ed9d8da-bf86-474c-a124-c434844af2b4,34.69,32.96,2025-11-17 16:41:20.312479+00:00
37d803ce-ea08-4474-b808-329efeb8536b,34.69,32.96,2025-11-17 16:41:20.312479+00:00
883843bc-6532-48db-9691-6dd54f902ab4,34.69,32.96,2025-11-17 16:41:20.312479+00:00
3e6f1a6f-09da-4a14-bae8-f73d3eeb513a,34.69,32.96,2025-11-17 16:41:20.312479+00:00
fec90e79-0355-4e37-9f8c-37c3041a1984,34.69,32.96,2025-11-17 16:41:20.312479+00:00
7ef80ad0-b3a5-43b9-9246-9a2d5f5ab065,34.69,32.96,2025-11-17 16:41:20.312479+00:00
cb4407ad-3024-4a80-8b0b-a83a4303b461,34.69,32.96,2025-11-17 16:41:20.312479+00:00
63029f3f-bc9f-40c5-8d12-42738c8828d7,34.69,32.96,2025-11-17 16:41:20.312479+00:00
803e6808-29f1-4f29-a05f-59d2b2c01a13,34.69,32.96,2025-11-17 16:41:20.312479+00:00
a0cf5a06-0bbc-4e3f-a940-89f14bf13beb,34.69,32.96,2025-11-17 16:41:20.312479+00:00
5cc30b69-1724-40a7-9e6d-2c0b9258b954,34.69,32.96,2025-11-17 16:41:20.312479+00:00
8a448888-ec6b-4daa-a61c-7cd389cd1c82,34.69,32.96,2025-11-17 16:41:20.312479+00:00
0458ce11-4ebc-4ae4-a599-13d00e36b612,34.69,32.96,2025-11-17 16:41:20.312479+00:00
9e9152df-1182-42fa-8359-734f0515f35a,34.69,32.96,2025-11-17 16:41:20.312479+00:00
a63f1ff7-6b77-4bab-a189-4520c8dd3589,34.69,32.96,2025-11-17 16:41:20.312479+00:00
b719a588-54a7-4a2f-82d5-b0743cc4baa2,34.69,32.96,2025-11-17 16:41:20.312479+00:00
ce4f61b3-6867-4dec-8860-bcaac6cce845,34.69,32.96,2025-11-17 16:41:20.312479+00:00
9fdcacc1-7626-473d-93b5-3675912b4716,34.69,32.96,2025-11-17 16:41:20.312479+00:00
28b22bcf-e359-4c4b-ba6e-6cebc28b8f3a,34.69,32.96,2025-11-17 16:41:20.312479+00:00
c31cb32f-afba-45d7-b7d4-622b717ee611,34.69,32.96,2025-11-17 16:41:20.312479+00:00
08fe6b87-edc4-4795-a66a-dfceae597cf6,34.69,32.96,2025-11-17 16:41:20.312479+00:00
06259128-8c6e-4dc9-b557-16681880338a,34.69,32.96,2025-11-17 16:41:20.312479+00:00
6bb1fb1d-ec01-4cc0-8752-12211638ea42,34.69,32.96,2025-11-17 16:41:20.312479+00:00
3872d40d-8d03-4f5f-9830-5c694be384be,34.69,32.96,2025-11-17 16:41:20.312479+00:00
235c33f6-814a-48c3-8983-e59e5670d0be,34.69,32.96,2025-11-17 16:41:20.312479+00:00
619c46db-5913-4241-b23c-163eba898086,34.69,32.96,2025-11-17 16:41:20.312479+00:00
30a36a8f-6cc7-4980-9942-86117e70b094,34.69,32.96,2025-11-17 16:41:20.312479+00:00
df56edb5-433b-4361-b2db-5f90526d8f14,34.69,32.96,2025-11-17 16:41:20.312479+00:00
afdd7335-d49c-431a-b0c4-6cd8479b3021,34.69,32.96,2025-11-17 16:41:20.312479+00:00
0f2bd20e-9242-41fb-bafe-3a8bff7dceb1,34.69,32.96,2025-11-17 16:41:20.312479+00:00
79982bd0-f203-49af-9b93-213f0bc45426,34.69,32.96,2025-11-17 16:41:20.312479+00:00
98a9e0f6-8aba-4edb-91bd-195ba448519b,34.69,32.96,2025-11-17 16:41:20.312479+00:00
c7eac8ec-463f-44d4-a497-787ddea6d470,34.69,32.96,2025-11-17 16:41:20.312479+00:00
5838b75a-7b26-4907-aece-d3b8373f76e1,34.69,32.96,2025-11-17 16:41:20.312479+00:00
